Copyright 1986-2019 Xilinx, Inc. All Rights Reserved.
--------------------------------------------------------------------------------------------------------
| Tool Version : Vivado v.2018.3.1 (lin64) Build 2489853 Tue Mar 26 04:18:30 MDT 2019
| Date         : Tue Mar 31 12:07:30 2026
| Host         : debian running 64-bit Debian GNU/Linux 13 (trixie)
| Command      : report_timing -nworst 1 -delay_type max -sort_by group -file reports/ariane.timing.rpt
| Design       : ariane_xilinx
| Device       : 7k325t-ffg900
| Speed File   : -2  PRODUCTION 1.12 2017-02-17
--------------------------------------------------------------------------------------------------------

Timing Report

Slack (MET) :             0.177ns  (required time - arrival time)
  Source:                 i_ddr/u_xlnx_mig_7_ddr3_mig/u_memc_ui_top_axi/mem_intfc0/ddr_phy_top0/u_ddr_mc_phy_wrapper/u_ddr_mc_phy/ddr_phy_4lanes_1.u_ddr_phy_4lanes/phy_control_i/MEMREFCLK
                            (rising edge-triggered cell PHY_CONTROL clocked by mem_refclk  {rise@0.000ns fall@0.625ns period=1.250ns})
  Destination:            i_ddr/u_xlnx_mig_7_ddr3_mig/u_memc_ui_top_axi/mem_intfc0/ddr_phy_top0/u_ddr_mc_phy_wrapper/u_ddr_mc_phy/ddr_phy_4lanes_0.u_ddr_phy_4lanes/phy_control_i/PHYCTLMSTREMPTY
                            (rising edge-triggered cell PHY_CONTROL clocked by mem_refclk  {rise@0.000ns fall@0.625ns period=1.250ns})
  Path Group:             mem_refclk
  Path Type:              Setup (Max at Slow Process Corner)
  Requirement:            1.250ns  (mem_refclk rise@1.250ns - mem_refclk rise@0.000ns)
  Data Path Delay:        1.183ns  (logic 0.576ns (48.690%)  route 0.607ns (51.310%))
  Logic Levels:           0  
  Clock Path Skew:        0.165ns (DCD - SCD + CPR)
    Destination Clock Delay (DCD):    2.884ns = ( 4.134 - 1.250 ) 
    Source Clock Delay      (SCD):    2.975ns
    Clock Pessimism Removal (CPR):    0.255ns
  Clock Uncertainty:      0.047ns  ((TSJ^2 + DJ^2)^1/2) / 2 + PE
    Total System Jitter     (TSJ):    0.071ns
    Discrete Jitter          (DJ):    0.061ns
    Phase Error              (PE):    0.000ns

    Location             Delay type                Incr(ns)  Path(ns)    Netlist Resource(s)
  -------------------------------------------------------------------    -------------------
                         (clock mem_refclk rise edge)
                                                      0.000     0.000 r  
    AD12                                              0.000     0.000 r  sys_clk_p (IN)
                         net (fo=0)                   0.000     0.000    i_ddr/u_xlnx_mig_7_ddr3_mig/u_ddr3_clk_ibuf/sys_clk_p
    AD12                 IBUFDS (Prop_ibufds_I_O)     0.832     0.832 r  i_ddr/u_xlnx_mig_7_ddr3_mig/u_ddr3_clk_ibuf/diff_input_clk.u_ibufg_sys_clk/O
                         net (fo=3, routed)           1.098     1.930    i_ddr/u_xlnx_mig_7_ddr3_mig/u_ddr3_infrastructure/out
    PLLE2_ADV_X1Y1       PLLE2_ADV (Prop_plle2_adv_CLKIN1_CLKOUT1)
                                                      0.077     2.007 r  i_ddr/u_xlnx_mig_7_ddr3_mig/u_ddr3_infrastructure/plle2_i/CLKOUT1
                         net (fo=14, routed)          0.968     2.975    i_ddr/u_xlnx_mig_7_ddr3_mig/u_memc_ui_top_axi/mem_intfc0/ddr_phy_top0/u_ddr_mc_phy_wrapper/u_ddr_mc_phy/ddr_phy_4lanes_1.u_ddr_phy_4lanes/mem_refclk
    PHY_CONTROL_X1Y1     PHY_CONTROL                                  r  i_ddr/u_xlnx_mig_7_ddr3_mig/u_memc_ui_top_axi/mem_intfc0/ddr_phy_top0/u_ddr_mc_phy_wrapper/u_ddr_mc_phy/ddr_phy_4lanes_1.u_ddr_phy_4lanes/phy_control_i/MEMREFCLK
  -------------------------------------------------------------------    -------------------
    PHY_CONTROL_X1Y1     PHY_CONTROL (Prop_phy_control_MEMREFCLK_PHYCTLEMPTY)
                                                      0.576     3.551 r  i_ddr/u_xlnx_mig_7_ddr3_mig/u_memc_ui_top_axi/mem_intfc0/ddr_phy_top0/u_ddr_mc_phy_wrapper/u_ddr_mc_phy/ddr_phy_4lanes_1.u_ddr_phy_4lanes/phy_control_i/PHYCTLEMPTY
                         net (fo=2, routed)           0.607     4.158    i_ddr/u_xlnx_mig_7_ddr3_mig/u_memc_ui_top_axi/mem_intfc0/ddr_phy_top0/u_ddr_mc_phy_wrapper/u_ddr_mc_phy/ddr_phy_4lanes_0.u_ddr_phy_4lanes/phy_ctl_mstr_empty
    PHY_CONTROL_X1Y2     PHY_CONTROL                                  r  i_ddr/u_xlnx_mig_7_ddr3_mig/u_memc_ui_top_axi/mem_intfc0/ddr_phy_top0/u_ddr_mc_phy_wrapper/u_ddr_mc_phy/ddr_phy_4lanes_0.u_ddr_phy_4lanes/phy_control_i/PHYCTLMSTREMPTY
  -------------------------------------------------------------------    -------------------

                         (clock mem_refclk rise edge)
                                                      1.250     1.250 r  
    AD12                                              0.000     1.250 r  sys_clk_p (IN)
                         net (fo=0)                   0.000     1.250    i_ddr/u_xlnx_mig_7_ddr3_mig/u_ddr3_clk_ibuf/sys_clk_p
    AD12                 IBUFDS (Prop_ibufds_I_O)     0.735     1.985 r  i_ddr/u_xlnx_mig_7_ddr3_mig/u_ddr3_clk_ibuf/diff_input_clk.u_ibufg_sys_clk/O
                         net (fo=3, routed)           1.001     2.986    i_ddr/u_xlnx_mig_7_ddr3_mig/u_ddr3_infrastructure/out
    PLLE2_ADV_X1Y1       PLLE2_ADV (Prop_plle2_adv_CLKIN1_CLKOUT1)
                                                      0.073     3.059 r  i_ddr/u_xlnx_mig_7_ddr3_mig/u_ddr3_infrastructure/plle2_i/CLKOUT1
                         net (fo=14, routed)          1.075     4.134    i_ddr/u_xlnx_mig_7_ddr3_mig/u_memc_ui_top_axi/mem_intfc0/ddr_phy_top0/u_ddr_mc_phy_wrapper/u_ddr_mc_phy/ddr_phy_4lanes_0.u_ddr_phy_4lanes/mem_refclk
    PHY_CONTROL_X1Y2     PHY_CONTROL                                  r  i_ddr/u_xlnx_mig_7_ddr3_mig/u_memc_ui_top_axi/mem_intfc0/ddr_phy_top0/u_ddr_mc_phy_wrapper/u_ddr_mc_phy/ddr_phy_4lanes_0.u_ddr_phy_4lanes/phy_control_i/MEMREFCLK
                         clock pessimism              0.255     4.390    
                         clock uncertainty           -0.047     4.343    
    PHY_CONTROL_X1Y2     PHY_CONTROL (Setup_phy_control_MEMREFCLK_PHYCTLMSTREMPTY)
                                                     -0.008     4.335    i_ddr/u_xlnx_mig_7_ddr3_mig/u_memc_ui_top_axi/mem_intfc0/ddr_phy_top0/u_ddr_mc_phy_wrapper/u_ddr_mc_phy/ddr_phy_4lanes_0.u_ddr_phy_4lanes/phy_control_i
  -------------------------------------------------------------------
                         required time                          4.335    
                         arrival time                          -4.158    
  -------------------------------------------------------------------
                         slack                                  0.177    

Slack (MET) :             0.183ns  (required time - arrival time)
  Source:                 i_ddr/u_xlnx_mig_7_ddr3_mig/u_memc_ui_top_axi/mem_intfc0/ddr_phy_top0/u_ddr_mc_phy_wrapper/u_ddr_mc_phy/ddr_phy_4lanes_0.u_ddr_phy_4lanes/ddr_byte_lane_B.ddr_byte_lane_B/phaser_out/OCLKDELAYED
                            (rising edge-triggered cell PHASER_OUT_PHY clocked by oserdes_clk_1'  {rise@0.000ns fall@0.625ns period=1.250ns})
  Destination:            i_ddr/u_xlnx_mig_7_ddr3_mig/u_memc_ui_top_axi/mem_intfc0/ddr_phy_top0/u_ddr_mc_phy_wrapper/u_ddr_mc_phy/ddr_phy_4lanes_0.u_ddr_phy_4lanes/ddr_byte_lane_B.ddr_byte_lane_B/ddr_byte_group_io/dqs_gen.oddr_dqsts/D1
                            (rising edge-triggered cell ODDR clocked by oserdes_clk_1'  {rise@0.000ns fall@0.625ns period=1.250ns})
  Path Group:             oserdes_clk_1
  Path Type:              Setup (Max at Slow Process Corner)
  Requirement:            1.250ns  (oserdes_clk_1 fall@1.875ns - oserdes_clk_1 fall@0.625ns)
  Data Path Delay:        0.750ns  (logic 0.459ns (61.175%)  route 0.291ns (38.824%))
  Logic Levels:           0  
  Clock Path Skew:        0.288ns (DCD - SCD + CPR)
    Destination Clock Delay (DCD):    6.376ns = ( 8.251 - 1.875 ) 
    Source Clock Delay      (SCD):    6.506ns = ( 7.131 - 0.625 ) 
    Clock Pessimism Removal (CPR):    0.418ns
  Clock Uncertainty:      0.047ns  ((TSJ^2 + DJ^2)^1/2) / 2 + PE
    Total System Jitter     (TSJ):    0.071ns
    Discrete Jitter          (DJ):    0.061ns
    Phase Error              (PE):    0.000ns

    Location             Delay type                Incr(ns)  Path(ns)    Netlist Resource(s)
  -------------------------------------------------------------------    -------------------
                         (clock oserdes_clk_1 fall edge)
                                                      0.625     0.625 f  
    AD12                                              0.000     0.625 f  sys_clk_p (IN)
                         net (fo=0)                   0.000     0.625    i_ddr/u_xlnx_mig_7_ddr3_mig/u_ddr3_clk_ibuf/sys_clk_p
    AD12                 IBUFDS (Prop_ibufds_I_O)     0.832     1.457 f  i_ddr/u_xlnx_mig_7_ddr3_mig/u_ddr3_clk_ibuf/diff_input_clk.u_ibufg_sys_clk/O
                         net (fo=3, routed)           1.098     2.555    i_ddr/u_xlnx_mig_7_ddr3_mig/u_ddr3_infrastructure/out
    PLLE2_ADV_X1Y1       PLLE2_ADV (Prop_plle2_adv_CLKIN1_CLKOUT1)
                                                      0.077     2.632 f  i_ddr/u_xlnx_mig_7_ddr3_mig/u_ddr3_infrastructure/plle2_i/CLKOUT1
                         net (fo=14, routed)          1.188     3.820    i_ddr/u_xlnx_mig_7_ddr3_mig/u_memc_ui_top_axi/mem_intfc0/ddr_phy_top0/u_ddr_mc_phy_wrapper/u_ddr_mc_phy/ddr_phy_4lanes_0.u_ddr_phy_4lanes/ddr_byte_lane_B.ddr_byte_lane_B/mem_refclk
    PHASER_OUT_PHY_X1Y9  PHASER_OUT_PHY (Prop_phaser_out_phy_MEMREFCLK_OCLK)
                                                      2.083     5.903 f  i_ddr/u_xlnx_mig_7_ddr3_mig/u_memc_ui_top_axi/mem_intfc0/ddr_phy_top0/u_ddr_mc_phy_wrapper/u_ddr_mc_phy/ddr_phy_4lanes_0.u_ddr_phy_4lanes/ddr_byte_lane_B.ddr_byte_lane_B/phaser_out/OCLK
    PHASER_OUT_PHY_X1Y9  PHASER_OUT_PHY (Prop_phaser_out_phy_OCLK_OCLKDELAYED)
                                                      1.229     7.131 r  i_ddr/u_xlnx_mig_7_ddr3_mig/u_memc_ui_top_axi/mem_intfc0/ddr_phy_top0/u_ddr_mc_phy_wrapper/u_ddr_mc_phy/ddr_phy_4lanes_0.u_ddr_phy_4lanes/ddr_byte_lane_B.ddr_byte_lane_B/phaser_out/OCLKDELAYED
  -------------------------------------------------------------------    -------------------
    PHASER_OUT_PHY_X1Y9  PHASER_OUT_PHY (Prop_phaser_out_phy_OCLKDELAYED_CTSBUS[0])
                                                      0.459     7.590 r  i_ddr/u_xlnx_mig_7_ddr3_mig/u_memc_ui_top_axi/mem_intfc0/ddr_phy_top0/u_ddr_mc_phy_wrapper/u_ddr_mc_phy/ddr_phy_4lanes_0.u_ddr_phy_4lanes/ddr_byte_lane_B.ddr_byte_lane_B/phaser_out/CTSBUS[0]
                         net (fo=2, routed)           0.291     7.882    i_ddr/u_xlnx_mig_7_ddr3_mig/u_memc_ui_top_axi/mem_intfc0/ddr_phy_top0/u_ddr_mc_phy_wrapper/u_ddr_mc_phy/ddr_phy_4lanes_0.u_ddr_phy_4lanes/ddr_byte_lane_B.ddr_byte_lane_B/ddr_byte_group_io/CTSBUS[0]
    OLOGIC_X1Y120        ODDR                                         r  i_ddr/u_xlnx_mig_7_ddr3_mig/u_memc_ui_top_axi/mem_intfc0/ddr_phy_top0/u_ddr_mc_phy_wrapper/u_ddr_mc_phy/ddr_phy_4lanes_0.u_ddr_phy_4lanes/ddr_byte_lane_B.ddr_byte_lane_B/ddr_byte_group_io/dqs_gen.oddr_dqsts/D1
  -------------------------------------------------------------------    -------------------

                         (clock oserdes_clk_1 fall edge)
                                                      1.875     1.875 f  
    AD12                                              0.000     1.875 f  sys_clk_p (IN)
                         net (fo=0)                   0.000     1.875    i_ddr/u_xlnx_mig_7_ddr3_mig/u_ddr3_clk_ibuf/sys_clk_p
    AD12                 IBUFDS (Prop_ibufds_I_O)     0.735     2.610 f  i_ddr/u_xlnx_mig_7_ddr3_mig/u_ddr3_clk_ibuf/diff_input_clk.u_ibufg_sys_clk/O
                         net (fo=3, routed)           1.001     3.611    i_ddr/u_xlnx_mig_7_ddr3_mig/u_ddr3_infrastructure/out
    PLLE2_ADV_X1Y1       PLLE2_ADV (Prop_plle2_adv_CLKIN1_CLKOUT1)
                                                      0.073     3.684 f  i_ddr/u_xlnx_mig_7_ddr3_mig/u_ddr3_infrastructure/plle2_i/CLKOUT1
                         net (fo=14, routed)          1.061     4.745    i_ddr/u_xlnx_mig_7_ddr3_mig/u_memc_ui_top_axi/mem_intfc0/ddr_phy_top0/u_ddr_mc_phy_wrapper/u_ddr_mc_phy/ddr_phy_4lanes_0.u_ddr_phy_4lanes/ddr_byte_lane_B.ddr_byte_lane_B/mem_refclk
    PHASER_OUT_PHY_X1Y9  PHASER_OUT_PHY (Prop_phaser_out_phy_MEMREFCLK_OCLK)
                                                      2.027     6.772 f  i_ddr/u_xlnx_mig_7_ddr3_mig/u_memc_ui_top_axi/mem_intfc0/ddr_phy_top0/u_ddr_mc_phy_wrapper/u_ddr_mc_phy/ddr_phy_4lanes_0.u_ddr_phy_4lanes/ddr_byte_lane_B.ddr_byte_lane_B/phaser_out/OCLK
    PHASER_OUT_PHY_X1Y9  PHASER_OUT_PHY (Prop_phaser_out_phy_OCLK_OCLKDELAYED)
                                                      1.191     7.963 r  i_ddr/u_xlnx_mig_7_ddr3_mig/u_memc_ui_top_axi/mem_intfc0/ddr_phy_top0/u_ddr_mc_phy_wrapper/u_ddr_mc_phy/ddr_phy_4lanes_0.u_ddr_phy_4lanes/ddr_byte_lane_B.ddr_byte_lane_B/phaser_out/OCLKDELAYED
                         net (fo=2, routed)           0.288     8.251    i_ddr/u_xlnx_mig_7_ddr3_mig/u_memc_ui_top_axi/mem_intfc0/ddr_phy_top0/u_ddr_mc_phy_wrapper/u_ddr_mc_phy/ddr_phy_4lanes_0.u_ddr_phy_4lanes/ddr_byte_lane_B.ddr_byte_lane_B/ddr_byte_group_io/oserdes_clk_delayed
    OLOGIC_X1Y120        ODDR                                         r  i_ddr/u_xlnx_mig_7_ddr3_mig/u_memc_ui_top_axi/mem_intfc0/ddr_phy_top0/u_ddr_mc_phy_wrapper/u_ddr_mc_phy/ddr_phy_4lanes_0.u_ddr_phy_4lanes/ddr_byte_lane_B.ddr_byte_lane_B/ddr_byte_group_io/dqs_gen.oddr_dqsts/C
                         clock pessimism              0.418     8.669    
                         clock uncertainty           -0.047     8.623    
    OLOGIC_X1Y120        ODDR (Setup_oddr_C_D1)      -0.558     8.065    i_ddr/u_xlnx_mig_7_ddr3_mig/u_memc_ui_top_axi/mem_intfc0/ddr_phy_top0/u_ddr_mc_phy_wrapper/u_ddr_mc_phy/ddr_phy_4lanes_0.u_ddr_phy_4lanes/ddr_byte_lane_B.ddr_byte_lane_B/ddr_byte_group_io/dqs_gen.oddr_dqsts
  -------------------------------------------------------------------
                         required time                          8.065    
                         arrival time                          -7.882    
  -------------------------------------------------------------------
                         slack                                  0.183    

Slack (MET) :             0.191ns  (required time - arrival time)
  Source:                 i_ddr/u_xlnx_mig_7_ddr3_mig/u_memc_ui_top_axi/mem_intfc0/ddr_phy_top0/u_ddr_mc_phy_wrapper/u_ddr_mc_phy/ddr_phy_4lanes_0.u_ddr_phy_4lanes/ddr_byte_lane_C.ddr_byte_lane_C/phaser_out/OCLKDELAYED
                            (rising edge-triggered cell PHASER_OUT_PHY clocked by oserdes_clk_2'  {rise@0.000ns fall@0.625ns period=1.250ns})
  Destination:            i_ddr/u_xlnx_mig_7_ddr3_mig/u_memc_ui_top_axi/mem_intfc0/ddr_phy_top0/u_ddr_mc_phy_wrapper/u_ddr_mc_phy/ddr_phy_4lanes_0.u_ddr_phy_4lanes/ddr_byte_lane_C.ddr_byte_lane_C/ddr_byte_group_io/dqs_gen.oddr_dqsts/D1
                            (rising edge-triggered cell ODDR clocked by oserdes_clk_2'  {rise@0.000ns fall@0.625ns period=1.250ns})
  Path Group:             oserdes_clk_2
  Path Type:              Setup (Max at Slow Process Corner)
  Requirement:            1.250ns  (oserdes_clk_2 fall@1.875ns - oserdes_clk_2 fall@0.625ns)
  Data Path Delay:        0.750ns  (logic 0.459ns (61.175%)  route 0.291ns (38.824%))
  Logic Levels:           0  
  Clock Path Skew:        0.296ns (DCD - SCD + CPR)
    Destination Clock Delay (DCD):    6.393ns = ( 8.268 - 1.875 ) 
    Source Clock Delay      (SCD):    6.516ns = ( 7.141 - 0.625 ) 
    Clock Pessimism Removal (CPR):    0.419ns
  Clock Uncertainty:      0.047ns  ((TSJ^2 + DJ^2)^1/2) / 2 + PE
    Total System Jitter     (TSJ):    0.071ns
    Discrete Jitter          (DJ):    0.061ns
    Phase Error              (PE):    0.000ns

    Location             Delay type                Incr(ns)  Path(ns)    Netlist Resource(s)
  -------------------------------------------------------------------    -------------------
                         (clock oserdes_clk_2 fall edge)
                                                      0.625     0.625 f  
    AD12                                              0.000     0.625 f  sys_clk_p (IN)
                         net (fo=0)                   0.000     0.625    i_ddr/u_xlnx_mig_7_ddr3_mig/u_ddr3_clk_ibuf/sys_clk_p
    AD12                 IBUFDS (Prop_ibufds_I_O)     0.832     1.457 f  i_ddr/u_xlnx_mig_7_ddr3_mig/u_ddr3_clk_ibuf/diff_input_clk.u_ibufg_sys_clk/O
                         net (fo=3, routed)           1.098     2.555    i_ddr/u_xlnx_mig_7_ddr3_mig/u_ddr3_infrastructure/out
    PLLE2_ADV_X1Y1       PLLE2_ADV (Prop_plle2_adv_CLKIN1_CLKOUT1)
                                                      0.077     2.632 f  i_ddr/u_xlnx_mig_7_ddr3_mig/u_ddr3_infrastructure/plle2_i/CLKOUT1
                         net (fo=14, routed)          1.198     3.830    i_ddr/u_xlnx_mig_7_ddr3_mig/u_memc_ui_top_axi/mem_intfc0/ddr_phy_top0/u_ddr_mc_phy_wrapper/u_ddr_mc_phy/ddr_phy_4lanes_0.u_ddr_phy_4lanes/ddr_byte_lane_C.ddr_byte_lane_C/mem_refclk
    PHASER_OUT_PHY_X1Y10 PHASER_OUT_PHY (Prop_phaser_out_phy_MEMREFCLK_OCLK)
                                                      2.083     5.913 f  i_ddr/u_xlnx_mig_7_ddr3_mig/u_memc_ui_top_axi/mem_intfc0/ddr_phy_top0/u_ddr_mc_phy_wrapper/u_ddr_mc_phy/ddr_phy_4lanes_0.u_ddr_phy_4lanes/ddr_byte_lane_C.ddr_byte_lane_C/phaser_out/OCLK
    PHASER_OUT_PHY_X1Y10 PHASER_OUT_PHY (Prop_phaser_out_phy_OCLK_OCLKDELAYED)
                                                      1.229     7.141 r  i_ddr/u_xlnx_mig_7_ddr3_mig/u_memc_ui_top_axi/mem_intfc0/ddr_phy_top0/u_ddr_mc_phy_wrapper/u_ddr_mc_phy/ddr_phy_4lanes_0.u_ddr_phy_4lanes/ddr_byte_lane_C.ddr_byte_lane_C/phaser_out/OCLKDELAYED
  -------------------------------------------------------------------    -------------------
    PHASER_OUT_PHY_X1Y10 PHASER_OUT_PHY (Prop_phaser_out_phy_OCLKDELAYED_CTSBUS[0])
                                                      0.459     7.600 r  i_ddr/u_xlnx_mig_7_ddr3_mig/u_memc_ui_top_axi/mem_intfc0/ddr_phy_top0/u_ddr_mc_phy_wrapper/u_ddr_mc_phy/ddr_phy_4lanes_0.u_ddr_phy_4lanes/ddr_byte_lane_C.ddr_byte_lane_C/phaser_out/CTSBUS[0]
                         net (fo=2, routed)           0.291     7.892    i_ddr/u_xlnx_mig_7_ddr3_mig/u_memc_ui_top_axi/mem_intfc0/ddr_phy_top0/u_ddr_mc_phy_wrapper/u_ddr_mc_phy/ddr_phy_4lanes_0.u_ddr_phy_4lanes/ddr_byte_lane_C.ddr_byte_lane_C/ddr_byte_group_io/CTSBUS[0]
    OLOGIC_X1Y132        ODDR                                         r  i_ddr/u_xlnx_mig_7_ddr3_mig/u_memc_ui_top_axi/mem_intfc0/ddr_phy_top0/u_ddr_mc_phy_wrapper/u_ddr_mc_phy/ddr_phy_4lanes_0.u_ddr_phy_4lanes/ddr_byte_lane_C.ddr_byte_lane_C/ddr_byte_group_io/dqs_gen.oddr_dqsts/D1
  -------------------------------------------------------------------    -------------------

                         (clock oserdes_clk_2 fall edge)
                                                      1.875     1.875 f  
    AD12                                              0.000     1.875 f  sys_clk_p (IN)
                         net (fo=0)                   0.000     1.875    i_ddr/u_xlnx_mig_7_ddr3_mig/u_ddr3_clk_ibuf/sys_clk_p
    AD12                 IBUFDS (Prop_ibufds_I_O)     0.735     2.610 f  i_ddr/u_xlnx_mig_7_ddr3_mig/u_ddr3_clk_ibuf/diff_input_clk.u_ibufg_sys_clk/O
                         net (fo=3, routed)           1.001     3.611    i_ddr/u_xlnx_mig_7_ddr3_mig/u_ddr3_infrastructure/out
    PLLE2_ADV_X1Y1       PLLE2_ADV (Prop_plle2_adv_CLKIN1_CLKOUT1)
                                                      0.073     3.684 f  i_ddr/u_xlnx_mig_7_ddr3_mig/u_ddr3_infrastructure/plle2_i/CLKOUT1
                         net (fo=14, routed)          1.070     4.754    i_ddr/u_xlnx_mig_7_ddr3_mig/u_memc_ui_top_axi/mem_intfc0/ddr_phy_top0/u_ddr_mc_phy_wrapper/u_ddr_mc_phy/ddr_phy_4lanes_0.u_ddr_phy_4lanes/ddr_byte_lane_C.ddr_byte_lane_C/mem_refclk
    PHASER_OUT_PHY_X1Y10 PHASER_OUT_PHY (Prop_phaser_out_phy_MEMREFCLK_OCLK)
                                                      2.027     6.781 f  i_ddr/u_xlnx_mig_7_ddr3_mig/u_memc_ui_top_axi/mem_intfc0/ddr_phy_top0/u_ddr_mc_phy_wrapper/u_ddr_mc_phy/ddr_phy_4lanes_0.u_ddr_phy_4lanes/ddr_byte_lane_C.ddr_byte_lane_C/phaser_out/OCLK
    PHASER_OUT_PHY_X1Y10 PHASER_OUT_PHY (Prop_phaser_out_phy_OCLK_OCLKDELAYED)
                                                      1.191     7.972 r  i_ddr/u_xlnx_mig_7_ddr3_mig/u_memc_ui_top_axi/mem_intfc0/ddr_phy_top0/u_ddr_mc_phy_wrapper/u_ddr_mc_phy/ddr_phy_4lanes_0.u_ddr_phy_4lanes/ddr_byte_lane_C.ddr_byte_lane_C/phaser_out/OCLKDELAYED
                         net (fo=2, routed)           0.296     8.268    i_ddr/u_xlnx_mig_7_ddr3_mig/u_memc_ui_top_axi/mem_intfc0/ddr_phy_top0/u_ddr_mc_phy_wrapper/u_ddr_mc_phy/ddr_phy_4lanes_0.u_ddr_phy_4lanes/ddr_byte_lane_C.ddr_byte_lane_C/ddr_byte_group_io/oserdes_clk_delayed
    OLOGIC_X1Y132        ODDR                                         r  i_ddr/u_xlnx_mig_7_ddr3_mig/u_memc_ui_top_axi/mem_intfc0/ddr_phy_top0/u_ddr_mc_phy_wrapper/u_ddr_mc_phy/ddr_phy_4lanes_0.u_ddr_phy_4lanes/ddr_byte_lane_C.ddr_byte_lane_C/ddr_byte_group_io/dqs_gen.oddr_dqsts/C
                         clock pessimism              0.419     8.687    
                         clock uncertainty           -0.047     8.641    
    OLOGIC_X1Y132        ODDR (Setup_oddr_C_D1)      -0.558     8.083    i_ddr/u_xlnx_mig_7_ddr3_mig/u_memc_ui_top_axi/mem_intfc0/ddr_phy_top0/u_ddr_mc_phy_wrapper/u_ddr_mc_phy/ddr_phy_4lanes_0.u_ddr_phy_4lanes/ddr_byte_lane_C.ddr_byte_lane_C/ddr_byte_group_io/dqs_gen.oddr_dqsts
  -------------------------------------------------------------------
                         required time                          8.083    
                         arrival time                          -7.892    
  -------------------------------------------------------------------
                         slack                                  0.191    

Slack (MET) :             0.196ns  (required time - arrival time)
  Source:                 i_ddr/u_xlnx_mig_7_ddr3_mig/u_memc_ui_top_axi/mem_intfc0/ddr_phy_top0/u_ddr_mc_phy_wrapper/u_ddr_mc_phy/ddr_phy_4lanes_0.u_ddr_phy_4lanes/ddr_byte_lane_A.ddr_byte_lane_A/phaser_out/OCLKDELAYED
                            (rising edge-triggered cell PHASER_OUT_PHY clocked by oserdes_clk'  {rise@0.000ns fall@0.625ns period=1.250ns})
  Destination:            i_ddr/u_xlnx_mig_7_ddr3_mig/u_memc_ui_top_axi/mem_intfc0/ddr_phy_top0/u_ddr_mc_phy_wrapper/u_ddr_mc_phy/ddr_phy_4lanes_0.u_ddr_phy_4lanes/ddr_byte_lane_A.ddr_byte_lane_A/ddr_byte_group_io/dqs_gen.oddr_dqsts/D1
                            (rising edge-triggered cell ODDR clocked by oserdes_clk'  {rise@0.000ns fall@0.625ns period=1.250ns})
  Path Group:             oserdes_clk
  Path Type:              Setup (Max at Slow Process Corner)
  Requirement:            1.250ns  (oserdes_clk fall@1.875ns - oserdes_clk fall@0.625ns)
  Data Path Delay:        0.750ns  (logic 0.459ns (61.175%)  route 0.291ns (38.824%))
  Logic Levels:           0  
  Clock Path Skew:        0.301ns (DCD - SCD + CPR)
    Destination Clock Delay (DCD):    6.398ns = ( 8.273 - 1.875 ) 
    Source Clock Delay      (SCD):    6.516ns = ( 7.141 - 0.625 ) 
    Clock Pessimism Removal (CPR):    0.419ns
  Clock Uncertainty:      0.047ns  ((TSJ^2 + DJ^2)^1/2) / 2 + PE
    Total System Jitter     (TSJ):    0.071ns
    Discrete Jitter          (DJ):    0.061ns
    Phase Error              (PE):    0.000ns

    Location             Delay type                Incr(ns)  Path(ns)    Netlist Resource(s)
  -------------------------------------------------------------------    -------------------
                         (clock oserdes_clk fall edge)
                                                      0.625     0.625 f  
    AD12                                              0.000     0.625 f  sys_clk_p (IN)
                         net (fo=0)                   0.000     0.625    i_ddr/u_xlnx_mig_7_ddr3_mig/u_ddr3_clk_ibuf/sys_clk_p
    AD12                 IBUFDS (Prop_ibufds_I_O)     0.832     1.457 f  i_ddr/u_xlnx_mig_7_ddr3_mig/u_ddr3_clk_ibuf/diff_input_clk.u_ibufg_sys_clk/O
                         net (fo=3, routed)           1.098     2.555    i_ddr/u_xlnx_mig_7_ddr3_mig/u_ddr3_infrastructure/out
    PLLE2_ADV_X1Y1       PLLE2_ADV (Prop_plle2_adv_CLKIN1_CLKOUT1)
                                                      0.077     2.632 f  i_ddr/u_xlnx_mig_7_ddr3_mig/u_ddr3_infrastructure/plle2_i/CLKOUT1
                         net (fo=14, routed)          1.198     3.830    i_ddr/u_xlnx_mig_7_ddr3_mig/u_memc_ui_top_axi/mem_intfc0/ddr_phy_top0/u_ddr_mc_phy_wrapper/u_ddr_mc_phy/ddr_phy_4lanes_0.u_ddr_phy_4lanes/ddr_byte_lane_A.ddr_byte_lane_A/mem_refclk
    PHASER_OUT_PHY_X1Y8  PHASER_OUT_PHY (Prop_phaser_out_phy_MEMREFCLK_OCLK)
                                                      2.083     5.913 f  i_ddr/u_xlnx_mig_7_ddr3_mig/u_memc_ui_top_axi/mem_intfc0/ddr_phy_top0/u_ddr_mc_phy_wrapper/u_ddr_mc_phy/ddr_phy_4lanes_0.u_ddr_phy_4lanes/ddr_byte_lane_A.ddr_byte_lane_A/phaser_out/OCLK
    PHASER_OUT_PHY_X1Y8  PHASER_OUT_PHY (Prop_phaser_out_phy_OCLK_OCLKDELAYED)
                                                      1.229     7.141 r  i_ddr/u_xlnx_mig_7_ddr3_mig/u_memc_ui_top_axi/mem_intfc0/ddr_phy_top0/u_ddr_mc_phy_wrapper/u_ddr_mc_phy/ddr_phy_4lanes_0.u_ddr_phy_4lanes/ddr_byte_lane_A.ddr_byte_lane_A/phaser_out/OCLKDELAYED
  -------------------------------------------------------------------    -------------------
    PHASER_OUT_PHY_X1Y8  PHASER_OUT_PHY (Prop_phaser_out_phy_OCLKDELAYED_CTSBUS[0])
                                                      0.459     7.600 r  i_ddr/u_xlnx_mig_7_ddr3_mig/u_memc_ui_top_axi/mem_intfc0/ddr_phy_top0/u_ddr_mc_phy_wrapper/u_ddr_mc_phy/ddr_phy_4lanes_0.u_ddr_phy_4lanes/ddr_byte_lane_A.ddr_byte_lane_A/phaser_out/CTSBUS[0]
                         net (fo=2, routed)           0.291     7.892    i_ddr/u_xlnx_mig_7_ddr3_mig/u_memc_ui_top_axi/mem_intfc0/ddr_phy_top0/u_ddr_mc_phy_wrapper/u_ddr_mc_phy/ddr_phy_4lanes_0.u_ddr_phy_4lanes/ddr_byte_lane_A.ddr_byte_lane_A/ddr_byte_group_io/CTSBUS[0]
    OLOGIC_X1Y108        ODDR                                         r  i_ddr/u_xlnx_mig_7_ddr3_mig/u_memc_ui_top_axi/mem_intfc0/ddr_phy_top0/u_ddr_mc_phy_wrapper/u_ddr_mc_phy/ddr_phy_4lanes_0.u_ddr_phy_4lanes/ddr_byte_lane_A.ddr_byte_lane_A/ddr_byte_group_io/dqs_gen.oddr_dqsts/D1
  -------------------------------------------------------------------    -------------------

                         (clock oserdes_clk fall edge)
                                                      1.875     1.875 f  
    AD12                                              0.000     1.875 f  sys_clk_p (IN)
                         net (fo=0)                   0.000     1.875    i_ddr/u_xlnx_mig_7_ddr3_mig/u_ddr3_clk_ibuf/sys_clk_p
    AD12                 IBUFDS (Prop_ibufds_I_O)     0.735     2.610 f  i_ddr/u_xlnx_mig_7_ddr3_mig/u_ddr3_clk_ibuf/diff_input_clk.u_ibufg_sys_clk/O
                         net (fo=3, routed)           1.001     3.611    i_ddr/u_xlnx_mig_7_ddr3_mig/u_ddr3_infrastructure/out
    PLLE2_ADV_X1Y1       PLLE2_ADV (Prop_plle2_adv_CLKIN1_CLKOUT1)
                                                      0.073     3.684 f  i_ddr/u_xlnx_mig_7_ddr3_mig/u_ddr3_infrastructure/plle2_i/CLKOUT1
                         net (fo=14, routed)          1.070     4.754    i_ddr/u_xlnx_mig_7_ddr3_mig/u_memc_ui_top_axi/mem_intfc0/ddr_phy_top0/u_ddr_mc_phy_wrapper/u_ddr_mc_phy/ddr_phy_4lanes_0.u_ddr_phy_4lanes/ddr_byte_lane_A.ddr_byte_lane_A/mem_refclk
    PHASER_OUT_PHY_X1Y8  PHASER_OUT_PHY (Prop_phaser_out_phy_MEMREFCLK_OCLK)
                                                      2.027     6.781 f  i_ddr/u_xlnx_mig_7_ddr3_mig/u_memc_ui_top_axi/mem_intfc0/ddr_phy_top0/u_ddr_mc_phy_wrapper/u_ddr_mc_phy/ddr_phy_4lanes_0.u_ddr_phy_4lanes/ddr_byte_lane_A.ddr_byte_lane_A/phaser_out/OCLK
    PHASER_OUT_PHY_X1Y8  PHASER_OUT_PHY (Prop_phaser_out_phy_OCLK_OCLKDELAYED)
                                                      1.191     7.972 r  i_ddr/u_xlnx_mig_7_ddr3_mig/u_memc_ui_top_axi/mem_intfc0/ddr_phy_top0/u_ddr_mc_phy_wrapper/u_ddr_mc_phy/ddr_phy_4lanes_0.u_ddr_phy_4lanes/ddr_byte_lane_A.ddr_byte_lane_A/phaser_out/OCLKDELAYED
                         net (fo=2, routed)           0.301     8.273    i_ddr/u_xlnx_mig_7_ddr3_mig/u_memc_ui_top_axi/mem_intfc0/ddr_phy_top0/u_ddr_mc_phy_wrapper/u_ddr_mc_phy/ddr_phy_4lanes_0.u_ddr_phy_4lanes/ddr_byte_lane_A.ddr_byte_lane_A/ddr_byte_group_io/oserdes_clk_delayed
    OLOGIC_X1Y108        ODDR                                         r  i_ddr/u_xlnx_mig_7_ddr3_mig/u_memc_ui_top_axi/mem_intfc0/ddr_phy_top0/u_ddr_mc_phy_wrapper/u_ddr_mc_phy/ddr_phy_4lanes_0.u_ddr_phy_4lanes/ddr_byte_lane_A.ddr_byte_lane_A/ddr_byte_group_io/dqs_gen.oddr_dqsts/C
                         clock pessimism              0.419     8.692    
                         clock uncertainty           -0.047     8.646    
    OLOGIC_X1Y108        ODDR (Setup_oddr_C_D1)      -0.558     8.088    i_ddr/u_xlnx_mig_7_ddr3_mig/u_memc_ui_top_axi/mem_intfc0/ddr_phy_top0/u_ddr_mc_phy_wrapper/u_ddr_mc_phy/ddr_phy_4lanes_0.u_ddr_phy_4lanes/ddr_byte_lane_A.ddr_byte_lane_A/ddr_byte_group_io/dqs_gen.oddr_dqsts
  -------------------------------------------------------------------
                         required time                          8.088    
                         arrival time                          -7.892    
  -------------------------------------------------------------------
                         slack                                  0.196    

Slack (MET) :             0.203ns  (required time - arrival time)
  Source:                 i_ddr/u_xlnx_mig_7_ddr3_mig/u_memc_ui_top_axi/mem_intfc0/ddr_phy_top0/u_ddr_mc_phy_wrapper/u_ddr_mc_phy/ddr_phy_4lanes_0.u_ddr_phy_4lanes/ddr_byte_lane_D.ddr_byte_lane_D/phaser_out/OCLKDELAYED
                            (rising edge-triggered cell PHASER_OUT_PHY clocked by oserdes_clk_3'  {rise@0.000ns fall@0.625ns period=1.250ns})
  Destination:            i_ddr/u_xlnx_mig_7_ddr3_mig/u_memc_ui_top_axi/mem_intfc0/ddr_phy_top0/u_ddr_mc_phy_wrapper/u_ddr_mc_phy/ddr_phy_4lanes_0.u_ddr_phy_4lanes/ddr_byte_lane_D.ddr_byte_lane_D/ddr_byte_group_io/dqs_gen.oddr_dqsts/D1
                            (rising edge-triggered cell ODDR clocked by oserdes_clk_3'  {rise@0.000ns fall@0.625ns period=1.250ns})
  Path Group:             oserdes_clk_3
  Path Type:              Setup (Max at Slow Process Corner)
  Requirement:            1.250ns  (oserdes_clk_3 fall@1.875ns - oserdes_clk_3 fall@0.625ns)
  Data Path Delay:        0.750ns  (logic 0.459ns (61.175%)  route 0.291ns (38.824%))
  Logic Levels:           0  
  Clock Path Skew:        0.308ns (DCD - SCD + CPR)
    Destination Clock Delay (DCD):    6.396ns = ( 8.271 - 1.875 ) 
    Source Clock Delay      (SCD):    6.506ns = ( 7.131 - 0.625 ) 
    Clock Pessimism Removal (CPR):    0.418ns
  Clock Uncertainty:      0.047ns  ((TSJ^2 + DJ^2)^1/2) / 2 + PE
    Total System Jitter     (TSJ):    0.071ns
    Discrete Jitter          (DJ):    0.061ns
    Phase Error              (PE):    0.000ns

    Location             Delay type                Incr(ns)  Path(ns)    Netlist Resource(s)
  -------------------------------------------------------------------    -------------------
                         (clock oserdes_clk_3 fall edge)
                                                      0.625     0.625 f  
    AD12                                              0.000     0.625 f  sys_clk_p (IN)
                         net (fo=0)                   0.000     0.625    i_ddr/u_xlnx_mig_7_ddr3_mig/u_ddr3_clk_ibuf/sys_clk_p
    AD12                 IBUFDS (Prop_ibufds_I_O)     0.832     1.457 f  i_ddr/u_xlnx_mig_7_ddr3_mig/u_ddr3_clk_ibuf/diff_input_clk.u_ibufg_sys_clk/O
                         net (fo=3, routed)           1.098     2.555    i_ddr/u_xlnx_mig_7_ddr3_mig/u_ddr3_infrastructure/out
    PLLE2_ADV_X1Y1       PLLE2_ADV (Prop_plle2_adv_CLKIN1_CLKOUT1)
                                                      0.077     2.632 f  i_ddr/u_xlnx_mig_7_ddr3_mig/u_ddr3_infrastructure/plle2_i/CLKOUT1
                         net (fo=14, routed)          1.188     3.820    i_ddr/u_xlnx_mig_7_ddr3_mig/u_memc_ui_top_axi/mem_intfc0/ddr_phy_top0/u_ddr_mc_phy_wrapper/u_ddr_mc_phy/ddr_phy_4lanes_0.u_ddr_phy_4lanes/ddr_byte_lane_D.ddr_byte_lane_D/mem_refclk
    PHASER_OUT_PHY_X1Y11 PHASER_OUT_PHY (Prop_phaser_out_phy_MEMREFCLK_OCLK)
                                                      2.083     5.903 f  i_ddr/u_xlnx_mig_7_ddr3_mig/u_memc_ui_top_axi/mem_intfc0/ddr_phy_top0/u_ddr_mc_phy_wrapper/u_ddr_mc_phy/ddr_phy_4lanes_0.u_ddr_phy_4lanes/ddr_byte_lane_D.ddr_byte_lane_D/phaser_out/OCLK
    PHASER_OUT_PHY_X1Y11 PHASER_OUT_PHY (Prop_phaser_out_phy_OCLK_OCLKDELAYED)
                                                      1.229     7.131 r  i_ddr/u_xlnx_mig_7_ddr3_mig/u_memc_ui_top_axi/mem_intfc0/ddr_phy_top0/u_ddr_mc_phy_wrapper/u_ddr_mc_phy/ddr_phy_4lanes_0.u_ddr_phy_4lanes/ddr_byte_lane_D.ddr_byte_lane_D/phaser_out/OCLKDELAYED
  -------------------------------------------------------------------    -------------------
    PHASER_OUT_PHY_X1Y11 PHASER_OUT_PHY (Prop_phaser_out_phy_OCLKDELAYED_CTSBUS[0])
                                                      0.459     7.590 r  i_ddr/u_xlnx_mig_7_ddr3_mig/u_memc_ui_top_axi/mem_intfc0/ddr_phy_top0/u_ddr_mc_phy_wrapper/u_ddr_mc_phy/ddr_phy_4lanes_0.u_ddr_phy_4lanes/ddr_byte_lane_D.ddr_byte_lane_D/phaser_out/CTSBUS[0]
                         net (fo=2, routed)           0.291     7.882    i_ddr/u_xlnx_mig_7_ddr3_mig/u_memc_ui_top_axi/mem_intfc0/ddr_phy_top0/u_ddr_mc_phy_wrapper/u_ddr_mc_phy/ddr_phy_4lanes_0.u_ddr_phy_4lanes/ddr_byte_lane_D.ddr_byte_lane_D/ddr_byte_group_io/CTSBUS[0]
    OLOGIC_X1Y144        ODDR                                         r  i_ddr/u_xlnx_mig_7_ddr3_mig/u_memc_ui_top_axi/mem_intfc0/ddr_phy_top0/u_ddr_mc_phy_wrapper/u_ddr_mc_phy/ddr_phy_4lanes_0.u_ddr_phy_4lanes/ddr_byte_lane_D.ddr_byte_lane_D/ddr_byte_group_io/dqs_gen.oddr_dqsts/D1
  -------------------------------------------------------------------    -------------------

                         (clock oserdes_clk_3 fall edge)
                                                      1.875     1.875 f  
    AD12                                              0.000     1.875 f  sys_clk_p (IN)
                         net (fo=0)                   0.000     1.875    i_ddr/u_xlnx_mig_7_ddr3_mig/u_ddr3_clk_ibuf/sys_clk_p
    AD12                 IBUFDS (Prop_ibufds_I_O)     0.735     2.610 f  i_ddr/u_xlnx_mig_7_ddr3_mig/u_ddr3_clk_ibuf/diff_input_clk.u_ibufg_sys_clk/O
                         net (fo=3, routed)           1.001     3.611    i_ddr/u_xlnx_mig_7_ddr3_mig/u_ddr3_infrastructure/out
    PLLE2_ADV_X1Y1       PLLE2_ADV (Prop_plle2_adv_CLKIN1_CLKOUT1)
                                                      0.073     3.684 f  i_ddr/u_xlnx_mig_7_ddr3_mig/u_ddr3_infrastructure/plle2_i/CLKOUT1
                         net (fo=14, routed)          1.061     4.745    i_ddr/u_xlnx_mig_7_ddr3_mig/u_memc_ui_top_axi/mem_intfc0/ddr_phy_top0/u_ddr_mc_phy_wrapper/u_ddr_mc_phy/ddr_phy_4lanes_0.u_ddr_phy_4lanes/ddr_byte_lane_D.ddr_byte_lane_D/mem_refclk
    PHASER_OUT_PHY_X1Y11 PHASER_OUT_PHY (Prop_phaser_out_phy_MEMREFCLK_OCLK)
                                                      2.027     6.772 f  i_ddr/u_xlnx_mig_7_ddr3_mig/u_memc_ui_top_axi/mem_intfc0/ddr_phy_top0/u_ddr_mc_phy_wrapper/u_ddr_mc_phy/ddr_phy_4lanes_0.u_ddr_phy_4lanes/ddr_byte_lane_D.ddr_byte_lane_D/phaser_out/OCLK
    PHASER_OUT_PHY_X1Y11 PHASER_OUT_PHY (Prop_phaser_out_phy_OCLK_OCLKDELAYED)
                                                      1.191     7.963 r  i_ddr/u_xlnx_mig_7_ddr3_mig/u_memc_ui_top_axi/mem_intfc0/ddr_phy_top0/u_ddr_mc_phy_wrapper/u_ddr_mc_phy/ddr_phy_4lanes_0.u_ddr_phy_4lanes/ddr_byte_lane_D.ddr_byte_lane_D/phaser_out/OCLKDELAYED
                         net (fo=2, routed)           0.308     8.271    i_ddr/u_xlnx_mig_7_ddr3_mig/u_memc_ui_top_axi/mem_intfc0/ddr_phy_top0/u_ddr_mc_phy_wrapper/u_ddr_mc_phy/ddr_phy_4lanes_0.u_ddr_phy_4lanes/ddr_byte_lane_D.ddr_byte_lane_D/ddr_byte_group_io/oserdes_clk_delayed
    OLOGIC_X1Y144        ODDR                                         r  i_ddr/u_xlnx_mig_7_ddr3_mig/u_memc_ui_top_axi/mem_intfc0/ddr_phy_top0/u_ddr_mc_phy_wrapper/u_ddr_mc_phy/ddr_phy_4lanes_0.u_ddr_phy_4lanes/ddr_byte_lane_D.ddr_byte_lane_D/ddr_byte_group_io/dqs_gen.oddr_dqsts/C
                         clock pessimism              0.418     8.689    
                         clock uncertainty           -0.047     8.643    
    OLOGIC_X1Y144        ODDR (Setup_oddr_C_D1)      -0.558     8.085    i_ddr/u_xlnx_mig_7_ddr3_mig/u_memc_ui_top_axi/mem_intfc0/ddr_phy_top0/u_ddr_mc_phy_wrapper/u_ddr_mc_phy/ddr_phy_4lanes_0.u_ddr_phy_4lanes/ddr_byte_lane_D.ddr_byte_lane_D/ddr_byte_group_io/dqs_gen.oddr_dqsts
  -------------------------------------------------------------------
                         required time                          8.085    
                         arrival time                          -7.882    
  -------------------------------------------------------------------
                         slack                                  0.203    

Slack (MET) :             0.319ns  (required time - arrival time)
  Source:                 i_ddr/u_xlnx_mig_7_ddr3_mig/u_memc_ui_top_axi/mem_intfc0/ddr_phy_top0/u_ddr_mc_phy_wrapper/u_ddr_mc_phy/ddr_phy_4lanes_0.u_ddr_phy_4lanes/ddr_byte_lane_D.ddr_byte_lane_D/phaser_out/OCLK
                            (rising edge-triggered cell PHASER_OUT_PHY clocked by oserdes_clk_3  {rise@0.000ns fall@0.625ns period=1.250ns})
  Destination:            i_ddr/u_xlnx_mig_7_ddr3_mig/u_memc_ui_top_axi/mem_intfc0/ddr_phy_top0/u_ddr_mc_phy_wrapper/u_ddr_mc_phy/ddr_phy_4lanes_0.u_ddr_phy_4lanes/ddr_byte_lane_D.ddr_byte_lane_D/ddr_byte_group_io/output_[6].oserdes_dq_.ddr.oserdes_dq_i/RST
                            (rising edge-triggered cell OSERDESE2 clocked by oserdes_clkdiv_3  {rise@0.000ns fall@1.250ns period=2.500ns})
  Path Group:             oserdes_clkdiv_3
  Path Type:              Setup (Max at Slow Process Corner)
  Requirement:            2.500ns  (oserdes_clkdiv_3 rise@2.500ns - oserdes_clk_3 rise@0.000ns)
  Data Path Delay:        2.121ns  (logic 0.466ns (21.970%)  route 1.655ns (78.030%))
  Logic Levels:           0  
  Clock Path Skew:        0.440ns (DCD - SCD + CPR)
    Destination Clock Delay (DCD):    5.337ns = ( 7.837 - 2.500 ) 
    Source Clock Delay      (SCD):    5.278ns = ( 6.528 - 1.250 ) 
    Clock Pessimism Removal (CPR):    0.380ns
  Clock Uncertainty:      0.047ns  ((TSJ^2 + DJ^2)^1/2) / 2 + PE
    Total System Jitter     (TSJ):    0.071ns
    Discrete Jitter          (DJ):    0.061ns
    Phase Error              (PE):    0.000ns
  Timing Exception:       MultiCycle Path   Setup -start 2    

    Location             Delay type                Incr(ns)  Path(ns)    Netlist Resource(s)
  -------------------------------------------------------------------    -------------------
                         (clock oserdes_clk_3 rise edge)
                                                      0.000     0.000 r  
    AD12                                              0.000     0.000 r  sys_clk_p (IN)
                         net (fo=0)                   0.000     0.000    i_ddr/u_xlnx_mig_7_ddr3_mig/u_ddr3_clk_ibuf/sys_clk_p
    AD12                 IBUFDS (Prop_ibufds_I_O)     0.832     0.832 r  i_ddr/u_xlnx_mig_7_ddr3_mig/u_ddr3_clk_ibuf/diff_input_clk.u_ibufg_sys_clk/O
                         net (fo=3, routed)           1.098     1.930    i_ddr/u_xlnx_mig_7_ddr3_mig/u_ddr3_infrastructure/out
    PLLE2_ADV_X1Y1       PLLE2_ADV (Prop_plle2_adv_CLKIN1_CLKOUT1)
                                                      0.077     2.007 r  i_ddr/u_xlnx_mig_7_ddr3_mig/u_ddr3_infrastructure/plle2_i/CLKOUT1
                         net (fo=14, routed)          1.188     3.195    i_ddr/u_xlnx_mig_7_ddr3_mig/u_memc_ui_top_axi/mem_intfc0/ddr_phy_top0/u_ddr_mc_phy_wrapper/u_ddr_mc_phy/ddr_phy_4lanes_0.u_ddr_phy_4lanes/ddr_byte_lane_D.ddr_byte_lane_D/mem_refclk
    PHASER_OUT_PHY_X1Y11 PHASER_OUT_PHY (Prop_phaser_out_phy_MEMREFCLK_OCLK)
                                                      2.083     5.278 r  i_ddr/u_xlnx_mig_7_ddr3_mig/u_memc_ui_top_axi/mem_intfc0/ddr_phy_top0/u_ddr_mc_phy_wrapper/u_ddr_mc_phy/ddr_phy_4lanes_0.u_ddr_phy_4lanes/ddr_byte_lane_D.ddr_byte_lane_D/phaser_out/OCLK
  -------------------------------------------------------------------    -------------------
    PHASER_OUT_PHY_X1Y11 PHASER_OUT_PHY (Prop_phaser_out_phy_OCLK_OSERDESRST)
                                                      0.466     5.744 r  i_ddr/u_xlnx_mig_7_ddr3_mig/u_memc_ui_top_axi/mem_intfc0/ddr_phy_top0/u_ddr_mc_phy_wrapper/u_ddr_mc_phy/ddr_phy_4lanes_0.u_ddr_phy_4lanes/ddr_byte_lane_D.ddr_byte_lane_D/phaser_out/OSERDESRST
                         net (fo=10, routed)          1.655     7.399    i_ddr/u_xlnx_mig_7_ddr3_mig/u_memc_ui_top_axi/mem_intfc0/ddr_phy_top0/u_ddr_mc_phy_wrapper/u_ddr_mc_phy/ddr_phy_4lanes_0.u_ddr_phy_4lanes/ddr_byte_lane_D.ddr_byte_lane_D/ddr_byte_group_io/po_oserdes_rst
    OLOGIC_X1Y145        OSERDESE2                                    r  i_ddr/u_xlnx_mig_7_ddr3_mig/u_memc_ui_top_axi/mem_intfc0/ddr_phy_top0/u_ddr_mc_phy_wrapper/u_ddr_mc_phy/ddr_phy_4lanes_0.u_ddr_phy_4lanes/ddr_byte_lane_D.ddr_byte_lane_D/ddr_byte_group_io/output_[6].oserdes_dq_.ddr.oserdes_dq_i/RST
  -------------------------------------------------------------------    -------------------

                         (clock oserdes_clkdiv_3 rise edge)
                                                      2.500     2.500 r  
    AD12                                              0.000     2.500 r  sys_clk_p (IN)
                         net (fo=0)                   0.000     2.500    i_ddr/u_xlnx_mig_7_ddr3_mig/u_ddr3_clk_ibuf/sys_clk_p
    AD12                 IBUFDS (Prop_ibufds_I_O)     0.735     3.235 r  i_ddr/u_xlnx_mig_7_ddr3_mig/u_ddr3_clk_ibuf/diff_input_clk.u_ibufg_sys_clk/O
                         net (fo=3, routed)           1.001     4.236    i_ddr/u_xlnx_mig_7_ddr3_mig/u_ddr3_infrastructure/out
    PLLE2_ADV_X1Y1       PLLE2_ADV (Prop_plle2_adv_CLKIN1_CLKOUT1)
                                                      0.073     4.309 r  i_ddr/u_xlnx_mig_7_ddr3_mig/u_ddr3_infrastructure/plle2_i/CLKOUT1
                         net (fo=14, routed)          1.061     5.370    i_ddr/u_xlnx_mig_7_ddr3_mig/u_memc_ui_top_axi/mem_intfc0/ddr_phy_top0/u_ddr_mc_phy_wrapper/u_ddr_mc_phy/ddr_phy_4lanes_0.u_ddr_phy_4lanes/ddr_byte_lane_D.ddr_byte_lane_D/mem_refclk
    PHASER_OUT_PHY_X1Y11 PHASER_OUT_PHY (Prop_phaser_out_phy_MEMREFCLK_OCLK)
                                                      2.027     7.397 r  i_ddr/u_xlnx_mig_7_ddr3_mig/u_memc_ui_top_axi/mem_intfc0/ddr_phy_top0/u_ddr_mc_phy_wrapper/u_ddr_mc_phy/ddr_phy_4lanes_0.u_ddr_phy_4lanes/ddr_byte_lane_D.ddr_byte_lane_D/phaser_out/OCLK
    PHASER_OUT_PHY_X1Y11 PHASER_OUT_PHY (Prop_phaser_out_phy_OCLK_OCLKDIV)
                                                      0.133     7.530 r  i_ddr/u_xlnx_mig_7_ddr3_mig/u_memc_ui_top_axi/mem_intfc0/ddr_phy_top0/u_ddr_mc_phy_wrapper/u_ddr_mc_phy/ddr_phy_4lanes_0.u_ddr_phy_4lanes/ddr_byte_lane_D.ddr_byte_lane_D/phaser_out/OCLKDIV
                         net (fo=11, routed)          0.307     7.837    i_ddr/u_xlnx_mig_7_ddr3_mig/u_memc_ui_top_axi/mem_intfc0/ddr_phy_top0/u_ddr_mc_phy_wrapper/u_ddr_mc_phy/ddr_phy_4lanes_0.u_ddr_phy_4lanes/ddr_byte_lane_D.ddr_byte_lane_D/ddr_byte_group_io/oserdes_clkdiv
    OLOGIC_X1Y145        OSERDESE2                                    r  i_ddr/u_xlnx_mig_7_ddr3_mig/u_memc_ui_top_axi/mem_intfc0/ddr_phy_top0/u_ddr_mc_phy_wrapper/u_ddr_mc_phy/ddr_phy_4lanes_0.u_ddr_phy_4lanes/ddr_byte_lane_D.ddr_byte_lane_D/ddr_byte_group_io/output_[6].oserdes_dq_.ddr.oserdes_dq_i/CLKDIV
                         clock pessimism              0.380     8.218    
                         clock uncertainty           -0.047     8.171    
    OLOGIC_X1Y145        OSERDESE2 (Setup_oserdese2_CLKDIV_RST)
                                                     -0.453     7.718    i_ddr/u_xlnx_mig_7_ddr3_mig/u_memc_ui_top_axi/mem_intfc0/ddr_phy_top0/u_ddr_mc_phy_wrapper/u_ddr_mc_phy/ddr_phy_4lanes_0.u_ddr_phy_4lanes/ddr_byte_lane_D.ddr_byte_lane_D/ddr_byte_group_io/output_[6].oserdes_dq_.ddr.oserdes_dq_i
  -------------------------------------------------------------------
                         required time                          7.718    
                         arrival time                          -7.399    
  -------------------------------------------------------------------
                         slack                                  0.319    

Slack (MET) :             0.345ns  (required time - arrival time)
  Source:                 i_ddr/u_xlnx_mig_7_ddr3_mig/u_memc_ui_top_axi/mem_intfc0/ddr_phy_top0/u_ddr_mc_phy_wrapper/u_ddr_mc_phy/ddr_phy_4lanes_1.u_ddr_phy_4lanes/ddr_byte_lane_C.ddr_byte_lane_C/phaser_out/OCLK
                            (rising edge-triggered cell PHASER_OUT_PHY clocked by oserdes_clk_6  {rise@0.000ns fall@0.625ns period=1.250ns})
  Destination:            i_ddr/u_xlnx_mig_7_ddr3_mig/u_memc_ui_top_axi/mem_intfc0/ddr_phy_top0/u_ddr_mc_phy_wrapper/u_ddr_mc_phy/ddr_phy_4lanes_1.u_ddr_phy_4lanes/ddr_byte_lane_C.ddr_byte_lane_C/ddr_byte_group_io/output_[8].oserdes_dq_.sdr.oserdes_dq_i/RST
                            (rising edge-triggered cell OSERDESE2 clocked by oserdes_clkdiv_6  {rise@0.000ns fall@2.500ns period=5.000ns})
  Path Group:             oserdes_clkdiv_6
  Path Type:              Setup (Max at Slow Process Corner)
  Requirement:            2.500ns  (oserdes_clkdiv_6 rise@5.000ns - oserdes_clk_6 rise@2.500ns)
  Data Path Delay:        2.084ns  (logic 0.466ns (22.360%)  route 1.618ns (77.640%))
  Logic Levels:           0  
  Clock Path Skew:        0.429ns (DCD - SCD + CPR)
    Destination Clock Delay (DCD):    5.125ns = ( 10.125 - 5.000 ) 
    Source Clock Delay      (SCD):    5.052ns = ( 8.802 - 3.750 ) 
    Clock Pessimism Removal (CPR):    0.355ns
  Clock Uncertainty:      0.047ns  ((TSJ^2 + DJ^2)^1/2) / 2 + PE
    Total System Jitter     (TSJ):    0.071ns
    Discrete Jitter          (DJ):    0.061ns
    Phase Error              (PE):    0.000ns
  Timing Exception:       MultiCycle Path   Setup -start 2    

    Location             Delay type                Incr(ns)  Path(ns)    Netlist Resource(s)
  -------------------------------------------------------------------    -------------------
                         (clock oserdes_clk_6 rise edge)
                                                      2.500     2.500 r  
    AD12                                              0.000     2.500 r  sys_clk_p (IN)
                         net (fo=0)                   0.000     2.500    i_ddr/u_xlnx_mig_7_ddr3_mig/u_ddr3_clk_ibuf/sys_clk_p
    AD12                 IBUFDS (Prop_ibufds_I_O)     0.832     3.332 r  i_ddr/u_xlnx_mig_7_ddr3_mig/u_ddr3_clk_ibuf/diff_input_clk.u_ibufg_sys_clk/O
                         net (fo=3, routed)           1.098     4.430    i_ddr/u_xlnx_mig_7_ddr3_mig/u_ddr3_infrastructure/out
    PLLE2_ADV_X1Y1       PLLE2_ADV (Prop_plle2_adv_CLKIN1_CLKOUT1)
                                                      0.077     4.507 r  i_ddr/u_xlnx_mig_7_ddr3_mig/u_ddr3_infrastructure/plle2_i/CLKOUT1
                         net (fo=14, routed)          0.962     5.469    i_ddr/u_xlnx_mig_7_ddr3_mig/u_memc_ui_top_axi/mem_intfc0/ddr_phy_top0/u_ddr_mc_phy_wrapper/u_ddr_mc_phy/ddr_phy_4lanes_1.u_ddr_phy_4lanes/ddr_byte_lane_C.ddr_byte_lane_C/mem_refclk
    PHASER_OUT_PHY_X1Y6  PHASER_OUT_PHY (Prop_phaser_out_phy_MEMREFCLK_OCLK)
                                                      2.083     7.552 r  i_ddr/u_xlnx_mig_7_ddr3_mig/u_memc_ui_top_axi/mem_intfc0/ddr_phy_top0/u_ddr_mc_phy_wrapper/u_ddr_mc_phy/ddr_phy_4lanes_1.u_ddr_phy_4lanes/ddr_byte_lane_C.ddr_byte_lane_C/phaser_out/OCLK
  -------------------------------------------------------------------    -------------------
    PHASER_OUT_PHY_X1Y6  PHASER_OUT_PHY (Prop_phaser_out_phy_OCLK_OSERDESRST)
                                                      0.466     8.018 r  i_ddr/u_xlnx_mig_7_ddr3_mig/u_memc_ui_top_axi/mem_intfc0/ddr_phy_top0/u_ddr_mc_phy_wrapper/u_ddr_mc_phy/ddr_phy_4lanes_1.u_ddr_phy_4lanes/ddr_byte_lane_C.ddr_byte_lane_C/phaser_out/OSERDESRST
                         net (fo=10, routed)          1.618     9.636    i_ddr/u_xlnx_mig_7_ddr3_mig/u_memc_ui_top_axi/mem_intfc0/ddr_phy_top0/u_ddr_mc_phy_wrapper/u_ddr_mc_phy/ddr_phy_4lanes_1.u_ddr_phy_4lanes/ddr_byte_lane_C.ddr_byte_lane_C/ddr_byte_group_io/po_oserdes_rst
    OLOGIC_X1Y85         OSERDESE2                                    r  i_ddr/u_xlnx_mig_7_ddr3_mig/u_memc_ui_top_axi/mem_intfc0/ddr_phy_top0/u_ddr_mc_phy_wrapper/u_ddr_mc_phy/ddr_phy_4lanes_1.u_ddr_phy_4lanes/ddr_byte_lane_C.ddr_byte_lane_C/ddr_byte_group_io/output_[8].oserdes_dq_.sdr.oserdes_dq_i/RST
  -------------------------------------------------------------------    -------------------

                         (clock oserdes_clkdiv_6 rise edge)
                                                      5.000     5.000 r  
    AD12                                              0.000     5.000 r  sys_clk_p (IN)
                         net (fo=0)                   0.000     5.000    i_ddr/u_xlnx_mig_7_ddr3_mig/u_ddr3_clk_ibuf/sys_clk_p
    AD12                 IBUFDS (Prop_ibufds_I_O)     0.735     5.735 r  i_ddr/u_xlnx_mig_7_ddr3_mig/u_ddr3_clk_ibuf/diff_input_clk.u_ibufg_sys_clk/O
                         net (fo=3, routed)           1.001     6.736    i_ddr/u_xlnx_mig_7_ddr3_mig/u_ddr3_infrastructure/out
    PLLE2_ADV_X1Y1       PLLE2_ADV (Prop_plle2_adv_CLKIN1_CLKOUT1)
                                                      0.073     6.809 r  i_ddr/u_xlnx_mig_7_ddr3_mig/u_ddr3_infrastructure/plle2_i/CLKOUT1
                         net (fo=14, routed)          0.860     7.669    i_ddr/u_xlnx_mig_7_ddr3_mig/u_memc_ui_top_axi/mem_intfc0/ddr_phy_top0/u_ddr_mc_phy_wrapper/u_ddr_mc_phy/ddr_phy_4lanes_1.u_ddr_phy_4lanes/ddr_byte_lane_C.ddr_byte_lane_C/mem_refclk
    PHASER_OUT_PHY_X1Y6  PHASER_OUT_PHY (Prop_phaser_out_phy_MEMREFCLK_OCLK)
                                                      2.027     9.696 r  i_ddr/u_xlnx_mig_7_ddr3_mig/u_memc_ui_top_axi/mem_intfc0/ddr_phy_top0/u_ddr_mc_phy_wrapper/u_ddr_mc_phy/ddr_phy_4lanes_1.u_ddr_phy_4lanes/ddr_byte_lane_C.ddr_byte_lane_C/phaser_out/OCLK
    PHASER_OUT_PHY_X1Y6  PHASER_OUT_PHY (Prop_phaser_out_phy_OCLK_OCLKDIV)
                                                      0.133     9.829 r  i_ddr/u_xlnx_mig_7_ddr3_mig/u_memc_ui_top_axi/mem_intfc0/ddr_phy_top0/u_ddr_mc_phy_wrapper/u_ddr_mc_phy/ddr_phy_4lanes_1.u_ddr_phy_4lanes/ddr_byte_lane_C.ddr_byte_lane_C/phaser_out/OCLKDIV
                         net (fo=11, routed)          0.296    10.125    i_ddr/u_xlnx_mig_7_ddr3_mig/u_memc_ui_top_axi/mem_intfc0/ddr_phy_top0/u_ddr_mc_phy_wrapper/u_ddr_mc_phy/ddr_phy_4lanes_1.u_ddr_phy_4lanes/ddr_byte_lane_C.ddr_byte_lane_C/ddr_byte_group_io/oserdes_clkdiv
    OLOGIC_X1Y85         OSERDESE2                                    r  i_ddr/u_xlnx_mig_7_ddr3_mig/u_memc_ui_top_axi/mem_intfc0/ddr_phy_top0/u_ddr_mc_phy_wrapper/u_ddr_mc_phy/ddr_phy_4lanes_1.u_ddr_phy_4lanes/ddr_byte_lane_C.ddr_byte_lane_C/ddr_byte_group_io/output_[8].oserdes_dq_.sdr.oserdes_dq_i/CLKDIV
                         clock pessimism              0.355    10.481    
                         clock uncertainty           -0.047    10.434    
    OLOGIC_X1Y85         OSERDESE2 (Setup_oserdese2_CLKDIV_RST)
                                                     -0.453     9.981    i_ddr/u_xlnx_mig_7_ddr3_mig/u_memc_ui_top_axi/mem_intfc0/ddr_phy_top0/u_ddr_mc_phy_wrapper/u_ddr_mc_phy/ddr_phy_4lanes_1.u_ddr_phy_4lanes/ddr_byte_lane_C.ddr_byte_lane_C/ddr_byte_group_io/output_[8].oserdes_dq_.sdr.oserdes_dq_i
  -------------------------------------------------------------------
                         required time                          9.981    
                         arrival time                          -9.636    
  -------------------------------------------------------------------
                         slack                                  0.345    

Slack (MET) :             0.356ns  (required time - arrival time)
  Source:                 i_ddr/u_xlnx_mig_7_ddr3_mig/u_memc_ui_top_axi/mem_intfc0/ddr_phy_top0/u_ddr_mc_phy_wrapper/u_ddr_mc_phy/ddr_phy_4lanes_0.u_ddr_phy_4lanes/ddr_byte_lane_A.ddr_byte_lane_A/phaser_out/OCLK
                            (rising edge-triggered cell PHASER_OUT_PHY clocked by oserdes_clk  {rise@0.000ns fall@0.625ns period=1.250ns})
  Destination:            i_ddr/u_xlnx_mig_7_ddr3_mig/u_memc_ui_top_axi/mem_intfc0/ddr_phy_top0/u_ddr_mc_phy_wrapper/u_ddr_mc_phy/ddr_phy_4lanes_0.u_ddr_phy_4lanes/ddr_byte_lane_A.ddr_byte_lane_A/ddr_byte_group_io/output_[4].oserdes_dq_.ddr.oserdes_dq_i/RST
                            (rising edge-triggered cell OSERDESE2 clocked by oserdes_clkdiv  {rise@0.000ns fall@1.250ns period=2.500ns})
  Path Group:             oserdes_clkdiv
  Path Type:              Setup (Max at Slow Process Corner)
  Requirement:            2.500ns  (oserdes_clkdiv rise@2.500ns - oserdes_clk rise@0.000ns)
  Data Path Delay:        2.078ns  (logic 0.466ns (22.431%)  route 1.612ns (77.569%))
  Logic Levels:           0  
  Clock Path Skew:        0.433ns (DCD - SCD + CPR)
    Destination Clock Delay (DCD):    5.339ns = ( 7.839 - 2.500 ) 
    Source Clock Delay      (SCD):    5.288ns = ( 6.538 - 1.250 ) 
    Clock Pessimism Removal (CPR):    0.381ns
  Clock Uncertainty:      0.047ns  ((TSJ^2 + DJ^2)^1/2) / 2 + PE
    Total System Jitter     (TSJ):    0.071ns
    Discrete Jitter          (DJ):    0.061ns
    Phase Error              (PE):    0.000ns
  Timing Exception:       MultiCycle Path   Setup -start 2    

    Location             Delay type                Incr(ns)  Path(ns)    Netlist Resource(s)
  -------------------------------------------------------------------    -------------------
                         (clock oserdes_clk rise edge)
                                                      0.000     0.000 r  
    AD12                                              0.000     0.000 r  sys_clk_p (IN)
                         net (fo=0)                   0.000     0.000    i_ddr/u_xlnx_mig_7_ddr3_mig/u_ddr3_clk_ibuf/sys_clk_p
    AD12                 IBUFDS (Prop_ibufds_I_O)     0.832     0.832 r  i_ddr/u_xlnx_mig_7_ddr3_mig/u_ddr3_clk_ibuf/diff_input_clk.u_ibufg_sys_clk/O
                         net (fo=3, routed)           1.098     1.930    i_ddr/u_xlnx_mig_7_ddr3_mig/u_ddr3_infrastructure/out
    PLLE2_ADV_X1Y1       PLLE2_ADV (Prop_plle2_adv_CLKIN1_CLKOUT1)
                                                      0.077     2.007 r  i_ddr/u_xlnx_mig_7_ddr3_mig/u_ddr3_infrastructure/plle2_i/CLKOUT1
                         net (fo=14, routed)          1.198     3.205    i_ddr/u_xlnx_mig_7_ddr3_mig/u_memc_ui_top_axi/mem_intfc0/ddr_phy_top0/u_ddr_mc_phy_wrapper/u_ddr_mc_phy/ddr_phy_4lanes_0.u_ddr_phy_4lanes/ddr_byte_lane_A.ddr_byte_lane_A/mem_refclk
    PHASER_OUT_PHY_X1Y8  PHASER_OUT_PHY (Prop_phaser_out_phy_MEMREFCLK_OCLK)
                                                      2.083     5.288 r  i_ddr/u_xlnx_mig_7_ddr3_mig/u_memc_ui_top_axi/mem_intfc0/ddr_phy_top0/u_ddr_mc_phy_wrapper/u_ddr_mc_phy/ddr_phy_4lanes_0.u_ddr_phy_4lanes/ddr_byte_lane_A.ddr_byte_lane_A/phaser_out/OCLK
  -------------------------------------------------------------------    -------------------
    PHASER_OUT_PHY_X1Y8  PHASER_OUT_PHY (Prop_phaser_out_phy_OCLK_OSERDESRST)
                                                      0.466     5.754 r  i_ddr/u_xlnx_mig_7_ddr3_mig/u_memc_ui_top_axi/mem_intfc0/ddr_phy_top0/u_ddr_mc_phy_wrapper/u_ddr_mc_phy/ddr_phy_4lanes_0.u_ddr_phy_4lanes/ddr_byte_lane_A.ddr_byte_lane_A/phaser_out/OSERDESRST
                         net (fo=10, routed)          1.612     7.365    i_ddr/u_xlnx_mig_7_ddr3_mig/u_memc_ui_top_axi/mem_intfc0/ddr_phy_top0/u_ddr_mc_phy_wrapper/u_ddr_mc_phy/ddr_phy_4lanes_0.u_ddr_phy_4lanes/ddr_byte_lane_A.ddr_byte_lane_A/ddr_byte_group_io/po_oserdes_rst
    OLOGIC_X1Y105        OSERDESE2                                    r  i_ddr/u_xlnx_mig_7_ddr3_mig/u_memc_ui_top_axi/mem_intfc0/ddr_phy_top0/u_ddr_mc_phy_wrapper/u_ddr_mc_phy/ddr_phy_4lanes_0.u_ddr_phy_4lanes/ddr_byte_lane_A.ddr_byte_lane_A/ddr_byte_group_io/output_[4].oserdes_dq_.ddr.oserdes_dq_i/RST
  -------------------------------------------------------------------    -------------------

                         (clock oserdes_clkdiv rise edge)
                                                      2.500     2.500 r  
    AD12                                              0.000     2.500 r  sys_clk_p (IN)
                         net (fo=0)                   0.000     2.500    i_ddr/u_xlnx_mig_7_ddr3_mig/u_ddr3_clk_ibuf/sys_clk_p
    AD12                 IBUFDS (Prop_ibufds_I_O)     0.735     3.235 r  i_ddr/u_xlnx_mig_7_ddr3_mig/u_ddr3_clk_ibuf/diff_input_clk.u_ibufg_sys_clk/O
                         net (fo=3, routed)           1.001     4.236    i_ddr/u_xlnx_mig_7_ddr3_mig/u_ddr3_infrastructure/out
    PLLE2_ADV_X1Y1       PLLE2_ADV (Prop_plle2_adv_CLKIN1_CLKOUT1)
                                                      0.073     4.309 r  i_ddr/u_xlnx_mig_7_ddr3_mig/u_ddr3_infrastructure/plle2_i/CLKOUT1
                         net (fo=14, routed)          1.070     5.379    i_ddr/u_xlnx_mig_7_ddr3_mig/u_memc_ui_top_axi/mem_intfc0/ddr_phy_top0/u_ddr_mc_phy_wrapper/u_ddr_mc_phy/ddr_phy_4lanes_0.u_ddr_phy_4lanes/ddr_byte_lane_A.ddr_byte_lane_A/mem_refclk
    PHASER_OUT_PHY_X1Y8  PHASER_OUT_PHY (Prop_phaser_out_phy_MEMREFCLK_OCLK)
                                                      2.027     7.406 r  i_ddr/u_xlnx_mig_7_ddr3_mig/u_memc_ui_top_axi/mem_intfc0/ddr_phy_top0/u_ddr_mc_phy_wrapper/u_ddr_mc_phy/ddr_phy_4lanes_0.u_ddr_phy_4lanes/ddr_byte_lane_A.ddr_byte_lane_A/phaser_out/OCLK
    PHASER_OUT_PHY_X1Y8  PHASER_OUT_PHY (Prop_phaser_out_phy_OCLK_OCLKDIV)
                                                      0.133     7.539 r  i_ddr/u_xlnx_mig_7_ddr3_mig/u_memc_ui_top_axi/mem_intfc0/ddr_phy_top0/u_ddr_mc_phy_wrapper/u_ddr_mc_phy/ddr_phy_4lanes_0.u_ddr_phy_4lanes/ddr_byte_lane_A.ddr_byte_lane_A/phaser_out/OCLKDIV
                         net (fo=11, routed)          0.300     7.839    i_ddr/u_xlnx_mig_7_ddr3_mig/u_memc_ui_top_axi/mem_intfc0/ddr_phy_top0/u_ddr_mc_phy_wrapper/u_ddr_mc_phy/ddr_phy_4lanes_0.u_ddr_phy_4lanes/ddr_byte_lane_A.ddr_byte_lane_A/ddr_byte_group_io/oserdes_clkdiv
    OLOGIC_X1Y105        OSERDESE2                                    r  i_ddr/u_xlnx_mig_7_ddr3_mig/u_memc_ui_top_axi/mem_intfc0/ddr_phy_top0/u_ddr_mc_phy_wrapper/u_ddr_mc_phy/ddr_phy_4lanes_0.u_ddr_phy_4lanes/ddr_byte_lane_A.ddr_byte_lane_A/ddr_byte_group_io/output_[4].oserdes_dq_.ddr.oserdes_dq_i/CLKDIV
                         clock pessimism              0.381     8.221    
                         clock uncertainty           -0.047     8.174    
    OLOGIC_X1Y105        OSERDESE2 (Setup_oserdese2_CLKDIV_RST)
                                                     -0.453     7.721    i_ddr/u_xlnx_mig_7_ddr3_mig/u_memc_ui_top_axi/mem_intfc0/ddr_phy_top0/u_ddr_mc_phy_wrapper/u_ddr_mc_phy/ddr_phy_4lanes_0.u_ddr_phy_4lanes/ddr_byte_lane_A.ddr_byte_lane_A/ddr_byte_group_io/output_[4].oserdes_dq_.ddr.oserdes_dq_i
  -------------------------------------------------------------------
                         required time                          7.721    
                         arrival time                          -7.365    
  -------------------------------------------------------------------
                         slack                                  0.356    

Slack (MET) :             0.358ns  (required time - arrival time)
  Source:                 i_ddr/u_xlnx_mig_7_ddr3_mig/u_memc_ui_top_axi/mem_intfc0/ddr_phy_top0/u_ddr_mc_phy_wrapper/u_ddr_mc_phy/ddr_phy_4lanes_0.u_ddr_phy_4lanes/ddr_byte_lane_C.ddr_byte_lane_C/phaser_out/OCLK
                            (rising edge-triggered cell PHASER_OUT_PHY clocked by oserdes_clk_2  {rise@0.000ns fall@0.625ns period=1.250ns})
  Destination:            i_ddr/u_xlnx_mig_7_ddr3_mig/u_memc_ui_top_axi/mem_intfc0/ddr_phy_top0/u_ddr_mc_phy_wrapper/u_ddr_mc_phy/ddr_phy_4lanes_0.u_ddr_phy_4lanes/ddr_byte_lane_C.ddr_byte_lane_C/ddr_byte_group_io/output_[8].oserdes_dq_.ddr.oserdes_dq_i/RST
                            (rising edge-triggered cell OSERDESE2 clocked by oserdes_clkdiv_2  {rise@0.000ns fall@1.250ns period=2.500ns})
  Path Group:             oserdes_clkdiv_2
  Path Type:              Setup (Max at Slow Process Corner)
  Requirement:            2.500ns  (oserdes_clkdiv_2 rise@2.500ns - oserdes_clk_2 rise@0.000ns)
  Data Path Delay:        2.071ns  (logic 0.466ns (22.499%)  route 1.605ns (77.501%))
  Logic Levels:           0  
  Clock Path Skew:        0.429ns (DCD - SCD + CPR)
    Destination Clock Delay (DCD):    5.335ns = ( 7.835 - 2.500 ) 
    Source Clock Delay      (SCD):    5.288ns = ( 6.538 - 1.250 ) 
    Clock Pessimism Removal (CPR):    0.381ns
  Clock Uncertainty:      0.047ns  ((TSJ^2 + DJ^2)^1/2) / 2 + PE
    Total System Jitter     (TSJ):    0.071ns
    Discrete Jitter          (DJ):    0.061ns
    Phase Error              (PE):    0.000ns
  Timing Exception:       MultiCycle Path   Setup -start 2    

    Location             Delay type                Incr(ns)  Path(ns)    Netlist Resource(s)
  -------------------------------------------------------------------    -------------------
                         (clock oserdes_clk_2 rise edge)
                                                      0.000     0.000 r  
    AD12                                              0.000     0.000 r  sys_clk_p (IN)
                         net (fo=0)                   0.000     0.000    i_ddr/u_xlnx_mig_7_ddr3_mig/u_ddr3_clk_ibuf/sys_clk_p
    AD12                 IBUFDS (Prop_ibufds_I_O)     0.832     0.832 r  i_ddr/u_xlnx_mig_7_ddr3_mig/u_ddr3_clk_ibuf/diff_input_clk.u_ibufg_sys_clk/O
                         net (fo=3, routed)           1.098     1.930    i_ddr/u_xlnx_mig_7_ddr3_mig/u_ddr3_infrastructure/out
    PLLE2_ADV_X1Y1       PLLE2_ADV (Prop_plle2_adv_CLKIN1_CLKOUT1)
                                                      0.077     2.007 r  i_ddr/u_xlnx_mig_7_ddr3_mig/u_ddr3_infrastructure/plle2_i/CLKOUT1
                         net (fo=14, routed)          1.198     3.205    i_ddr/u_xlnx_mig_7_ddr3_mig/u_memc_ui_top_axi/mem_intfc0/ddr_phy_top0/u_ddr_mc_phy_wrapper/u_ddr_mc_phy/ddr_phy_4lanes_0.u_ddr_phy_4lanes/ddr_byte_lane_C.ddr_byte_lane_C/mem_refclk
    PHASER_OUT_PHY_X1Y10 PHASER_OUT_PHY (Prop_phaser_out_phy_MEMREFCLK_OCLK)
                                                      2.083     5.288 r  i_ddr/u_xlnx_mig_7_ddr3_mig/u_memc_ui_top_axi/mem_intfc0/ddr_phy_top0/u_ddr_mc_phy_wrapper/u_ddr_mc_phy/ddr_phy_4lanes_0.u_ddr_phy_4lanes/ddr_byte_lane_C.ddr_byte_lane_C/phaser_out/OCLK
  -------------------------------------------------------------------    -------------------
    PHASER_OUT_PHY_X1Y10 PHASER_OUT_PHY (Prop_phaser_out_phy_OCLK_OSERDESRST)
                                                      0.466     5.754 r  i_ddr/u_xlnx_mig_7_ddr3_mig/u_memc_ui_top_axi/mem_intfc0/ddr_phy_top0/u_ddr_mc_phy_wrapper/u_ddr_mc_phy/ddr_phy_4lanes_0.u_ddr_phy_4lanes/ddr_byte_lane_C.ddr_byte_lane_C/phaser_out/OSERDESRST
                         net (fo=10, routed)          1.605     7.359    i_ddr/u_xlnx_mig_7_ddr3_mig/u_memc_ui_top_axi/mem_intfc0/ddr_phy_top0/u_ddr_mc_phy_wrapper/u_ddr_mc_phy/ddr_phy_4lanes_0.u_ddr_phy_4lanes/ddr_byte_lane_C.ddr_byte_lane_C/ddr_byte_group_io/po_oserdes_rst
    OLOGIC_X1Y135        OSERDESE2                                    r  i_ddr/u_xlnx_mig_7_ddr3_mig/u_memc_ui_top_axi/mem_intfc0/ddr_phy_top0/u_ddr_mc_phy_wrapper/u_ddr_mc_phy/ddr_phy_4lanes_0.u_ddr_phy_4lanes/ddr_byte_lane_C.ddr_byte_lane_C/ddr_byte_group_io/output_[8].oserdes_dq_.ddr.oserdes_dq_i/RST
  -------------------------------------------------------------------    -------------------

                         (clock oserdes_clkdiv_2 rise edge)
                                                      2.500     2.500 r  
    AD12                                              0.000     2.500 r  sys_clk_p (IN)
                         net (fo=0)                   0.000     2.500    i_ddr/u_xlnx_mig_7_ddr3_mig/u_ddr3_clk_ibuf/sys_clk_p
    AD12                 IBUFDS (Prop_ibufds_I_O)     0.735     3.235 r  i_ddr/u_xlnx_mig_7_ddr3_mig/u_ddr3_clk_ibuf/diff_input_clk.u_ibufg_sys_clk/O
                         net (fo=3, routed)           1.001     4.236    i_ddr/u_xlnx_mig_7_ddr3_mig/u_ddr3_infrastructure/out
    PLLE2_ADV_X1Y1       PLLE2_ADV (Prop_plle2_adv_CLKIN1_CLKOUT1)
                                                      0.073     4.309 r  i_ddr/u_xlnx_mig_7_ddr3_mig/u_ddr3_infrastructure/plle2_i/CLKOUT1
                         net (fo=14, routed)          1.070     5.379    i_ddr/u_xlnx_mig_7_ddr3_mig/u_memc_ui_top_axi/mem_intfc0/ddr_phy_top0/u_ddr_mc_phy_wrapper/u_ddr_mc_phy/ddr_phy_4lanes_0.u_ddr_phy_4lanes/ddr_byte_lane_C.ddr_byte_lane_C/mem_refclk
    PHASER_OUT_PHY_X1Y10 PHASER_OUT_PHY (Prop_phaser_out_phy_MEMREFCLK_OCLK)
                                                      2.027     7.406 r  i_ddr/u_xlnx_mig_7_ddr3_mig/u_memc_ui_top_axi/mem_intfc0/ddr_phy_top0/u_ddr_mc_phy_wrapper/u_ddr_mc_phy/ddr_phy_4lanes_0.u_ddr_phy_4lanes/ddr_byte_lane_C.ddr_byte_lane_C/phaser_out/OCLK
    PHASER_OUT_PHY_X1Y10 PHASER_OUT_PHY (Prop_phaser_out_phy_OCLK_OCLKDIV)
                                                      0.133     7.539 r  i_ddr/u_xlnx_mig_7_ddr3_mig/u_memc_ui_top_axi/mem_intfc0/ddr_phy_top0/u_ddr_mc_phy_wrapper/u_ddr_mc_phy/ddr_phy_4lanes_0.u_ddr_phy_4lanes/ddr_byte_lane_C.ddr_byte_lane_C/phaser_out/OCLKDIV
                         net (fo=11, routed)          0.296     7.835    i_ddr/u_xlnx_mig_7_ddr3_mig/u_memc_ui_top_axi/mem_intfc0/ddr_phy_top0/u_ddr_mc_phy_wrapper/u_ddr_mc_phy/ddr_phy_4lanes_0.u_ddr_phy_4lanes/ddr_byte_lane_C.ddr_byte_lane_C/ddr_byte_group_io/oserdes_clkdiv
    OLOGIC_X1Y135        OSERDESE2                                    r  i_ddr/u_xlnx_mig_7_ddr3_mig/u_memc_ui_top_axi/mem_intfc0/ddr_phy_top0/u_ddr_mc_phy_wrapper/u_ddr_mc_phy/ddr_phy_4lanes_0.u_ddr_phy_4lanes/ddr_byte_lane_C.ddr_byte_lane_C/ddr_byte_group_io/output_[8].oserdes_dq_.ddr.oserdes_dq_i/CLKDIV
                         clock pessimism              0.381     8.217    
                         clock uncertainty           -0.047     8.170    
    OLOGIC_X1Y135        OSERDESE2 (Setup_oserdese2_CLKDIV_RST)
                                                     -0.453     7.717    i_ddr/u_xlnx_mig_7_ddr3_mig/u_memc_ui_top_axi/mem_intfc0/ddr_phy_top0/u_ddr_mc_phy_wrapper/u_ddr_mc_phy/ddr_phy_4lanes_0.u_ddr_phy_4lanes/ddr_byte_lane_C.ddr_byte_lane_C/ddr_byte_group_io/output_[8].oserdes_dq_.ddr.oserdes_dq_i
  -------------------------------------------------------------------
                         required time                          7.717    
                         arrival time                          -7.359    
  -------------------------------------------------------------------
                         slack                                  0.358    

Slack (MET) :             0.373ns  (required time - arrival time)
  Source:                 i_ddr/u_xlnx_mig_7_ddr3_mig/u_memc_ui_top_axi/mem_intfc0/ddr_phy_top0/u_ddr_mc_phy_wrapper/u_ddr_mc_phy/ddr_phy_4lanes_0.u_ddr_phy_4lanes/ddr_byte_lane_B.ddr_byte_lane_B/phaser_out/OCLK
                            (rising edge-triggered cell PHASER_OUT_PHY clocked by oserdes_clk_1  {rise@0.000ns fall@0.625ns period=1.250ns})
  Destination:            i_ddr/u_xlnx_mig_7_ddr3_mig/u_memc_ui_top_axi/mem_intfc0/ddr_phy_top0/u_ddr_mc_phy_wrapper/u_ddr_mc_phy/ddr_phy_4lanes_0.u_ddr_phy_4lanes/ddr_byte_lane_B.ddr_byte_lane_B/ddr_byte_group_io/output_[1].oserdes_dq_.ddr.oserdes_dq_i/RST
                            (rising edge-triggered cell OSERDESE2 clocked by oserdes_clkdiv_1  {rise@0.000ns fall@1.250ns period=2.500ns})
  Path Group:             oserdes_clkdiv_1
  Path Type:              Setup (Max at Slow Process Corner)
  Requirement:            2.500ns  (oserdes_clkdiv_1 rise@2.500ns - oserdes_clk_1 rise@0.000ns)
  Data Path Delay:        2.051ns  (logic 0.466ns (22.715%)  route 1.585ns (77.285%))
  Logic Levels:           0  
  Clock Path Skew:        0.424ns (DCD - SCD + CPR)
    Destination Clock Delay (DCD):    5.321ns = ( 7.821 - 2.500 ) 
    Source Clock Delay      (SCD):    5.278ns = ( 6.528 - 1.250 ) 
    Clock Pessimism Removal (CPR):    0.380ns
  Clock Uncertainty:      0.047ns  ((TSJ^2 + DJ^2)^1/2) / 2 + PE
    Total System Jitter     (TSJ):    0.071ns
    Discrete Jitter          (DJ):    0.061ns
    Phase Error              (PE):    0.000ns
  Timing Exception:       MultiCycle Path   Setup -start 2    

    Location             Delay type                Incr(ns)  Path(ns)    Netlist Resource(s)
  -------------------------------------------------------------------    -------------------
                         (clock oserdes_clk_1 rise edge)
                                                      0.000     0.000 r  
    AD12                                              0.000     0.000 r  sys_clk_p (IN)
                         net (fo=0)                   0.000     0.000    i_ddr/u_xlnx_mig_7_ddr3_mig/u_ddr3_clk_ibuf/sys_clk_p
    AD12                 IBUFDS (Prop_ibufds_I_O)     0.832     0.832 r  i_ddr/u_xlnx_mig_7_ddr3_mig/u_ddr3_clk_ibuf/diff_input_clk.u_ibufg_sys_clk/O
                         net (fo=3, routed)           1.098     1.930    i_ddr/u_xlnx_mig_7_ddr3_mig/u_ddr3_infrastructure/out
    PLLE2_ADV_X1Y1       PLLE2_ADV (Prop_plle2_adv_CLKIN1_CLKOUT1)
                                                      0.077     2.007 r  i_ddr/u_xlnx_mig_7_ddr3_mig/u_ddr3_infrastructure/plle2_i/CLKOUT1
                         net (fo=14, routed)          1.188     3.195    i_ddr/u_xlnx_mig_7_ddr3_mig/u_memc_ui_top_axi/mem_intfc0/ddr_phy_top0/u_ddr_mc_phy_wrapper/u_ddr_mc_phy/ddr_phy_4lanes_0.u_ddr_phy_4lanes/ddr_byte_lane_B.ddr_byte_lane_B/mem_refclk
    PHASER_OUT_PHY_X1Y9  PHASER_OUT_PHY (Prop_phaser_out_phy_MEMREFCLK_OCLK)
                                                      2.083     5.278 r  i_ddr/u_xlnx_mig_7_ddr3_mig/u_memc_ui_top_axi/mem_intfc0/ddr_phy_top0/u_ddr_mc_phy_wrapper/u_ddr_mc_phy/ddr_phy_4lanes_0.u_ddr_phy_4lanes/ddr_byte_lane_B.ddr_byte_lane_B/phaser_out/OCLK
  -------------------------------------------------------------------    -------------------
    PHASER_OUT_PHY_X1Y9  PHASER_OUT_PHY (Prop_phaser_out_phy_OCLK_OSERDESRST)
                                                      0.466     5.744 r  i_ddr/u_xlnx_mig_7_ddr3_mig/u_memc_ui_top_axi/mem_intfc0/ddr_phy_top0/u_ddr_mc_phy_wrapper/u_ddr_mc_phy/ddr_phy_4lanes_0.u_ddr_phy_4lanes/ddr_byte_lane_B.ddr_byte_lane_B/phaser_out/OSERDESRST
                         net (fo=10, routed)          1.585     7.329    i_ddr/u_xlnx_mig_7_ddr3_mig/u_memc_ui_top_axi/mem_intfc0/ddr_phy_top0/u_ddr_mc_phy_wrapper/u_ddr_mc_phy/ddr_phy_4lanes_0.u_ddr_phy_4lanes/ddr_byte_lane_B.ddr_byte_lane_B/ddr_byte_group_io/po_oserdes_rst
    OLOGIC_X1Y114        OSERDESE2                                    r  i_ddr/u_xlnx_mig_7_ddr3_mig/u_memc_ui_top_axi/mem_intfc0/ddr_phy_top0/u_ddr_mc_phy_wrapper/u_ddr_mc_phy/ddr_phy_4lanes_0.u_ddr_phy_4lanes/ddr_byte_lane_B.ddr_byte_lane_B/ddr_byte_group_io/output_[1].oserdes_dq_.ddr.oserdes_dq_i/RST
  -------------------------------------------------------------------    -------------------

                         (clock oserdes_clkdiv_1 rise edge)
                                                      2.500     2.500 r  
    AD12                                              0.000     2.500 r  sys_clk_p (IN)
                         net (fo=0)                   0.000     2.500    i_ddr/u_xlnx_mig_7_ddr3_mig/u_ddr3_clk_ibuf/sys_clk_p
    AD12                 IBUFDS (Prop_ibufds_I_O)     0.735     3.235 r  i_ddr/u_xlnx_mig_7_ddr3_mig/u_ddr3_clk_ibuf/diff_input_clk.u_ibufg_sys_clk/O
                         net (fo=3, routed)           1.001     4.236    i_ddr/u_xlnx_mig_7_ddr3_mig/u_ddr3_infrastructure/out
    PLLE2_ADV_X1Y1       PLLE2_ADV (Prop_plle2_adv_CLKIN1_CLKOUT1)
                                                      0.073     4.309 r  i_ddr/u_xlnx_mig_7_ddr3_mig/u_ddr3_infrastructure/plle2_i/CLKOUT1
                         net (fo=14, routed)          1.061     5.370    i_ddr/u_xlnx_mig_7_ddr3_mig/u_memc_ui_top_axi/mem_intfc0/ddr_phy_top0/u_ddr_mc_phy_wrapper/u_ddr_mc_phy/ddr_phy_4lanes_0.u_ddr_phy_4lanes/ddr_byte_lane_B.ddr_byte_lane_B/mem_refclk
    PHASER_OUT_PHY_X1Y9  PHASER_OUT_PHY (Prop_phaser_out_phy_MEMREFCLK_OCLK)
                                                      2.027     7.397 r  i_ddr/u_xlnx_mig_7_ddr3_mig/u_memc_ui_top_axi/mem_intfc0/ddr_phy_top0/u_ddr_mc_phy_wrapper/u_ddr_mc_phy/ddr_phy_4lanes_0.u_ddr_phy_4lanes/ddr_byte_lane_B.ddr_byte_lane_B/phaser_out/OCLK
    PHASER_OUT_PHY_X1Y9  PHASER_OUT_PHY (Prop_phaser_out_phy_OCLK_OCLKDIV)
                                                      0.133     7.530 r  i_ddr/u_xlnx_mig_7_ddr3_mig/u_memc_ui_top_axi/mem_intfc0/ddr_phy_top0/u_ddr_mc_phy_wrapper/u_ddr_mc_phy/ddr_phy_4lanes_0.u_ddr_phy_4lanes/ddr_byte_lane_B.ddr_byte_lane_B/phaser_out/OCLKDIV
                         net (fo=11, routed)          0.291     7.821    i_ddr/u_xlnx_mig_7_ddr3_mig/u_memc_ui_top_axi/mem_intfc0/ddr_phy_top0/u_ddr_mc_phy_wrapper/u_ddr_mc_phy/ddr_phy_4lanes_0.u_ddr_phy_4lanes/ddr_byte_lane_B.ddr_byte_lane_B/ddr_byte_group_io/oserdes_clkdiv
    OLOGIC_X1Y114        OSERDESE2                                    r  i_ddr/u_xlnx_mig_7_ddr3_mig/u_memc_ui_top_axi/mem_intfc0/ddr_phy_top0/u_ddr_mc_phy_wrapper/u_ddr_mc_phy/ddr_phy_4lanes_0.u_ddr_phy_4lanes/ddr_byte_lane_B.ddr_byte_lane_B/ddr_byte_group_io/output_[1].oserdes_dq_.ddr.oserdes_dq_i/CLKDIV
                         clock pessimism              0.380     8.202    
                         clock uncertainty           -0.047     8.155    
    OLOGIC_X1Y114        OSERDESE2 (Setup_oserdese2_CLKDIV_RST)
                                                     -0.453     7.702    i_ddr/u_xlnx_mig_7_ddr3_mig/u_memc_ui_top_axi/mem_intfc0/ddr_phy_top0/u_ddr_mc_phy_wrapper/u_ddr_mc_phy/ddr_phy_4lanes_0.u_ddr_phy_4lanes/ddr_byte_lane_B.ddr_byte_lane_B/ddr_byte_group_io/output_[1].oserdes_dq_.ddr.oserdes_dq_i
  -------------------------------------------------------------------
                         required time                          7.702    
                         arrival time                          -7.329    
  -------------------------------------------------------------------
                         slack                                  0.373    

Slack (MET) :             0.407ns  (required time - arrival time)
  Source:                 i_ddr/u_xlnx_mig_7_ddr3_mig/u_memc_ui_top_axi/mem_intfc0/ddr_phy_top0/u_ddr_mc_phy_wrapper/u_ddr_mc_phy/ddr_phy_4lanes_1.u_ddr_phy_4lanes/ddr_byte_lane_D.ddr_byte_lane_D/phaser_out/OCLK
                            (rising edge-triggered cell PHASER_OUT_PHY clocked by oserdes_clk_7  {rise@0.000ns fall@0.625ns period=1.250ns})
  Destination:            i_ddr/u_xlnx_mig_7_ddr3_mig/u_memc_ui_top_axi/mem_intfc0/ddr_phy_top0/u_ddr_mc_phy_wrapper/u_ddr_mc_phy/ddr_phy_4lanes_1.u_ddr_phy_4lanes/ddr_byte_lane_D.ddr_byte_lane_D/ddr_byte_group_io/output_[9].oserdes_dq_.sdr.oserdes_dq_i/RST
                            (rising edge-triggered cell OSERDESE2 clocked by oserdes_clkdiv_7  {rise@0.000ns fall@2.500ns period=5.000ns})
  Path Group:             oserdes_clkdiv_7
  Path Type:              Setup (Max at Slow Process Corner)
  Requirement:            2.500ns  (oserdes_clkdiv_7 rise@5.000ns - oserdes_clk_7 rise@2.500ns)
  Data Path Delay:        2.035ns  (logic 0.466ns (22.899%)  route 1.569ns (77.101%))
  Logic Levels:           0  
  Clock Path Skew:        0.442ns (DCD - SCD + CPR)
    Destination Clock Delay (DCD):    5.129ns = ( 10.129 - 5.000 ) 
    Source Clock Delay      (SCD):    5.042ns = ( 8.792 - 3.750 ) 
    Clock Pessimism Removal (CPR):    0.354ns
  Clock Uncertainty:      0.047ns  ((TSJ^2 + DJ^2)^1/2) / 2 + PE
    Total System Jitter     (TSJ):    0.071ns
    Discrete Jitter          (DJ):    0.061ns
    Phase Error              (PE):    0.000ns
  Timing Exception:       MultiCycle Path   Setup -start 2    

    Location             Delay type                Incr(ns)  Path(ns)    Netlist Resource(s)
  -------------------------------------------------------------------    -------------------
                         (clock oserdes_clk_7 rise edge)
                                                      2.500     2.500 r  
    AD12                                              0.000     2.500 r  sys_clk_p (IN)
                         net (fo=0)                   0.000     2.500    i_ddr/u_xlnx_mig_7_ddr3_mig/u_ddr3_clk_ibuf/sys_clk_p
    AD12                 IBUFDS (Prop_ibufds_I_O)     0.832     3.332 r  i_ddr/u_xlnx_mig_7_ddr3_mig/u_ddr3_clk_ibuf/diff_input_clk.u_ibufg_sys_clk/O
                         net (fo=3, routed)           1.098     4.430    i_ddr/u_xlnx_mig_7_ddr3_mig/u_ddr3_infrastructure/out
    PLLE2_ADV_X1Y1       PLLE2_ADV (Prop_plle2_adv_CLKIN1_CLKOUT1)
                                                      0.077     4.507 r  i_ddr/u_xlnx_mig_7_ddr3_mig/u_ddr3_infrastructure/plle2_i/CLKOUT1
                         net (fo=14, routed)          0.952     5.459    i_ddr/u_xlnx_mig_7_ddr3_mig/u_memc_ui_top_axi/mem_intfc0/ddr_phy_top0/u_ddr_mc_phy_wrapper/u_ddr_mc_phy/ddr_phy_4lanes_1.u_ddr_phy_4lanes/ddr_byte_lane_D.ddr_byte_lane_D/mem_refclk
    PHASER_OUT_PHY_X1Y7  PHASER_OUT_PHY (Prop_phaser_out_phy_MEMREFCLK_OCLK)
                                                      2.083     7.542 r  i_ddr/u_xlnx_mig_7_ddr3_mig/u_memc_ui_top_axi/mem_intfc0/ddr_phy_top0/u_ddr_mc_phy_wrapper/u_ddr_mc_phy/ddr_phy_4lanes_1.u_ddr_phy_4lanes/ddr_byte_lane_D.ddr_byte_lane_D/phaser_out/OCLK
  -------------------------------------------------------------------    -------------------
    PHASER_OUT_PHY_X1Y7  PHASER_OUT_PHY (Prop_phaser_out_phy_OCLK_OSERDESRST)
                                                      0.466     8.008 r  i_ddr/u_xlnx_mig_7_ddr3_mig/u_memc_ui_top_axi/mem_intfc0/ddr_phy_top0/u_ddr_mc_phy_wrapper/u_ddr_mc_phy/ddr_phy_4lanes_1.u_ddr_phy_4lanes/ddr_byte_lane_D.ddr_byte_lane_D/phaser_out/OSERDESRST
                         net (fo=9, routed)           1.569     9.577    i_ddr/u_xlnx_mig_7_ddr3_mig/u_memc_ui_top_axi/mem_intfc0/ddr_phy_top0/u_ddr_mc_phy_wrapper/u_ddr_mc_phy/ddr_phy_4lanes_1.u_ddr_phy_4lanes/ddr_byte_lane_D.ddr_byte_lane_D/ddr_byte_group_io/po_oserdes_rst
    OLOGIC_X1Y98         OSERDESE2                                    r  i_ddr/u_xlnx_mig_7_ddr3_mig/u_memc_ui_top_axi/mem_intfc0/ddr_phy_top0/u_ddr_mc_phy_wrapper/u_ddr_mc_phy/ddr_phy_4lanes_1.u_ddr_phy_4lanes/ddr_byte_lane_D.ddr_byte_lane_D/ddr_byte_group_io/output_[9].oserdes_dq_.sdr.oserdes_dq_i/RST
  -------------------------------------------------------------------    -------------------

                         (clock oserdes_clkdiv_7 rise edge)
                                                      5.000     5.000 r  
    AD12                                              0.000     5.000 r  sys_clk_p (IN)
                         net (fo=0)                   0.000     5.000    i_ddr/u_xlnx_mig_7_ddr3_mig/u_ddr3_clk_ibuf/sys_clk_p
    AD12                 IBUFDS (Prop_ibufds_I_O)     0.735     5.735 r  i_ddr/u_xlnx_mig_7_ddr3_mig/u_ddr3_clk_ibuf/diff_input_clk.u_ibufg_sys_clk/O
                         net (fo=3, routed)           1.001     6.736    i_ddr/u_xlnx_mig_7_ddr3_mig/u_ddr3_infrastructure/out
    PLLE2_ADV_X1Y1       PLLE2_ADV (Prop_plle2_adv_CLKIN1_CLKOUT1)
                                                      0.073     6.809 r  i_ddr/u_xlnx_mig_7_ddr3_mig/u_ddr3_infrastructure/plle2_i/CLKOUT1
                         net (fo=14, routed)          0.851     7.660    i_ddr/u_xlnx_mig_7_ddr3_mig/u_memc_ui_top_axi/mem_intfc0/ddr_phy_top0/u_ddr_mc_phy_wrapper/u_ddr_mc_phy/ddr_phy_4lanes_1.u_ddr_phy_4lanes/ddr_byte_lane_D.ddr_byte_lane_D/mem_refclk
    PHASER_OUT_PHY_X1Y7  PHASER_OUT_PHY (Prop_phaser_out_phy_MEMREFCLK_OCLK)
                                                      2.027     9.687 r  i_ddr/u_xlnx_mig_7_ddr3_mig/u_memc_ui_top_axi/mem_intfc0/ddr_phy_top0/u_ddr_mc_phy_wrapper/u_ddr_mc_phy/ddr_phy_4lanes_1.u_ddr_phy_4lanes/ddr_byte_lane_D.ddr_byte_lane_D/phaser_out/OCLK
    PHASER_OUT_PHY_X1Y7  PHASER_OUT_PHY (Prop_phaser_out_phy_OCLK_OCLKDIV)
                                                      0.133     9.820 r  i_ddr/u_xlnx_mig_7_ddr3_mig/u_memc_ui_top_axi/mem_intfc0/ddr_phy_top0/u_ddr_mc_phy_wrapper/u_ddr_mc_phy/ddr_phy_4lanes_1.u_ddr_phy_4lanes/ddr_byte_lane_D.ddr_byte_lane_D/phaser_out/OCLKDIV
                         net (fo=10, routed)          0.309    10.129    i_ddr/u_xlnx_mig_7_ddr3_mig/u_memc_ui_top_axi/mem_intfc0/ddr_phy_top0/u_ddr_mc_phy_wrapper/u_ddr_mc_phy/ddr_phy_4lanes_1.u_ddr_phy_4lanes/ddr_byte_lane_D.ddr_byte_lane_D/ddr_byte_group_io/oserdes_clkdiv
    OLOGIC_X1Y98         OSERDESE2                                    r  i_ddr/u_xlnx_mig_7_ddr3_mig/u_memc_ui_top_axi/mem_intfc0/ddr_phy_top0/u_ddr_mc_phy_wrapper/u_ddr_mc_phy/ddr_phy_4lanes_1.u_ddr_phy_4lanes/ddr_byte_lane_D.ddr_byte_lane_D/ddr_byte_group_io/output_[9].oserdes_dq_.sdr.oserdes_dq_i/CLKDIV
                         clock pessimism              0.354    10.484    
                         clock uncertainty           -0.047    10.437    
    OLOGIC_X1Y98         OSERDESE2 (Setup_oserdese2_CLKDIV_RST)
                                                     -0.453     9.984    i_ddr/u_xlnx_mig_7_ddr3_mig/u_memc_ui_top_axi/mem_intfc0/ddr_phy_top0/u_ddr_mc_phy_wrapper/u_ddr_mc_phy/ddr_phy_4lanes_1.u_ddr_phy_4lanes/ddr_byte_lane_D.ddr_byte_lane_D/ddr_byte_group_io/output_[9].oserdes_dq_.sdr.oserdes_dq_i
  -------------------------------------------------------------------
                         required time                          9.984    
                         arrival time                          -9.577    
  -------------------------------------------------------------------
                         slack                                  0.407    

Slack (MET) :             0.424ns  (required time - arrival time)
  Source:                 i_ddr/u_xlnx_mig_7_ddr3_mig/u_memc_ui_top_axi/mem_intfc0/ddr_phy_top0/u_ddr_mc_phy_wrapper/u_ddr_mc_phy/ddr_phy_4lanes_1.u_ddr_phy_4lanes/ddr_byte_lane_B.ddr_byte_lane_B/phaser_out/OCLK
                            (rising edge-triggered cell PHASER_OUT_PHY clocked by oserdes_clk_5  {rise@0.000ns fall@0.625ns period=1.250ns})
  Destination:            i_ddr/u_xlnx_mig_7_ddr3_mig/u_memc_ui_top_axi/mem_intfc0/ddr_phy_top0/u_ddr_mc_phy_wrapper/u_ddr_mc_phy/ddr_phy_4lanes_1.u_ddr_phy_4lanes/ddr_byte_lane_B.ddr_byte_lane_B/ddr_byte_group_io/output_[4].oserdes_dq_.sdr.oserdes_dq_i/RST
                            (rising edge-triggered cell OSERDESE2 clocked by oserdes_clkdiv_5  {rise@0.000ns fall@2.500ns period=5.000ns})
  Path Group:             oserdes_clkdiv_5
  Path Type:              Setup (Max at Slow Process Corner)
  Requirement:            2.500ns  (oserdes_clkdiv_5 rise@5.000ns - oserdes_clk_5 rise@2.500ns)
  Data Path Delay:        1.999ns  (logic 0.466ns (23.307%)  route 1.533ns (76.693%))
  Logic Levels:           0  
  Clock Path Skew:        0.423ns (DCD - SCD + CPR)
    Destination Clock Delay (DCD):    5.110ns = ( 10.110 - 5.000 ) 
    Source Clock Delay      (SCD):    5.042ns = ( 8.792 - 3.750 ) 
    Clock Pessimism Removal (CPR):    0.354ns
  Clock Uncertainty:      0.047ns  ((TSJ^2 + DJ^2)^1/2) / 2 + PE
    Total System Jitter     (TSJ):    0.071ns
    Discrete Jitter          (DJ):    0.061ns
    Phase Error              (PE):    0.000ns
  Timing Exception:       MultiCycle Path   Setup -start 2    

    Location             Delay type                Incr(ns)  Path(ns)    Netlist Resource(s)
  -------------------------------------------------------------------    -------------------
                         (clock oserdes_clk_5 rise edge)
                                                      2.500     2.500 r  
    AD12                                              0.000     2.500 r  sys_clk_p (IN)
                         net (fo=0)                   0.000     2.500    i_ddr/u_xlnx_mig_7_ddr3_mig/u_ddr3_clk_ibuf/sys_clk_p
    AD12                 IBUFDS (Prop_ibufds_I_O)     0.832     3.332 r  i_ddr/u_xlnx_mig_7_ddr3_mig/u_ddr3_clk_ibuf/diff_input_clk.u_ibufg_sys_clk/O
                         net (fo=3, routed)           1.098     4.430    i_ddr/u_xlnx_mig_7_ddr3_mig/u_ddr3_infrastructure/out
    PLLE2_ADV_X1Y1       PLLE2_ADV (Prop_plle2_adv_CLKIN1_CLKOUT1)
                                                      0.077     4.507 r  i_ddr/u_xlnx_mig_7_ddr3_mig/u_ddr3_infrastructure/plle2_i/CLKOUT1
                         net (fo=14, routed)          0.952     5.459    i_ddr/u_xlnx_mig_7_ddr3_mig/u_memc_ui_top_axi/mem_intfc0/ddr_phy_top0/u_ddr_mc_phy_wrapper/u_ddr_mc_phy/ddr_phy_4lanes_1.u_ddr_phy_4lanes/ddr_byte_lane_B.ddr_byte_lane_B/mem_refclk
    PHASER_OUT_PHY_X1Y5  PHASER_OUT_PHY (Prop_phaser_out_phy_MEMREFCLK_OCLK)
                                                      2.083     7.542 r  i_ddr/u_xlnx_mig_7_ddr3_mig/u_memc_ui_top_axi/mem_intfc0/ddr_phy_top0/u_ddr_mc_phy_wrapper/u_ddr_mc_phy/ddr_phy_4lanes_1.u_ddr_phy_4lanes/ddr_byte_lane_B.ddr_byte_lane_B/phaser_out/OCLK
  -------------------------------------------------------------------    -------------------
    PHASER_OUT_PHY_X1Y5  PHASER_OUT_PHY (Prop_phaser_out_phy_OCLK_OSERDESRST)
                                                      0.466     8.008 r  i_ddr/u_xlnx_mig_7_ddr3_mig/u_memc_ui_top_axi/mem_intfc0/ddr_phy_top0/u_ddr_mc_phy_wrapper/u_ddr_mc_phy/ddr_phy_4lanes_1.u_ddr_phy_4lanes/ddr_byte_lane_B.ddr_byte_lane_B/phaser_out/OSERDESRST
                         net (fo=3, routed)           1.533     9.541    i_ddr/u_xlnx_mig_7_ddr3_mig/u_memc_ui_top_axi/mem_intfc0/ddr_phy_top0/u_ddr_mc_phy_wrapper/u_ddr_mc_phy/ddr_phy_4lanes_1.u_ddr_phy_4lanes/ddr_byte_lane_B.ddr_byte_lane_B/ddr_byte_group_io/oserdes_rst
    OLOGIC_X1Y67         OSERDESE2                                    r  i_ddr/u_xlnx_mig_7_ddr3_mig/u_memc_ui_top_axi/mem_intfc0/ddr_phy_top0/u_ddr_mc_phy_wrapper/u_ddr_mc_phy/ddr_phy_4lanes_1.u_ddr_phy_4lanes/ddr_byte_lane_B.ddr_byte_lane_B/ddr_byte_group_io/output_[4].oserdes_dq_.sdr.oserdes_dq_i/RST
  -------------------------------------------------------------------    -------------------

                         (clock oserdes_clkdiv_5 rise edge)
                                                      5.000     5.000 r  
    AD12                                              0.000     5.000 r  sys_clk_p (IN)
                         net (fo=0)                   0.000     5.000    i_ddr/u_xlnx_mig_7_ddr3_mig/u_ddr3_clk_ibuf/sys_clk_p
    AD12                 IBUFDS (Prop_ibufds_I_O)     0.735     5.735 r  i_ddr/u_xlnx_mig_7_ddr3_mig/u_ddr3_clk_ibuf/diff_input_clk.u_ibufg_sys_clk/O
                         net (fo=3, routed)           1.001     6.736    i_ddr/u_xlnx_mig_7_ddr3_mig/u_ddr3_infrastructure/out
    PLLE2_ADV_X1Y1       PLLE2_ADV (Prop_plle2_adv_CLKIN1_CLKOUT1)
                                                      0.073     6.809 r  i_ddr/u_xlnx_mig_7_ddr3_mig/u_ddr3_infrastructure/plle2_i/CLKOUT1
                         net (fo=14, routed)          0.851     7.660    i_ddr/u_xlnx_mig_7_ddr3_mig/u_memc_ui_top_axi/mem_intfc0/ddr_phy_top0/u_ddr_mc_phy_wrapper/u_ddr_mc_phy/ddr_phy_4lanes_1.u_ddr_phy_4lanes/ddr_byte_lane_B.ddr_byte_lane_B/mem_refclk
    PHASER_OUT_PHY_X1Y5  PHASER_OUT_PHY (Prop_phaser_out_phy_MEMREFCLK_OCLK)
                                                      2.027     9.687 r  i_ddr/u_xlnx_mig_7_ddr3_mig/u_memc_ui_top_axi/mem_intfc0/ddr_phy_top0/u_ddr_mc_phy_wrapper/u_ddr_mc_phy/ddr_phy_4lanes_1.u_ddr_phy_4lanes/ddr_byte_lane_B.ddr_byte_lane_B/phaser_out/OCLK
    PHASER_OUT_PHY_X1Y5  PHASER_OUT_PHY (Prop_phaser_out_phy_OCLK_OCLKDIV)
                                                      0.133     9.820 r  i_ddr/u_xlnx_mig_7_ddr3_mig/u_memc_ui_top_axi/mem_intfc0/ddr_phy_top0/u_ddr_mc_phy_wrapper/u_ddr_mc_phy/ddr_phy_4lanes_1.u_ddr_phy_4lanes/ddr_byte_lane_B.ddr_byte_lane_B/phaser_out/OCLKDIV
                         net (fo=4, routed)           0.290    10.110    i_ddr/u_xlnx_mig_7_ddr3_mig/u_memc_ui_top_axi/mem_intfc0/ddr_phy_top0/u_ddr_mc_phy_wrapper/u_ddr_mc_phy/ddr_phy_4lanes_1.u_ddr_phy_4lanes/ddr_byte_lane_B.ddr_byte_lane_B/ddr_byte_group_io/oserdes_clkdiv
    OLOGIC_X1Y67         OSERDESE2                                    r  i_ddr/u_xlnx_mig_7_ddr3_mig/u_memc_ui_top_axi/mem_intfc0/ddr_phy_top0/u_ddr_mc_phy_wrapper/u_ddr_mc_phy/ddr_phy_4lanes_1.u_ddr_phy_4lanes/ddr_byte_lane_B.ddr_byte_lane_B/ddr_byte_group_io/output_[4].oserdes_dq_.sdr.oserdes_dq_i/CLKDIV
                         clock pessimism              0.354    10.465    
                         clock uncertainty           -0.047    10.418    
    OLOGIC_X1Y67         OSERDESE2 (Setup_oserdese2_CLKDIV_RST)
                                                     -0.453     9.965    i_ddr/u_xlnx_mig_7_ddr3_mig/u_memc_ui_top_axi/mem_intfc0/ddr_phy_top0/u_ddr_mc_phy_wrapper/u_ddr_mc_phy/ddr_phy_4lanes_1.u_ddr_phy_4lanes/ddr_byte_lane_B.ddr_byte_lane_B/ddr_byte_group_io/output_[4].oserdes_dq_.sdr.oserdes_dq_i
  -------------------------------------------------------------------
                         required time                          9.965    
                         arrival time                          -9.541    
  -------------------------------------------------------------------
                         slack                                  0.424    

Slack (MET) :             0.505ns  (required time - arrival time)
  Source:                 i_ddr/u_xlnx_mig_7_ddr3_mig/u_memc_ui_top_axi/mem_intfc0/ddr_phy_top0/u_ddr_mc_phy_wrapper/u_ddr_mc_phy/ddr_phy_4lanes_1.u_ddr_phy_4lanes/ddr_byte_lane_A.ddr_byte_lane_A/phaser_out/OCLK
                            (rising edge-triggered cell PHASER_OUT_PHY clocked by oserdes_clk_4  {rise@0.000ns fall@0.625ns period=1.250ns})
  Destination:            i_ddr/u_xlnx_mig_7_ddr3_mig/u_memc_ui_top_axi/mem_intfc0/ddr_phy_top0/u_ddr_mc_phy_wrapper/u_ddr_mc_phy/ddr_phy_4lanes_1.u_ddr_phy_4lanes/ddr_byte_lane_A.ddr_byte_lane_A/out_fifo/RDEN
                            (rising edge-triggered cell OUT_FIFO clocked by oserdes_clkdiv_4  {rise@0.000ns fall@2.500ns period=5.000ns})
  Path Group:             oserdes_clkdiv_4
  Path Type:              Setup (Max at Slow Process Corner)
  Requirement:            1.250ns  (oserdes_clkdiv_4 rise@5.000ns - oserdes_clk_4 rise@3.750ns)
  Data Path Delay:        0.301ns  (logic 0.301ns (100.000%)  route 0.000ns (0.000%))
  Logic Levels:           0  
  Clock Path Skew:        0.133ns (DCD - SCD + CPR)
    Destination Clock Delay (DCD):    4.829ns = ( 9.829 - 5.000 ) 
    Source Clock Delay      (SCD):    5.052ns = ( 8.802 - 3.750 ) 
    Clock Pessimism Removal (CPR):    0.355ns
  Clock Uncertainty:      0.047ns  ((TSJ^2 + DJ^2)^1/2) / 2 + PE
    Total System Jitter     (TSJ):    0.071ns
    Discrete Jitter          (DJ):    0.061ns
    Phase Error              (PE):    0.000ns

    Location             Delay type                Incr(ns)  Path(ns)    Netlist Resource(s)
  -------------------------------------------------------------------    -------------------
                         (clock oserdes_clk_4 rise edge)
                                                      3.750     3.750 r  
    AD12                                              0.000     3.750 r  sys_clk_p (IN)
                         net (fo=0)                   0.000     3.750    i_ddr/u_xlnx_mig_7_ddr3_mig/u_ddr3_clk_ibuf/sys_clk_p
    AD12                 IBUFDS (Prop_ibufds_I_O)     0.832     4.582 r  i_ddr/u_xlnx_mig_7_ddr3_mig/u_ddr3_clk_ibuf/diff_input_clk.u_ibufg_sys_clk/O
                         net (fo=3, routed)           1.098     5.680    i_ddr/u_xlnx_mig_7_ddr3_mig/u_ddr3_infrastructure/out
    PLLE2_ADV_X1Y1       PLLE2_ADV (Prop_plle2_adv_CLKIN1_CLKOUT1)
                                                      0.077     5.757 r  i_ddr/u_xlnx_mig_7_ddr3_mig/u_ddr3_infrastructure/plle2_i/CLKOUT1
                         net (fo=14, routed)          0.962     6.719    i_ddr/u_xlnx_mig_7_ddr3_mig/u_memc_ui_top_axi/mem_intfc0/ddr_phy_top0/u_ddr_mc_phy_wrapper/u_ddr_mc_phy/ddr_phy_4lanes_1.u_ddr_phy_4lanes/ddr_byte_lane_A.ddr_byte_lane_A/mem_refclk
    PHASER_OUT_PHY_X1Y4  PHASER_OUT_PHY (Prop_phaser_out_phy_MEMREFCLK_OCLK)
                                                      2.083     8.802 r  i_ddr/u_xlnx_mig_7_ddr3_mig/u_memc_ui_top_axi/mem_intfc0/ddr_phy_top0/u_ddr_mc_phy_wrapper/u_ddr_mc_phy/ddr_phy_4lanes_1.u_ddr_phy_4lanes/ddr_byte_lane_A.ddr_byte_lane_A/phaser_out/OCLK
  -------------------------------------------------------------------    -------------------
    PHASER_OUT_PHY_X1Y4  PHASER_OUT_PHY (Prop_phaser_out_phy_OCLK_RDENABLE)
                                                      0.301     9.103 r  i_ddr/u_xlnx_mig_7_ddr3_mig/u_memc_ui_top_axi/mem_intfc0/ddr_phy_top0/u_ddr_mc_phy_wrapper/u_ddr_mc_phy/ddr_phy_4lanes_1.u_ddr_phy_4lanes/ddr_byte_lane_A.ddr_byte_lane_A/phaser_out/RDENABLE
                         net (fo=1, routed)           0.000     9.103    i_ddr/u_xlnx_mig_7_ddr3_mig/u_memc_ui_top_axi/mem_intfc0/ddr_phy_top0/u_ddr_mc_phy_wrapper/u_ddr_mc_phy/ddr_phy_4lanes_1.u_ddr_phy_4lanes/ddr_byte_lane_A.ddr_byte_lane_A/po_rd_enable
    OUT_FIFO_X1Y4        OUT_FIFO                                     r  i_ddr/u_xlnx_mig_7_ddr3_mig/u_memc_ui_top_axi/mem_intfc0/ddr_phy_top0/u_ddr_mc_phy_wrapper/u_ddr_mc_phy/ddr_phy_4lanes_1.u_ddr_phy_4lanes/ddr_byte_lane_A.ddr_byte_lane_A/out_fifo/RDEN
  -------------------------------------------------------------------    -------------------

                         (clock oserdes_clkdiv_4 rise edge)
                                                      5.000     5.000 r  
    AD12                                              0.000     5.000 r  sys_clk_p (IN)
                         net (fo=0)                   0.000     5.000    i_ddr/u_xlnx_mig_7_ddr3_mig/u_ddr3_clk_ibuf/sys_clk_p
    AD12                 IBUFDS (Prop_ibufds_I_O)     0.735     5.735 r  i_ddr/u_xlnx_mig_7_ddr3_mig/u_ddr3_clk_ibuf/diff_input_clk.u_ibufg_sys_clk/O
                         net (fo=3, routed)           1.001     6.736    i_ddr/u_xlnx_mig_7_ddr3_mig/u_ddr3_infrastructure/out
    PLLE2_ADV_X1Y1       PLLE2_ADV (Prop_plle2_adv_CLKIN1_CLKOUT1)
                                                      0.073     6.809 r  i_ddr/u_xlnx_mig_7_ddr3_mig/u_ddr3_infrastructure/plle2_i/CLKOUT1
                         net (fo=14, routed)          0.860     7.669    i_ddr/u_xlnx_mig_7_ddr3_mig/u_memc_ui_top_axi/mem_intfc0/ddr_phy_top0/u_ddr_mc_phy_wrapper/u_ddr_mc_phy/ddr_phy_4lanes_1.u_ddr_phy_4lanes/ddr_byte_lane_A.ddr_byte_lane_A/mem_refclk
    PHASER_OUT_PHY_X1Y4  PHASER_OUT_PHY (Prop_phaser_out_phy_MEMREFCLK_OCLK)
                                                      2.027     9.696 r  i_ddr/u_xlnx_mig_7_ddr3_mig/u_memc_ui_top_axi/mem_intfc0/ddr_phy_top0/u_ddr_mc_phy_wrapper/u_ddr_mc_phy/ddr_phy_4lanes_1.u_ddr_phy_4lanes/ddr_byte_lane_A.ddr_byte_lane_A/phaser_out/OCLK
    PHASER_OUT_PHY_X1Y4  PHASER_OUT_PHY (Prop_phaser_out_phy_OCLK_OCLKDIV)
                                                      0.133     9.829 r  i_ddr/u_xlnx_mig_7_ddr3_mig/u_memc_ui_top_axi/mem_intfc0/ddr_phy_top0/u_ddr_mc_phy_wrapper/u_ddr_mc_phy/ddr_phy_4lanes_1.u_ddr_phy_4lanes/ddr_byte_lane_A.ddr_byte_lane_A/phaser_out/OCLKDIV
                         net (fo=3, routed)           0.000     9.829    i_ddr/u_xlnx_mig_7_ddr3_mig/u_memc_ui_top_axi/mem_intfc0/ddr_phy_top0/u_ddr_mc_phy_wrapper/u_ddr_mc_phy/ddr_phy_4lanes_1.u_ddr_phy_4lanes/ddr_byte_lane_A.ddr_byte_lane_A/oserdes_clkdiv
    OUT_FIFO_X1Y4        OUT_FIFO                                     r  i_ddr/u_xlnx_mig_7_ddr3_mig/u_memc_ui_top_axi/mem_intfc0/ddr_phy_top0/u_ddr_mc_phy_wrapper/u_ddr_mc_phy/ddr_phy_4lanes_1.u_ddr_phy_4lanes/ddr_byte_lane_A.ddr_byte_lane_A/out_fifo/RDCLK
                         clock pessimism              0.355    10.185    
                         clock uncertainty           -0.047    10.138    
    OUT_FIFO_X1Y4        OUT_FIFO (Setup_out_fifo_RDCLK_RDEN)
                                                     -0.530     9.608    i_ddr/u_xlnx_mig_7_ddr3_mig/u_memc_ui_top_axi/mem_intfc0/ddr_phy_top0/u_ddr_mc_phy_wrapper/u_ddr_mc_phy/ddr_phy_4lanes_1.u_ddr_phy_4lanes/ddr_byte_lane_A.ddr_byte_lane_A/out_fifo
  -------------------------------------------------------------------
                         required time                          9.608    
                         arrival time                          -9.103    
  -------------------------------------------------------------------
                         slack                                  0.505    

Slack (MET) :             0.592ns  (required time - arrival time)
  Source:                 i_ddr/u_xlnx_mig_7_ddr3_mig/u_memc_ui_top_axi/mem_intfc0/ddr_phy_top0/u_ddr_calib_top/idelay_inc_r2_reg/C
                            (rising edge-triggered cell FDRE clocked by clk_pll_i  {rise@0.000ns fall@2.500ns period=5.000ns})
  Destination:            i_ddr/u_xlnx_mig_7_ddr3_mig/u_memc_ui_top_axi/mem_intfc0/ddr_phy_top0/u_ddr_mc_phy_wrapper/u_ddr_mc_phy/ddr_phy_4lanes_0.u_ddr_phy_4lanes/ddr_byte_lane_A.ddr_byte_lane_A/ddr_byte_group_io/input_[0].iserdes_dq_.idelay_finedelay_dq.idelaye2/INC
                            (rising edge-triggered cell IDELAYE2_FINEDELAY clocked by clk_pll_i  {rise@0.000ns fall@2.500ns period=5.000ns})
  Path Group:             clk_pll_i
  Path Type:              Setup (Max at Slow Process Corner)
  Requirement:            5.000ns  (clk_pll_i rise@5.000ns - clk_pll_i rise@0.000ns)
  Data Path Delay:        4.252ns  (logic 0.223ns (5.244%)  route 4.029ns (94.756%))
  Logic Levels:           0  
  Clock Path Skew:        0.012ns (DCD - SCD + CPR)
    Destination Clock Delay (DCD):    3.428ns = ( 8.428 - 5.000 ) 
    Source Clock Delay      (SCD):    3.761ns
    Clock Pessimism Removal (CPR):    0.344ns
  Clock Uncertainty:      0.052ns  ((TSJ^2 + DJ^2)^1/2) / 2 + PE
    Total System Jitter     (TSJ):    0.071ns
    Discrete Jitter          (DJ):    0.077ns
    Phase Error              (PE):    0.000ns

    Location             Delay type                Incr(ns)  Path(ns)    Netlist Resource(s)
  -------------------------------------------------------------------    -------------------
                         (clock clk_pll_i rise edge)
                                                      0.000     0.000 r  
    AD12                                              0.000     0.000 r  sys_clk_p (IN)
                         net (fo=0)                   0.000     0.000    i_ddr/u_xlnx_mig_7_ddr3_mig/u_ddr3_clk_ibuf/sys_clk_p
    AD12                 IBUFDS (Prop_ibufds_I_O)     0.832     0.832 r  i_ddr/u_xlnx_mig_7_ddr3_mig/u_ddr3_clk_ibuf/diff_input_clk.u_ibufg_sys_clk/O
                         net (fo=3, routed)           1.098     1.930    i_ddr/u_xlnx_mig_7_ddr3_mig/u_ddr3_infrastructure/out
    PLLE2_ADV_X1Y1       PLLE2_ADV (Prop_plle2_adv_CLKIN1_CLKOUT3)
                                                      0.077     2.007 r  i_ddr/u_xlnx_mig_7_ddr3_mig/u_ddr3_infrastructure/plle2_i/CLKOUT3
                         net (fo=1, routed)           1.155     3.162    i_ddr/u_xlnx_mig_7_ddr3_mig/u_ddr3_infrastructure/pll_clk3_out
    BUFHCE_X1Y12         BUFH (Prop_bufh_I_O)         0.103     3.265 r  i_ddr/u_xlnx_mig_7_ddr3_mig/u_ddr3_infrastructure/u_bufh_pll_clk3/O
                         net (fo=1, routed)           0.790     4.055    i_ddr/u_xlnx_mig_7_ddr3_mig/u_ddr3_infrastructure/pll_clk3
    MMCME2_ADV_X1Y1      MMCME2_ADV (Prop_mmcme2_adv_CLKIN1_CLKFBOUT)
                                                     -3.987     0.068 r  i_ddr/u_xlnx_mig_7_ddr3_mig/u_ddr3_infrastructure/gen_mmcm.mmcm_i/CLKFBOUT
                         net (fo=1, routed)           2.130     2.198    i_ddr/u_xlnx_mig_7_ddr3_mig/u_ddr3_infrastructure/clk_pll_i
    BUFGCTRL_X0Y1        BUFG (Prop_bufg_I_O)         0.093     2.291 r  i_ddr/u_xlnx_mig_7_ddr3_mig/u_ddr3_infrastructure/u_bufg_clkdiv0/O
                         net (fo=11414, routed)       1.470     3.761    i_ddr/u_xlnx_mig_7_ddr3_mig/u_memc_ui_top_axi/mem_intfc0/ddr_phy_top0/u_ddr_calib_top/CLK
    SLICE_X129Y149       FDRE                                         r  i_ddr/u_xlnx_mig_7_ddr3_mig/u_memc_ui_top_axi/mem_intfc0/ddr_phy_top0/u_ddr_calib_top/idelay_inc_r2_reg/C
  -------------------------------------------------------------------    -------------------
    SLICE_X129Y149       FDRE (Prop_fdre_C_Q)         0.223     3.984 r  i_ddr/u_xlnx_mig_7_ddr3_mig/u_memc_ui_top_axi/mem_intfc0/ddr_phy_top0/u_ddr_calib_top/idelay_inc_r2_reg/Q
                         net (fo=32, routed)          4.029     8.013    i_ddr/u_xlnx_mig_7_ddr3_mig/u_memc_ui_top_axi/mem_intfc0/ddr_phy_top0/u_ddr_mc_phy_wrapper/u_ddr_mc_phy/ddr_phy_4lanes_0.u_ddr_phy_4lanes/ddr_byte_lane_A.ddr_byte_lane_A/ddr_byte_group_io/idelay_inc
    IDELAY_X1Y101        IDELAYE2_FINEDELAY                           r  i_ddr/u_xlnx_mig_7_ddr3_mig/u_memc_ui_top_axi/mem_intfc0/ddr_phy_top0/u_ddr_mc_phy_wrapper/u_ddr_mc_phy/ddr_phy_4lanes_0.u_ddr_phy_4lanes/ddr_byte_lane_A.ddr_byte_lane_A/ddr_byte_group_io/input_[0].iserdes_dq_.idelay_finedelay_dq.idelaye2/INC
  -------------------------------------------------------------------    -------------------

                         (clock clk_pll_i rise edge)
                                                      5.000     5.000 r  
    AD12                                              0.000     5.000 r  sys_clk_p (IN)
                         net (fo=0)                   0.000     5.000    i_ddr/u_xlnx_mig_7_ddr3_mig/u_ddr3_clk_ibuf/sys_clk_p
    AD12                 IBUFDS (Prop_ibufds_I_O)     0.735     5.735 r  i_ddr/u_xlnx_mig_7_ddr3_mig/u_ddr3_clk_ibuf/diff_input_clk.u_ibufg_sys_clk/O
                         net (fo=3, routed)           1.001     6.736    i_ddr/u_xlnx_mig_7_ddr3_mig/u_ddr3_infrastructure/out
    PLLE2_ADV_X1Y1       PLLE2_ADV (Prop_plle2_adv_CLKIN1_CLKOUT3)
                                                      0.073     6.809 r  i_ddr/u_xlnx_mig_7_ddr3_mig/u_ddr3_infrastructure/plle2_i/CLKOUT3
                         net (fo=1, routed)           1.043     7.852    i_ddr/u_xlnx_mig_7_ddr3_mig/u_ddr3_infrastructure/pll_clk3_out
    BUFHCE_X1Y12         BUFH (Prop_bufh_I_O)         0.066     7.918 r  i_ddr/u_xlnx_mig_7_ddr3_mig/u_ddr3_infrastructure/u_bufh_pll_clk3/O
                         net (fo=1, routed)           0.722     8.640    i_ddr/u_xlnx_mig_7_ddr3_mig/u_ddr3_infrastructure/pll_clk3
    MMCME2_ADV_X1Y1      MMCME2_ADV (Prop_mmcme2_adv_CLKIN1_CLKFBOUT)
                                                     -3.694     4.946 r  i_ddr/u_xlnx_mig_7_ddr3_mig/u_ddr3_infrastructure/gen_mmcm.mmcm_i/CLKFBOUT
                         net (fo=1, routed)           2.005     6.951    i_ddr/u_xlnx_mig_7_ddr3_mig/u_ddr3_infrastructure/clk_pll_i
    BUFGCTRL_X0Y1        BUFG (Prop_bufg_I_O)         0.083     7.034 r  i_ddr/u_xlnx_mig_7_ddr3_mig/u_ddr3_infrastructure/u_bufg_clkdiv0/O
                         net (fo=11414, routed)       1.394     8.428    i_ddr/u_xlnx_mig_7_ddr3_mig/u_memc_ui_top_axi/mem_intfc0/ddr_phy_top0/u_ddr_mc_phy_wrapper/u_ddr_mc_phy/ddr_phy_4lanes_0.u_ddr_phy_4lanes/ddr_byte_lane_A.ddr_byte_lane_A/ddr_byte_group_io/CLK
    IDELAY_X1Y101        IDELAYE2_FINEDELAY                           r  i_ddr/u_xlnx_mig_7_ddr3_mig/u_memc_ui_top_axi/mem_intfc0/ddr_phy_top0/u_ddr_mc_phy_wrapper/u_ddr_mc_phy/ddr_phy_4lanes_0.u_ddr_phy_4lanes/ddr_byte_lane_A.ddr_byte_lane_A/ddr_byte_group_io/input_[0].iserdes_dq_.idelay_finedelay_dq.idelaye2/C
                         clock pessimism              0.344     8.773    
                         clock uncertainty           -0.052     8.720    
    IDELAY_X1Y101        IDELAYE2_FINEDELAY (Setup_idelaye2_finedelay_C_INC)
                                                     -0.115     8.605    i_ddr/u_xlnx_mig_7_ddr3_mig/u_memc_ui_top_axi/mem_intfc0/ddr_phy_top0/u_ddr_mc_phy_wrapper/u_ddr_mc_phy/ddr_phy_4lanes_0.u_ddr_phy_4lanes/ddr_byte_lane_A.ddr_byte_lane_A/ddr_byte_group_io/input_[0].iserdes_dq_.idelay_finedelay_dq.idelaye2
  -------------------------------------------------------------------
                         required time                          8.605    
                         arrival time                          -8.013    
  -------------------------------------------------------------------
                         slack                                  0.592    

Slack (MET) :             0.822ns  (required time - arrival time)
  Source:                 i_ddr/u_xlnx_mig_7_ddr3_mig/u_memc_ui_top_axi/mem_intfc0/ddr_phy_top0/u_ddr_mc_phy_wrapper/u_ddr_mc_phy/ddr_phy_4lanes_0.u_ddr_phy_4lanes/ddr_byte_lane_B.ddr_byte_lane_B/ddr_byte_group_io/input_[2].iserdes_dq_.iserdesdq/CLKDIVP
                            (rising edge-triggered cell ISERDESE2 clocked by iserdes_clkdiv_1  {rise@1.172ns fall@2.422ns period=2.500ns})
  Destination:            i_ddr/u_xlnx_mig_7_ddr3_mig/u_memc_ui_top_axi/mem_intfc0/ddr_phy_top0/u_ddr_mc_phy_wrapper/u_ddr_mc_phy/ddr_phy_4lanes_0.u_ddr_phy_4lanes/ddr_byte_lane_B.ddr_byte_lane_B/in_fifo_gen.in_fifo/D2[2]
                            (rising edge-triggered cell IN_FIFO clocked by iserdes_clkdiv_1  {rise@1.172ns fall@2.422ns period=2.500ns})
  Path Group:             iserdes_clkdiv_1
  Path Type:              Setup (Max at Slow Process Corner)
  Requirement:            2.500ns  (iserdes_clkdiv_1 rise@3.672ns - iserdes_clkdiv_1 rise@1.172ns)
  Data Path Delay:        0.855ns  (logic 0.326ns (38.110%)  route 0.529ns (61.890%))
  Logic Levels:           0  
  Clock Path Skew:        -0.344ns (DCD - SCD + CPR)
    Destination Clock Delay (DCD):    4.423ns = ( 8.095 - 3.672 ) 
    Source Clock Delay      (SCD):    5.137ns = ( 6.309 - 1.172 ) 
    Clock Pessimism Removal (CPR):    0.369ns
  Clock Uncertainty:      0.047ns  ((TSJ^2 + DJ^2)^1/2) / 2 + PE
    Total System Jitter     (TSJ):    0.071ns
    Discrete Jitter          (DJ):    0.061ns
    Phase Error              (PE):    0.000ns

    Location             Delay type                Incr(ns)  Path(ns)    Netlist Resource(s)
  -------------------------------------------------------------------    -------------------
                         (clock iserdes_clkdiv_1 rise edge)
                                                      1.172     1.172 r  
    AD12                                              0.000     1.172 r  sys_clk_p (IN)
                         net (fo=0)                   0.000     1.172    i_ddr/u_xlnx_mig_7_ddr3_mig/u_ddr3_clk_ibuf/sys_clk_p
    AD12                 IBUFDS (Prop_ibufds_I_O)     0.832     2.004 r  i_ddr/u_xlnx_mig_7_ddr3_mig/u_ddr3_clk_ibuf/diff_input_clk.u_ibufg_sys_clk/O
                         net (fo=3, routed)           1.098     3.102    i_ddr/u_xlnx_mig_7_ddr3_mig/u_ddr3_infrastructure/out
    PLLE2_ADV_X1Y1       PLLE2_ADV (Prop_plle2_adv_CLKIN1_CLKOUT0)
                                                      0.077     3.179 r  i_ddr/u_xlnx_mig_7_ddr3_mig/u_ddr3_infrastructure/plle2_i/CLKOUT0
                         net (fo=14, routed)          1.204     4.383    i_ddr/u_xlnx_mig_7_ddr3_mig/u_memc_ui_top_axi/mem_intfc0/ddr_phy_top0/u_ddr_mc_phy_wrapper/u_ddr_mc_phy/ddr_phy_4lanes_0.u_ddr_phy_4lanes/ddr_byte_lane_B.ddr_byte_lane_B/freq_refclk
    PHASER_IN_PHY_X1Y9   PHASER_IN_PHY (Prop_phaser_in_phy_FREQREFCLK_ICLK)
                                                      1.428     5.811 r  i_ddr/u_xlnx_mig_7_ddr3_mig/u_memc_ui_top_axi/mem_intfc0/ddr_phy_top0/u_ddr_mc_phy_wrapper/u_ddr_mc_phy/ddr_phy_4lanes_0.u_ddr_phy_4lanes/ddr_byte_lane_B.ddr_byte_lane_B/phaser_in_gen.phaser_in/ICLK
    PHASER_IN_PHY_X1Y9   PHASER_IN_PHY (Prop_phaser_in_phy_ICLK_ICLKDIV)
                                                      0.154     5.965 r  i_ddr/u_xlnx_mig_7_ddr3_mig/u_memc_ui_top_axi/mem_intfc0/ddr_phy_top0/u_ddr_mc_phy_wrapper/u_ddr_mc_phy/ddr_phy_4lanes_0.u_ddr_phy_4lanes/ddr_byte_lane_B.ddr_byte_lane_B/phaser_in_gen.phaser_in/ICLKDIV
                         net (fo=9, routed)           0.344     6.309    i_ddr/u_xlnx_mig_7_ddr3_mig/u_memc_ui_top_axi/mem_intfc0/ddr_phy_top0/u_ddr_mc_phy_wrapper/u_ddr_mc_phy/ddr_phy_4lanes_0.u_ddr_phy_4lanes/ddr_byte_lane_B.ddr_byte_lane_B/ddr_byte_group_io/iserdes_clkdiv
    ILOGIC_X1Y115        ISERDESE2                                    r  i_ddr/u_xlnx_mig_7_ddr3_mig/u_memc_ui_top_axi/mem_intfc0/ddr_phy_top0/u_ddr_mc_phy_wrapper/u_ddr_mc_phy/ddr_phy_4lanes_0.u_ddr_phy_4lanes/ddr_byte_lane_B.ddr_byte_lane_B/ddr_byte_group_io/input_[2].iserdes_dq_.iserdesdq/CLKDIVP
  -------------------------------------------------------------------    -------------------
    ILOGIC_X1Y115        ISERDESE2 (Prop_iserdese2_CLKDIVP_Q2)
                                                      0.326     6.635 r  i_ddr/u_xlnx_mig_7_ddr3_mig/u_memc_ui_top_axi/mem_intfc0/ddr_phy_top0/u_ddr_mc_phy_wrapper/u_ddr_mc_phy/ddr_phy_4lanes_0.u_ddr_phy_4lanes/ddr_byte_lane_B.ddr_byte_lane_B/ddr_byte_group_io/input_[2].iserdes_dq_.iserdesdq/Q2
                         net (fo=1, routed)           0.529     7.164    i_ddr/u_xlnx_mig_7_ddr3_mig/u_memc_ui_top_axi/mem_intfc0/ddr_phy_top0/u_ddr_mc_phy_wrapper/u_ddr_mc_phy/ddr_phy_4lanes_0.u_ddr_phy_4lanes/ddr_byte_lane_B.ddr_byte_lane_B/if_d2[2]
    IN_FIFO_X1Y9         IN_FIFO                                      r  i_ddr/u_xlnx_mig_7_ddr3_mig/u_memc_ui_top_axi/mem_intfc0/ddr_phy_top0/u_ddr_mc_phy_wrapper/u_ddr_mc_phy/ddr_phy_4lanes_0.u_ddr_phy_4lanes/ddr_byte_lane_B.ddr_byte_lane_B/in_fifo_gen.in_fifo/D2[2]
  -------------------------------------------------------------------    -------------------

                         (clock iserdes_clkdiv_1 rise edge)
                                                      3.672     3.672 r  
    AD12                                              0.000     3.672 r  sys_clk_p (IN)
                         net (fo=0)                   0.000     3.672    i_ddr/u_xlnx_mig_7_ddr3_mig/u_ddr3_clk_ibuf/sys_clk_p
    AD12                 IBUFDS (Prop_ibufds_I_O)     0.735     4.407 r  i_ddr/u_xlnx_mig_7_ddr3_mig/u_ddr3_clk_ibuf/diff_input_clk.u_ibufg_sys_clk/O
                         net (fo=3, routed)           1.001     5.408    i_ddr/u_xlnx_mig_7_ddr3_mig/u_ddr3_infrastructure/out
    PLLE2_ADV_X1Y1       PLLE2_ADV (Prop_plle2_adv_CLKIN1_CLKOUT0)
                                                      0.073     5.481 r  i_ddr/u_xlnx_mig_7_ddr3_mig/u_ddr3_infrastructure/plle2_i/CLKOUT0
                         net (fo=14, routed)          1.075     6.556    i_ddr/u_xlnx_mig_7_ddr3_mig/u_memc_ui_top_axi/mem_intfc0/ddr_phy_top0/u_ddr_mc_phy_wrapper/u_ddr_mc_phy/ddr_phy_4lanes_0.u_ddr_phy_4lanes/ddr_byte_lane_B.ddr_byte_lane_B/freq_refclk
    PHASER_IN_PHY_X1Y9   PHASER_IN_PHY (Prop_phaser_in_phy_FREQREFCLK_ICLK)
                                                      1.394     7.950 r  i_ddr/u_xlnx_mig_7_ddr3_mig/u_memc_ui_top_axi/mem_intfc0/ddr_phy_top0/u_ddr_mc_phy_wrapper/u_ddr_mc_phy/ddr_phy_4lanes_0.u_ddr_phy_4lanes/ddr_byte_lane_B.ddr_byte_lane_B/phaser_in_gen.phaser_in/ICLK
    PHASER_IN_PHY_X1Y9   PHASER_IN_PHY (Prop_phaser_in_phy_ICLK_ICLKDIV)
                                                      0.145     8.095 r  i_ddr/u_xlnx_mig_7_ddr3_mig/u_memc_ui_top_axi/mem_intfc0/ddr_phy_top0/u_ddr_mc_phy_wrapper/u_ddr_mc_phy/ddr_phy_4lanes_0.u_ddr_phy_4lanes/ddr_byte_lane_B.ddr_byte_lane_B/phaser_in_gen.phaser_in/ICLKDIV
                         net (fo=9, routed)           0.000     8.095    i_ddr/u_xlnx_mig_7_ddr3_mig/u_memc_ui_top_axi/mem_intfc0/ddr_phy_top0/u_ddr_mc_phy_wrapper/u_ddr_mc_phy/ddr_phy_4lanes_0.u_ddr_phy_4lanes/ddr_byte_lane_B.ddr_byte_lane_B/iserdes_clkdiv
    IN_FIFO_X1Y9         IN_FIFO                                      r  i_ddr/u_xlnx_mig_7_ddr3_mig/u_memc_ui_top_axi/mem_intfc0/ddr_phy_top0/u_ddr_mc_phy_wrapper/u_ddr_mc_phy/ddr_phy_4lanes_0.u_ddr_phy_4lanes/ddr_byte_lane_B.ddr_byte_lane_B/in_fifo_gen.in_fifo/WRCLK
                         clock pessimism              0.369     8.465    
                         clock uncertainty           -0.047     8.418    
    IN_FIFO_X1Y9         IN_FIFO (Setup_in_fifo_WRCLK_D2[2])
                                                     -0.432     7.986    i_ddr/u_xlnx_mig_7_ddr3_mig/u_memc_ui_top_axi/mem_intfc0/ddr_phy_top0/u_ddr_mc_phy_wrapper/u_ddr_mc_phy/ddr_phy_4lanes_0.u_ddr_phy_4lanes/ddr_byte_lane_B.ddr_byte_lane_B/in_fifo_gen.in_fifo
  -------------------------------------------------------------------
                         required time                          7.986    
                         arrival time                          -7.164    
  -------------------------------------------------------------------
                         slack                                  0.822    

Slack (MET) :             0.900ns  (required time - arrival time)
  Source:                 i_ddr/u_xlnx_mig_7_ddr3_mig/u_memc_ui_top_axi/mem_intfc0/ddr_phy_top0/u_ddr_mc_phy_wrapper/u_ddr_mc_phy/ddr_phy_4lanes_0.u_ddr_phy_4lanes/ddr_byte_lane_D.ddr_byte_lane_D/ddr_byte_group_io/input_[1].iserdes_dq_.iserdesdq/CLKDIVP
                            (rising edge-triggered cell ISERDESE2 clocked by iserdes_clkdiv_3  {rise@1.172ns fall@2.422ns period=2.500ns})
  Destination:            i_ddr/u_xlnx_mig_7_ddr3_mig/u_memc_ui_top_axi/mem_intfc0/ddr_phy_top0/u_ddr_mc_phy_wrapper/u_ddr_mc_phy/ddr_phy_4lanes_0.u_ddr_phy_4lanes/ddr_byte_lane_D.ddr_byte_lane_D/in_fifo_gen.in_fifo/D1[2]
                            (rising edge-triggered cell IN_FIFO clocked by iserdes_clkdiv_3  {rise@1.172ns fall@2.422ns period=2.500ns})
  Path Group:             iserdes_clkdiv_3
  Path Type:              Setup (Max at Slow Process Corner)
  Requirement:            2.500ns  (iserdes_clkdiv_3 rise@3.672ns - iserdes_clkdiv_3 rise@1.172ns)
  Data Path Delay:        0.732ns  (logic 0.326ns (44.542%)  route 0.406ns (55.458%))
  Logic Levels:           0  
  Clock Path Skew:        -0.352ns (DCD - SCD + CPR)
    Destination Clock Delay (DCD):    4.405ns = ( 8.077 - 3.672 ) 
    Source Clock Delay      (SCD):    5.125ns = ( 6.297 - 1.172 ) 
    Clock Pessimism Removal (CPR):    0.367ns
  Clock Uncertainty:      0.047ns  ((TSJ^2 + DJ^2)^1/2) / 2 + PE
    Total System Jitter     (TSJ):    0.071ns
    Discrete Jitter          (DJ):    0.061ns
    Phase Error              (PE):    0.000ns

    Location             Delay type                Incr(ns)  Path(ns)    Netlist Resource(s)
  -------------------------------------------------------------------    -------------------
                         (clock iserdes_clkdiv_3 rise edge)
                                                      1.172     1.172 r  
    AD12                                              0.000     1.172 r  sys_clk_p (IN)
                         net (fo=0)                   0.000     1.172    i_ddr/u_xlnx_mig_7_ddr3_mig/u_ddr3_clk_ibuf/sys_clk_p
    AD12                 IBUFDS (Prop_ibufds_I_O)     0.832     2.004 r  i_ddr/u_xlnx_mig_7_ddr3_mig/u_ddr3_clk_ibuf/diff_input_clk.u_ibufg_sys_clk/O
                         net (fo=3, routed)           1.098     3.102    i_ddr/u_xlnx_mig_7_ddr3_mig/u_ddr3_infrastructure/out
    PLLE2_ADV_X1Y1       PLLE2_ADV (Prop_plle2_adv_CLKIN1_CLKOUT0)
                                                      0.077     3.179 r  i_ddr/u_xlnx_mig_7_ddr3_mig/u_ddr3_infrastructure/plle2_i/CLKOUT0
                         net (fo=14, routed)          1.184     4.363    i_ddr/u_xlnx_mig_7_ddr3_mig/u_memc_ui_top_axi/mem_intfc0/ddr_phy_top0/u_ddr_mc_phy_wrapper/u_ddr_mc_phy/ddr_phy_4lanes_0.u_ddr_phy_4lanes/ddr_byte_lane_D.ddr_byte_lane_D/freq_refclk
    PHASER_IN_PHY_X1Y11  PHASER_IN_PHY (Prop_phaser_in_phy_FREQREFCLK_ICLK)
                                                      1.428     5.791 r  i_ddr/u_xlnx_mig_7_ddr3_mig/u_memc_ui_top_axi/mem_intfc0/ddr_phy_top0/u_ddr_mc_phy_wrapper/u_ddr_mc_phy/ddr_phy_4lanes_0.u_ddr_phy_4lanes/ddr_byte_lane_D.ddr_byte_lane_D/phaser_in_gen.phaser_in/ICLK
    PHASER_IN_PHY_X1Y11  PHASER_IN_PHY (Prop_phaser_in_phy_ICLK_ICLKDIV)
                                                      0.154     5.945 r  i_ddr/u_xlnx_mig_7_ddr3_mig/u_memc_ui_top_axi/mem_intfc0/ddr_phy_top0/u_ddr_mc_phy_wrapper/u_ddr_mc_phy/ddr_phy_4lanes_0.u_ddr_phy_4lanes/ddr_byte_lane_D.ddr_byte_lane_D/phaser_in_gen.phaser_in/ICLKDIV
                         net (fo=9, routed)           0.352     6.297    i_ddr/u_xlnx_mig_7_ddr3_mig/u_memc_ui_top_axi/mem_intfc0/ddr_phy_top0/u_ddr_mc_phy_wrapper/u_ddr_mc_phy/ddr_phy_4lanes_0.u_ddr_phy_4lanes/ddr_byte_lane_D.ddr_byte_lane_D/ddr_byte_group_io/iserdes_clkdiv
    ILOGIC_X1Y138        ISERDESE2                                    r  i_ddr/u_xlnx_mig_7_ddr3_mig/u_memc_ui_top_axi/mem_intfc0/ddr_phy_top0/u_ddr_mc_phy_wrapper/u_ddr_mc_phy/ddr_phy_4lanes_0.u_ddr_phy_4lanes/ddr_byte_lane_D.ddr_byte_lane_D/ddr_byte_group_io/input_[1].iserdes_dq_.iserdesdq/CLKDIVP
  -------------------------------------------------------------------    -------------------
    ILOGIC_X1Y138        ISERDESE2 (Prop_iserdese2_CLKDIVP_Q2)
                                                      0.326     6.623 r  i_ddr/u_xlnx_mig_7_ddr3_mig/u_memc_ui_top_axi/mem_intfc0/ddr_phy_top0/u_ddr_mc_phy_wrapper/u_ddr_mc_phy/ddr_phy_4lanes_0.u_ddr_phy_4lanes/ddr_byte_lane_D.ddr_byte_lane_D/ddr_byte_group_io/input_[1].iserdes_dq_.iserdesdq/Q2
                         net (fo=1, routed)           0.406     7.028    i_ddr/u_xlnx_mig_7_ddr3_mig/u_memc_ui_top_axi/mem_intfc0/ddr_phy_top0/u_ddr_mc_phy_wrapper/u_ddr_mc_phy/ddr_phy_4lanes_0.u_ddr_phy_4lanes/ddr_byte_lane_D.ddr_byte_lane_D/if_d1[2]
    IN_FIFO_X1Y11        IN_FIFO                                      r  i_ddr/u_xlnx_mig_7_ddr3_mig/u_memc_ui_top_axi/mem_intfc0/ddr_phy_top0/u_ddr_mc_phy_wrapper/u_ddr_mc_phy/ddr_phy_4lanes_0.u_ddr_phy_4lanes/ddr_byte_lane_D.ddr_byte_lane_D/in_fifo_gen.in_fifo/D1[2]
  -------------------------------------------------------------------    -------------------

                         (clock iserdes_clkdiv_3 rise edge)
                                                      3.672     3.672 r  
    AD12                                              0.000     3.672 r  sys_clk_p (IN)
                         net (fo=0)                   0.000     3.672    i_ddr/u_xlnx_mig_7_ddr3_mig/u_ddr3_clk_ibuf/sys_clk_p
    AD12                 IBUFDS (Prop_ibufds_I_O)     0.735     4.407 r  i_ddr/u_xlnx_mig_7_ddr3_mig/u_ddr3_clk_ibuf/diff_input_clk.u_ibufg_sys_clk/O
                         net (fo=3, routed)           1.001     5.408    i_ddr/u_xlnx_mig_7_ddr3_mig/u_ddr3_infrastructure/out
    PLLE2_ADV_X1Y1       PLLE2_ADV (Prop_plle2_adv_CLKIN1_CLKOUT0)
                                                      0.073     5.481 r  i_ddr/u_xlnx_mig_7_ddr3_mig/u_ddr3_infrastructure/plle2_i/CLKOUT0
                         net (fo=14, routed)          1.057     6.538    i_ddr/u_xlnx_mig_7_ddr3_mig/u_memc_ui_top_axi/mem_intfc0/ddr_phy_top0/u_ddr_mc_phy_wrapper/u_ddr_mc_phy/ddr_phy_4lanes_0.u_ddr_phy_4lanes/ddr_byte_lane_D.ddr_byte_lane_D/freq_refclk
    PHASER_IN_PHY_X1Y11  PHASER_IN_PHY (Prop_phaser_in_phy_FREQREFCLK_ICLK)
                                                      1.394     7.932 r  i_ddr/u_xlnx_mig_7_ddr3_mig/u_memc_ui_top_axi/mem_intfc0/ddr_phy_top0/u_ddr_mc_phy_wrapper/u_ddr_mc_phy/ddr_phy_4lanes_0.u_ddr_phy_4lanes/ddr_byte_lane_D.ddr_byte_lane_D/phaser_in_gen.phaser_in/ICLK
    PHASER_IN_PHY_X1Y11  PHASER_IN_PHY (Prop_phaser_in_phy_ICLK_ICLKDIV)
                                                      0.145     8.077 r  i_ddr/u_xlnx_mig_7_ddr3_mig/u_memc_ui_top_axi/mem_intfc0/ddr_phy_top0/u_ddr_mc_phy_wrapper/u_ddr_mc_phy/ddr_phy_4lanes_0.u_ddr_phy_4lanes/ddr_byte_lane_D.ddr_byte_lane_D/phaser_in_gen.phaser_in/ICLKDIV
                         net (fo=9, routed)           0.000     8.077    i_ddr/u_xlnx_mig_7_ddr3_mig/u_memc_ui_top_axi/mem_intfc0/ddr_phy_top0/u_ddr_mc_phy_wrapper/u_ddr_mc_phy/ddr_phy_4lanes_0.u_ddr_phy_4lanes/ddr_byte_lane_D.ddr_byte_lane_D/iserdes_clkdiv
    IN_FIFO_X1Y11        IN_FIFO                                      r  i_ddr/u_xlnx_mig_7_ddr3_mig/u_memc_ui_top_axi/mem_intfc0/ddr_phy_top0/u_ddr_mc_phy_wrapper/u_ddr_mc_phy/ddr_phy_4lanes_0.u_ddr_phy_4lanes/ddr_byte_lane_D.ddr_byte_lane_D/in_fifo_gen.in_fifo/WRCLK
                         clock pessimism              0.367     8.445    
                         clock uncertainty           -0.047     8.398    
    IN_FIFO_X1Y11        IN_FIFO (Setup_in_fifo_WRCLK_D1[2])
                                                     -0.469     7.929    i_ddr/u_xlnx_mig_7_ddr3_mig/u_memc_ui_top_axi/mem_intfc0/ddr_phy_top0/u_ddr_mc_phy_wrapper/u_ddr_mc_phy/ddr_phy_4lanes_0.u_ddr_phy_4lanes/ddr_byte_lane_D.ddr_byte_lane_D/in_fifo_gen.in_fifo
  -------------------------------------------------------------------
                         required time                          7.929    
                         arrival time                          -7.028    
  -------------------------------------------------------------------
                         slack                                  0.900    

Slack (MET) :             0.949ns  (required time - arrival time)
  Source:                 i_ddr/u_xlnx_mig_7_ddr3_mig/u_memc_ui_top_axi/mem_intfc0/ddr_phy_top0/u_ddr_mc_phy_wrapper/u_ddr_mc_phy/ddr_phy_4lanes_0.u_ddr_phy_4lanes/ddr_byte_lane_A.ddr_byte_lane_A/ddr_byte_group_io/input_[6].iserdes_dq_.iserdesdq/CLKDIVP
                            (rising edge-triggered cell ISERDESE2 clocked by iserdes_clkdiv  {rise@1.172ns fall@2.422ns period=2.500ns})
  Destination:            i_ddr/u_xlnx_mig_7_ddr3_mig/u_memc_ui_top_axi/mem_intfc0/ddr_phy_top0/u_ddr_mc_phy_wrapper/u_ddr_mc_phy/ddr_phy_4lanes_0.u_ddr_phy_4lanes/ddr_byte_lane_A.ddr_byte_lane_A/in_fifo_gen.in_fifo/D6[0]
                            (rising edge-triggered cell IN_FIFO clocked by iserdes_clkdiv  {rise@1.172ns fall@2.422ns period=2.500ns})
  Path Group:             iserdes_clkdiv
  Path Type:              Setup (Max at Slow Process Corner)
  Requirement:            2.500ns  (iserdes_clkdiv rise@3.672ns - iserdes_clkdiv rise@1.172ns)
  Data Path Delay:        0.751ns  (logic 0.326ns (43.386%)  route 0.425ns (56.614%))
  Logic Levels:           0  
  Clock Path Skew:        -0.360ns (DCD - SCD + CPR)
    Destination Clock Delay (DCD):    4.424ns = ( 8.096 - 3.672 ) 
    Source Clock Delay      (SCD):    5.154ns = ( 6.326 - 1.172 ) 
    Clock Pessimism Removal (CPR):    0.369ns
  Clock Uncertainty:      0.047ns  ((TSJ^2 + DJ^2)^1/2) / 2 + PE
    Total System Jitter     (TSJ):    0.071ns
    Discrete Jitter          (DJ):    0.061ns
    Phase Error              (PE):    0.000ns

    Location             Delay type                Incr(ns)  Path(ns)    Netlist Resource(s)
  -------------------------------------------------------------------    -------------------
                         (clock iserdes_clkdiv rise edge)
                                                      1.172     1.172 r  
    AD12                                              0.000     1.172 r  sys_clk_p (IN)
                         net (fo=0)                   0.000     1.172    i_ddr/u_xlnx_mig_7_ddr3_mig/u_ddr3_clk_ibuf/sys_clk_p
    AD12                 IBUFDS (Prop_ibufds_I_O)     0.832     2.004 r  i_ddr/u_xlnx_mig_7_ddr3_mig/u_ddr3_clk_ibuf/diff_input_clk.u_ibufg_sys_clk/O
                         net (fo=3, routed)           1.098     3.102    i_ddr/u_xlnx_mig_7_ddr3_mig/u_ddr3_infrastructure/out
    PLLE2_ADV_X1Y1       PLLE2_ADV (Prop_plle2_adv_CLKIN1_CLKOUT0)
                                                      0.077     3.179 r  i_ddr/u_xlnx_mig_7_ddr3_mig/u_ddr3_infrastructure/plle2_i/CLKOUT0
                         net (fo=14, routed)          1.205     4.384    i_ddr/u_xlnx_mig_7_ddr3_mig/u_memc_ui_top_axi/mem_intfc0/ddr_phy_top0/u_ddr_mc_phy_wrapper/u_ddr_mc_phy/ddr_phy_4lanes_0.u_ddr_phy_4lanes/ddr_byte_lane_A.ddr_byte_lane_A/freq_refclk
    PHASER_IN_PHY_X1Y8   PHASER_IN_PHY (Prop_phaser_in_phy_FREQREFCLK_ICLK)
                                                      1.428     5.812 r  i_ddr/u_xlnx_mig_7_ddr3_mig/u_memc_ui_top_axi/mem_intfc0/ddr_phy_top0/u_ddr_mc_phy_wrapper/u_ddr_mc_phy/ddr_phy_4lanes_0.u_ddr_phy_4lanes/ddr_byte_lane_A.ddr_byte_lane_A/phaser_in_gen.phaser_in/ICLK
    PHASER_IN_PHY_X1Y8   PHASER_IN_PHY (Prop_phaser_in_phy_ICLK_ICLKDIV)
                                                      0.154     5.966 r  i_ddr/u_xlnx_mig_7_ddr3_mig/u_memc_ui_top_axi/mem_intfc0/ddr_phy_top0/u_ddr_mc_phy_wrapper/u_ddr_mc_phy/ddr_phy_4lanes_0.u_ddr_phy_4lanes/ddr_byte_lane_A.ddr_byte_lane_A/phaser_in_gen.phaser_in/ICLKDIV
                         net (fo=9, routed)           0.360     6.326    i_ddr/u_xlnx_mig_7_ddr3_mig/u_memc_ui_top_axi/mem_intfc0/ddr_phy_top0/u_ddr_mc_phy_wrapper/u_ddr_mc_phy/ddr_phy_4lanes_0.u_ddr_phy_4lanes/ddr_byte_lane_A.ddr_byte_lane_A/ddr_byte_group_io/iserdes_clkdiv
    ILOGIC_X1Y109        ISERDESE2                                    r  i_ddr/u_xlnx_mig_7_ddr3_mig/u_memc_ui_top_axi/mem_intfc0/ddr_phy_top0/u_ddr_mc_phy_wrapper/u_ddr_mc_phy/ddr_phy_4lanes_0.u_ddr_phy_4lanes/ddr_byte_lane_A.ddr_byte_lane_A/ddr_byte_group_io/input_[6].iserdes_dq_.iserdesdq/CLKDIVP
  -------------------------------------------------------------------    -------------------
    ILOGIC_X1Y109        ISERDESE2 (Prop_iserdese2_CLKDIVP_Q4)
                                                      0.326     6.652 r  i_ddr/u_xlnx_mig_7_ddr3_mig/u_memc_ui_top_axi/mem_intfc0/ddr_phy_top0/u_ddr_mc_phy_wrapper/u_ddr_mc_phy/ddr_phy_4lanes_0.u_ddr_phy_4lanes/ddr_byte_lane_A.ddr_byte_lane_A/ddr_byte_group_io/input_[6].iserdes_dq_.iserdesdq/Q4
                         net (fo=1, routed)           0.425     7.077    i_ddr/u_xlnx_mig_7_ddr3_mig/u_memc_ui_top_axi/mem_intfc0/ddr_phy_top0/u_ddr_mc_phy_wrapper/u_ddr_mc_phy/ddr_phy_4lanes_0.u_ddr_phy_4lanes/ddr_byte_lane_A.ddr_byte_lane_A/if_d6[0]
    IN_FIFO_X1Y8         IN_FIFO                                      r  i_ddr/u_xlnx_mig_7_ddr3_mig/u_memc_ui_top_axi/mem_intfc0/ddr_phy_top0/u_ddr_mc_phy_wrapper/u_ddr_mc_phy/ddr_phy_4lanes_0.u_ddr_phy_4lanes/ddr_byte_lane_A.ddr_byte_lane_A/in_fifo_gen.in_fifo/D6[0]
  -------------------------------------------------------------------    -------------------

                         (clock iserdes_clkdiv rise edge)
                                                      3.672     3.672 r  
    AD12                                              0.000     3.672 r  sys_clk_p (IN)
                         net (fo=0)                   0.000     3.672    i_ddr/u_xlnx_mig_7_ddr3_mig/u_ddr3_clk_ibuf/sys_clk_p
    AD12                 IBUFDS (Prop_ibufds_I_O)     0.735     4.407 r  i_ddr/u_xlnx_mig_7_ddr3_mig/u_ddr3_clk_ibuf/diff_input_clk.u_ibufg_sys_clk/O
                         net (fo=3, routed)           1.001     5.408    i_ddr/u_xlnx_mig_7_ddr3_mig/u_ddr3_infrastructure/out
    PLLE2_ADV_X1Y1       PLLE2_ADV (Prop_plle2_adv_CLKIN1_CLKOUT0)
                                                      0.073     5.481 r  i_ddr/u_xlnx_mig_7_ddr3_mig/u_ddr3_infrastructure/plle2_i/CLKOUT0
                         net (fo=14, routed)          1.076     6.557    i_ddr/u_xlnx_mig_7_ddr3_mig/u_memc_ui_top_axi/mem_intfc0/ddr_phy_top0/u_ddr_mc_phy_wrapper/u_ddr_mc_phy/ddr_phy_4lanes_0.u_ddr_phy_4lanes/ddr_byte_lane_A.ddr_byte_lane_A/freq_refclk
    PHASER_IN_PHY_X1Y8   PHASER_IN_PHY (Prop_phaser_in_phy_FREQREFCLK_ICLK)
                                                      1.394     7.951 r  i_ddr/u_xlnx_mig_7_ddr3_mig/u_memc_ui_top_axi/mem_intfc0/ddr_phy_top0/u_ddr_mc_phy_wrapper/u_ddr_mc_phy/ddr_phy_4lanes_0.u_ddr_phy_4lanes/ddr_byte_lane_A.ddr_byte_lane_A/phaser_in_gen.phaser_in/ICLK
    PHASER_IN_PHY_X1Y8   PHASER_IN_PHY (Prop_phaser_in_phy_ICLK_ICLKDIV)
                                                      0.145     8.096 r  i_ddr/u_xlnx_mig_7_ddr3_mig/u_memc_ui_top_axi/mem_intfc0/ddr_phy_top0/u_ddr_mc_phy_wrapper/u_ddr_mc_phy/ddr_phy_4lanes_0.u_ddr_phy_4lanes/ddr_byte_lane_A.ddr_byte_lane_A/phaser_in_gen.phaser_in/ICLKDIV
                         net (fo=9, routed)           0.000     8.096    i_ddr/u_xlnx_mig_7_ddr3_mig/u_memc_ui_top_axi/mem_intfc0/ddr_phy_top0/u_ddr_mc_phy_wrapper/u_ddr_mc_phy/ddr_phy_4lanes_0.u_ddr_phy_4lanes/ddr_byte_lane_A.ddr_byte_lane_A/iserdes_clkdiv
    IN_FIFO_X1Y8         IN_FIFO                                      r  i_ddr/u_xlnx_mig_7_ddr3_mig/u_memc_ui_top_axi/mem_intfc0/ddr_phy_top0/u_ddr_mc_phy_wrapper/u_ddr_mc_phy/ddr_phy_4lanes_0.u_ddr_phy_4lanes/ddr_byte_lane_A.ddr_byte_lane_A/in_fifo_gen.in_fifo/WRCLK
                         clock pessimism              0.369     8.466    
                         clock uncertainty           -0.047     8.419    
    IN_FIFO_X1Y8         IN_FIFO (Setup_in_fifo_WRCLK_D6[0])
                                                     -0.393     8.026    i_ddr/u_xlnx_mig_7_ddr3_mig/u_memc_ui_top_axi/mem_intfc0/ddr_phy_top0/u_ddr_mc_phy_wrapper/u_ddr_mc_phy/ddr_phy_4lanes_0.u_ddr_phy_4lanes/ddr_byte_lane_A.ddr_byte_lane_A/in_fifo_gen.in_fifo
  -------------------------------------------------------------------
                         required time                          8.026    
                         arrival time                          -7.077    
  -------------------------------------------------------------------
                         slack                                  0.949    

Slack (MET) :             0.992ns  (required time - arrival time)
  Source:                 i_ariane_peripherals/gen_ethernet.eth_rgmii/RAMB16_inst_tx/genblk1[0].RAMB16_S9_S36_inst/CLKARDCLK
                            (falling edge-triggered cell RAMB36E1 clocked by clk_out2_xlnx_clk_gen  {rise@0.000ns fall@4.000ns period=8.000ns})
  Destination:            i_ariane_peripherals/gen_ethernet.eth_rgmii/rgmii_soc1/core_inst/eth_mac_inst/eth_mac_1g_rgmii_inst/eth_mac_1g_inst/axis_gmii_tx_inst/s_tdata_reg_reg[5]/D
                            (rising edge-triggered cell FDRE clocked by clk_out2_xlnx_clk_gen  {rise@0.000ns fall@4.000ns period=8.000ns})
  Path Group:             clk_out2_xlnx_clk_gen
  Path Type:              Setup (Max at Slow Process Corner)
  Requirement:            4.000ns  (clk_out2_xlnx_clk_gen rise@8.000ns - clk_out2_xlnx_clk_gen fall@4.000ns)
  Data Path Delay:        3.005ns  (logic 1.846ns (61.434%)  route 1.159ns (38.566%))
  Logic Levels:           1  (LUT3=1)
  Clock Path Skew:        -0.025ns (DCD - SCD + CPR)
    Destination Clock Delay (DCD):    1.494ns = ( 9.494 - 8.000 ) 
    Source Clock Delay      (SCD):    1.609ns = ( 5.609 - 4.000 ) 
    Clock Pessimism Removal (CPR):    0.090ns
  Clock Uncertainty:      0.065ns  ((TSJ^2 + DJ^2)^1/2) / 2 + PE
    Total System Jitter     (TSJ):    0.071ns
    Discrete Jitter          (DJ):    0.109ns
    Phase Error              (PE):    0.000ns

    Location             Delay type                Incr(ns)  Path(ns)    Netlist Resource(s)
  -------------------------------------------------------------------    -------------------
                         (clock clk_out2_xlnx_clk_gen fall edge)
                                                      4.000     4.000 f  
    BUFGCTRL_X0Y1        BUFG                         0.000     4.000 f  i_ddr/u_xlnx_mig_7_ddr3_mig/u_ddr3_infrastructure/u_bufg_clkdiv0/O
                         net (fo=11414, routed)       1.936     5.936    i_xlnx_clk_gen/inst/clk_in1
    MMCME2_ADV_X1Y0      MMCME2_ADV (Prop_mmcme2_adv_CLKIN1_CLKOUT1)
                                                     -4.498     1.438 f  i_xlnx_clk_gen/inst/mmcm_adv_inst/CLKOUT1
                         net (fo=1, routed)           2.469     3.907    i_xlnx_clk_gen/inst/clk_out2_xlnx_clk_gen
    BUFGCTRL_X0Y2        BUFG (Prop_bufg_I_O)         0.093     4.000 f  i_xlnx_clk_gen/inst/clkout2_buf/O
                         net (fo=169, routed)         1.609     5.609    i_ariane_peripherals/gen_ethernet.eth_rgmii/RAMB16_inst_tx/clka
    RAMB36_X3Y16         RAMB36E1                                     r  i_ariane_peripherals/gen_ethernet.eth_rgmii/RAMB16_inst_tx/genblk1[0].RAMB16_S9_S36_inst/CLKARDCLK  (IS_INVERTED)
  -------------------------------------------------------------------    -------------------
    RAMB36_X3Y16         RAMB36E1 (Prop_ramb36e1_CLKARDCLK_DOADO[5])
                                                      1.800     7.409 r  i_ariane_peripherals/gen_ethernet.eth_rgmii/RAMB16_inst_tx/genblk1[0].RAMB16_S9_S36_inst/DOADO[5]
                         net (fo=1, routed)           1.159     8.567    i_ariane_peripherals/gen_ethernet.eth_rgmii/RAMB16_inst_tx/douta[5]
    SLICE_X122Y80        LUT3 (Prop_lut3_I2_O)        0.046     8.613 r  i_ariane_peripherals/gen_ethernet.eth_rgmii/RAMB16_inst_tx/s_tdata_reg[5]_i_1/O
                         net (fo=1, routed)           0.000     8.613    i_ariane_peripherals/gen_ethernet.eth_rgmii/rgmii_soc1/core_inst/eth_mac_inst/eth_mac_1g_rgmii_inst/eth_mac_1g_inst/axis_gmii_tx_inst/s_tdata_reg_reg[5]_0
    SLICE_X122Y80        FDRE                                         r  i_ariane_peripherals/gen_ethernet.eth_rgmii/rgmii_soc1/core_inst/eth_mac_inst/eth_mac_1g_rgmii_inst/eth_mac_1g_inst/axis_gmii_tx_inst/s_tdata_reg_reg[5]/D
  -------------------------------------------------------------------    -------------------

                         (clock clk_out2_xlnx_clk_gen rise edge)
                                                      8.000     8.000 r  
    BUFGCTRL_X0Y1        BUFG                         0.000     8.000 r  i_ddr/u_xlnx_mig_7_ddr3_mig/u_ddr3_infrastructure/u_bufg_clkdiv0/O
                         net (fo=11414, routed)       1.776     9.776    i_xlnx_clk_gen/inst/clk_in1
    MMCME2_ADV_X1Y0      MMCME2_ADV (Prop_mmcme2_adv_CLKIN1_CLKOUT1)
                                                     -4.195     5.581 r  i_xlnx_clk_gen/inst/mmcm_adv_inst/CLKOUT1
                         net (fo=1, routed)           2.336     7.917    i_xlnx_clk_gen/inst/clk_out2_xlnx_clk_gen
    BUFGCTRL_X0Y2        BUFG (Prop_bufg_I_O)         0.083     8.000 r  i_xlnx_clk_gen/inst/clkout2_buf/O
                         net (fo=169, routed)         1.494     9.494    i_ariane_peripherals/gen_ethernet.eth_rgmii/rgmii_soc1/core_inst/eth_mac_inst/eth_mac_1g_rgmii_inst/eth_mac_1g_inst/axis_gmii_tx_inst/clk_out2
    SLICE_X122Y80        FDRE                                         r  i_ariane_peripherals/gen_ethernet.eth_rgmii/rgmii_soc1/core_inst/eth_mac_inst/eth_mac_1g_rgmii_inst/eth_mac_1g_inst/axis_gmii_tx_inst/s_tdata_reg_reg[5]/C
                         clock pessimism              0.090     9.584    
                         clock uncertainty           -0.065     9.519    
    SLICE_X122Y80        FDRE (Setup_fdre_C_D)        0.086     9.605    i_ariane_peripherals/gen_ethernet.eth_rgmii/rgmii_soc1/core_inst/eth_mac_inst/eth_mac_1g_rgmii_inst/eth_mac_1g_inst/axis_gmii_tx_inst/s_tdata_reg_reg[5]
  -------------------------------------------------------------------
                         required time                          9.605    
                         arrival time                          -8.613    
  -------------------------------------------------------------------
                         slack                                  0.992    

Slack (MET) :             1.002ns  (required time - arrival time)
  Source:                 i_ddr/u_xlnx_mig_7_ddr3_mig/u_memc_ui_top_axi/mem_intfc0/ddr_phy_top0/u_ddr_mc_phy_wrapper/u_ddr_mc_phy/ddr_phy_4lanes_0.u_ddr_phy_4lanes/ddr_byte_lane_C.ddr_byte_lane_C/ddr_byte_group_io/input_[1].iserdes_dq_.iserdesdq/CLKDIVP
                            (rising edge-triggered cell ISERDESE2 clocked by iserdes_clkdiv_2  {rise@1.172ns fall@2.422ns period=2.500ns})
  Destination:            i_ddr/u_xlnx_mig_7_ddr3_mig/u_memc_ui_top_axi/mem_intfc0/ddr_phy_top0/u_ddr_mc_phy_wrapper/u_ddr_mc_phy/ddr_phy_4lanes_0.u_ddr_phy_4lanes/ddr_byte_lane_C.ddr_byte_lane_C/in_fifo_gen.in_fifo/D1[3]
                            (rising edge-triggered cell IN_FIFO clocked by iserdes_clkdiv_2  {rise@1.172ns fall@2.422ns period=2.500ns})
  Path Group:             iserdes_clkdiv_2
  Path Type:              Setup (Max at Slow Process Corner)
  Requirement:            2.500ns  (iserdes_clkdiv_2 rise@3.672ns - iserdes_clkdiv_2 rise@1.172ns)
  Data Path Delay:        0.643ns  (logic 0.326ns (50.688%)  route 0.317ns (49.312%))
  Logic Levels:           0  
  Clock Path Skew:        -0.339ns (DCD - SCD + CPR)
    Destination Clock Delay (DCD):    4.413ns = ( 8.085 - 3.672 ) 
    Source Clock Delay      (SCD):    5.120ns = ( 6.292 - 1.172 ) 
    Clock Pessimism Removal (CPR):    0.367ns
  Clock Uncertainty:      0.047ns  ((TSJ^2 + DJ^2)^1/2) / 2 + PE
    Total System Jitter     (TSJ):    0.071ns
    Discrete Jitter          (DJ):    0.061ns
    Phase Error              (PE):    0.000ns

    Location             Delay type                Incr(ns)  Path(ns)    Netlist Resource(s)
  -------------------------------------------------------------------    -------------------
                         (clock iserdes_clkdiv_2 rise edge)
                                                      1.172     1.172 r  
    AD12                                              0.000     1.172 r  sys_clk_p (IN)
                         net (fo=0)                   0.000     1.172    i_ddr/u_xlnx_mig_7_ddr3_mig/u_ddr3_clk_ibuf/sys_clk_p
    AD12                 IBUFDS (Prop_ibufds_I_O)     0.832     2.004 r  i_ddr/u_xlnx_mig_7_ddr3_mig/u_ddr3_clk_ibuf/diff_input_clk.u_ibufg_sys_clk/O
                         net (fo=3, routed)           1.098     3.102    i_ddr/u_xlnx_mig_7_ddr3_mig/u_ddr3_infrastructure/out
    PLLE2_ADV_X1Y1       PLLE2_ADV (Prop_plle2_adv_CLKIN1_CLKOUT0)
                                                      0.077     3.179 r  i_ddr/u_xlnx_mig_7_ddr3_mig/u_ddr3_infrastructure/plle2_i/CLKOUT0
                         net (fo=14, routed)          1.192     4.371    i_ddr/u_xlnx_mig_7_ddr3_mig/u_memc_ui_top_axi/mem_intfc0/ddr_phy_top0/u_ddr_mc_phy_wrapper/u_ddr_mc_phy/ddr_phy_4lanes_0.u_ddr_phy_4lanes/ddr_byte_lane_C.ddr_byte_lane_C/freq_refclk
    PHASER_IN_PHY_X1Y10  PHASER_IN_PHY (Prop_phaser_in_phy_FREQREFCLK_ICLK)
                                                      1.428     5.799 r  i_ddr/u_xlnx_mig_7_ddr3_mig/u_memc_ui_top_axi/mem_intfc0/ddr_phy_top0/u_ddr_mc_phy_wrapper/u_ddr_mc_phy/ddr_phy_4lanes_0.u_ddr_phy_4lanes/ddr_byte_lane_C.ddr_byte_lane_C/phaser_in_gen.phaser_in/ICLK
    PHASER_IN_PHY_X1Y10  PHASER_IN_PHY (Prop_phaser_in_phy_ICLK_ICLKDIV)
                                                      0.154     5.953 r  i_ddr/u_xlnx_mig_7_ddr3_mig/u_memc_ui_top_axi/mem_intfc0/ddr_phy_top0/u_ddr_mc_phy_wrapper/u_ddr_mc_phy/ddr_phy_4lanes_0.u_ddr_phy_4lanes/ddr_byte_lane_C.ddr_byte_lane_C/phaser_in_gen.phaser_in/ICLKDIV
                         net (fo=9, routed)           0.339     6.292    i_ddr/u_xlnx_mig_7_ddr3_mig/u_memc_ui_top_axi/mem_intfc0/ddr_phy_top0/u_ddr_mc_phy_wrapper/u_ddr_mc_phy/ddr_phy_4lanes_0.u_ddr_phy_4lanes/ddr_byte_lane_C.ddr_byte_lane_C/ddr_byte_group_io/iserdes_clkdiv
    ILOGIC_X1Y126        ISERDESE2                                    r  i_ddr/u_xlnx_mig_7_ddr3_mig/u_memc_ui_top_axi/mem_intfc0/ddr_phy_top0/u_ddr_mc_phy_wrapper/u_ddr_mc_phy/ddr_phy_4lanes_0.u_ddr_phy_4lanes/ddr_byte_lane_C.ddr_byte_lane_C/ddr_byte_group_io/input_[1].iserdes_dq_.iserdesdq/CLKDIVP
  -------------------------------------------------------------------    -------------------
    ILOGIC_X1Y126        ISERDESE2 (Prop_iserdese2_CLKDIVP_Q1)
                                                      0.326     6.618 r  i_ddr/u_xlnx_mig_7_ddr3_mig/u_memc_ui_top_axi/mem_intfc0/ddr_phy_top0/u_ddr_mc_phy_wrapper/u_ddr_mc_phy/ddr_phy_4lanes_0.u_ddr_phy_4lanes/ddr_byte_lane_C.ddr_byte_lane_C/ddr_byte_group_io/input_[1].iserdes_dq_.iserdesdq/Q1
                         net (fo=1, routed)           0.317     6.935    i_ddr/u_xlnx_mig_7_ddr3_mig/u_memc_ui_top_axi/mem_intfc0/ddr_phy_top0/u_ddr_mc_phy_wrapper/u_ddr_mc_phy/ddr_phy_4lanes_0.u_ddr_phy_4lanes/ddr_byte_lane_C.ddr_byte_lane_C/if_d1[3]
    IN_FIFO_X1Y10        IN_FIFO                                      r  i_ddr/u_xlnx_mig_7_ddr3_mig/u_memc_ui_top_axi/mem_intfc0/ddr_phy_top0/u_ddr_mc_phy_wrapper/u_ddr_mc_phy/ddr_phy_4lanes_0.u_ddr_phy_4lanes/ddr_byte_lane_C.ddr_byte_lane_C/in_fifo_gen.in_fifo/D1[3]
  -------------------------------------------------------------------    -------------------

                         (clock iserdes_clkdiv_2 rise edge)
                                                      3.672     3.672 r  
    AD12                                              0.000     3.672 r  sys_clk_p (IN)
                         net (fo=0)                   0.000     3.672    i_ddr/u_xlnx_mig_7_ddr3_mig/u_ddr3_clk_ibuf/sys_clk_p
    AD12                 IBUFDS (Prop_ibufds_I_O)     0.735     4.407 r  i_ddr/u_xlnx_mig_7_ddr3_mig/u_ddr3_clk_ibuf/diff_input_clk.u_ibufg_sys_clk/O
                         net (fo=3, routed)           1.001     5.408    i_ddr/u_xlnx_mig_7_ddr3_mig/u_ddr3_infrastructure/out
    PLLE2_ADV_X1Y1       PLLE2_ADV (Prop_plle2_adv_CLKIN1_CLKOUT0)
                                                      0.073     5.481 r  i_ddr/u_xlnx_mig_7_ddr3_mig/u_ddr3_infrastructure/plle2_i/CLKOUT0
                         net (fo=14, routed)          1.065     6.546    i_ddr/u_xlnx_mig_7_ddr3_mig/u_memc_ui_top_axi/mem_intfc0/ddr_phy_top0/u_ddr_mc_phy_wrapper/u_ddr_mc_phy/ddr_phy_4lanes_0.u_ddr_phy_4lanes/ddr_byte_lane_C.ddr_byte_lane_C/freq_refclk
    PHASER_IN_PHY_X1Y10  PHASER_IN_PHY (Prop_phaser_in_phy_FREQREFCLK_ICLK)
                                                      1.394     7.940 r  i_ddr/u_xlnx_mig_7_ddr3_mig/u_memc_ui_top_axi/mem_intfc0/ddr_phy_top0/u_ddr_mc_phy_wrapper/u_ddr_mc_phy/ddr_phy_4lanes_0.u_ddr_phy_4lanes/ddr_byte_lane_C.ddr_byte_lane_C/phaser_in_gen.phaser_in/ICLK
    PHASER_IN_PHY_X1Y10  PHASER_IN_PHY (Prop_phaser_in_phy_ICLK_ICLKDIV)
                                                      0.145     8.085 r  i_ddr/u_xlnx_mig_7_ddr3_mig/u_memc_ui_top_axi/mem_intfc0/ddr_phy_top0/u_ddr_mc_phy_wrapper/u_ddr_mc_phy/ddr_phy_4lanes_0.u_ddr_phy_4lanes/ddr_byte_lane_C.ddr_byte_lane_C/phaser_in_gen.phaser_in/ICLKDIV
                         net (fo=9, routed)           0.000     8.085    i_ddr/u_xlnx_mig_7_ddr3_mig/u_memc_ui_top_axi/mem_intfc0/ddr_phy_top0/u_ddr_mc_phy_wrapper/u_ddr_mc_phy/ddr_phy_4lanes_0.u_ddr_phy_4lanes/ddr_byte_lane_C.ddr_byte_lane_C/iserdes_clkdiv
    IN_FIFO_X1Y10        IN_FIFO                                      r  i_ddr/u_xlnx_mig_7_ddr3_mig/u_memc_ui_top_axi/mem_intfc0/ddr_phy_top0/u_ddr_mc_phy_wrapper/u_ddr_mc_phy/ddr_phy_4lanes_0.u_ddr_phy_4lanes/ddr_byte_lane_C.ddr_byte_lane_C/in_fifo_gen.in_fifo/WRCLK
                         clock pessimism              0.367     8.453    
                         clock uncertainty           -0.047     8.406    
    IN_FIFO_X1Y10        IN_FIFO (Setup_in_fifo_WRCLK_D1[3])
                                                     -0.469     7.937    i_ddr/u_xlnx_mig_7_ddr3_mig/u_memc_ui_top_axi/mem_intfc0/ddr_phy_top0/u_ddr_mc_phy_wrapper/u_ddr_mc_phy/ddr_phy_4lanes_0.u_ddr_phy_4lanes/ddr_byte_lane_C.ddr_byte_lane_C/in_fifo_gen.in_fifo
  -------------------------------------------------------------------
                         required time                          7.937    
                         arrival time                          -6.935    
  -------------------------------------------------------------------
                         slack                                  1.002    

Slack (MET) :             1.214ns  (required time - arrival time)
  Source:                 i_ariane/i_cva6/ex_stage_i/fpu_gen.fpu_i/fpu_gen.i_fpnew_bulk/gen_operation_groups[3].i_opgroup_block/gen_merged_slice.i_multifmt_slice/gen_num_lanes[0].active_lane.lane_instance.i_fpnew_cast_multi/gen_inside_pipeline[0].mid_pipe_dst_fmt_q_reg[1][1]/C
                            (rising edge-triggered cell FDCE clocked by clk_out1_xlnx_clk_gen  {rise@0.000ns fall@10.000ns period=20.000ns})
  Destination:            i_ariane/gen_example_coprocessor.i_cvxif_coprocessor/i_copro_alu/result_q_reg[63]/D
                            (rising edge-triggered cell FDCE clocked by clk_out1_xlnx_clk_gen  {rise@0.000ns fall@10.000ns period=20.000ns})
  Path Group:             clk_out1_xlnx_clk_gen
  Path Type:              Setup (Max at Slow Process Corner)
  Requirement:            20.000ns  (clk_out1_xlnx_clk_gen rise@20.000ns - clk_out1_xlnx_clk_gen rise@0.000ns)
  Data Path Delay:        18.807ns  (logic 4.539ns (24.135%)  route 14.268ns (75.865%))
  Logic Levels:           58  (CARRY4=31 LUT1=1 LUT2=1 LUT3=5 LUT4=2 LUT5=3 LUT6=14 MUXF7=1)
  Clock Path Skew:        0.039ns (DCD - SCD + CPR)
    Destination Clock Delay (DCD):    1.492ns = ( 21.492 - 20.000 ) 
    Source Clock Delay      (SCD):    1.468ns
    Clock Pessimism Removal (CPR):    0.015ns
  Clock Uncertainty:      0.076ns  ((TSJ^2 + DJ^2)^1/2) / 2 + PE
    Total System Jitter     (TSJ):    0.071ns
    Discrete Jitter          (DJ):    0.135ns
    Phase Error              (PE):    0.000ns

    Location             Delay type                Incr(ns)  Path(ns)    Netlist Resource(s)
  -------------------------------------------------------------------    -------------------
                         (clock clk_out1_xlnx_clk_gen rise edge)
                                                      0.000     0.000 r  
    BUFGCTRL_X0Y1        BUFG                         0.000     0.000 r  i_ddr/u_xlnx_mig_7_ddr3_mig/u_ddr3_infrastructure/u_bufg_clkdiv0/O
                         net (fo=11414, routed)       1.936     1.936    i_xlnx_clk_gen/inst/clk_in1
    MMCME2_ADV_X1Y0      MMCME2_ADV (Prop_mmcme2_adv_CLKIN1_CLKOUT0)
                                                     -4.498    -2.562 r  i_xlnx_clk_gen/inst/mmcm_adv_inst/CLKOUT0
                         net (fo=1, routed)           2.469    -0.093    i_xlnx_clk_gen/inst/clk_out1_xlnx_clk_gen
    BUFGCTRL_X0Y0        BUFG (Prop_bufg_I_O)         0.093    -0.000 r  i_xlnx_clk_gen/inst/clkout1_buf/O
                         net (fo=36416, routed)       1.468     1.468    i_ariane/i_cva6/ex_stage_i/fpu_gen.fpu_i/fpu_gen.i_fpnew_bulk/gen_operation_groups[3].i_opgroup_block/gen_merged_slice.i_multifmt_slice/gen_num_lanes[0].active_lane.lane_instance.i_fpnew_cast_multi/clk_out1
    SLICE_X22Y142        FDCE                                         r  i_ariane/i_cva6/ex_stage_i/fpu_gen.fpu_i/fpu_gen.i_fpnew_bulk/gen_operation_groups[3].i_opgroup_block/gen_merged_slice.i_multifmt_slice/gen_num_lanes[0].active_lane.lane_instance.i_fpnew_cast_multi/gen_inside_pipeline[0].mid_pipe_dst_fmt_q_reg[1][1]/C
  -------------------------------------------------------------------    -------------------
    SLICE_X22Y142        FDCE (Prop_fdce_C_Q)         0.259     1.727 r  i_ariane/i_cva6/ex_stage_i/fpu_gen.fpu_i/fpu_gen.i_fpnew_bulk/gen_operation_groups[3].i_opgroup_block/gen_merged_slice.i_multifmt_slice/gen_num_lanes[0].active_lane.lane_instance.i_fpnew_cast_multi/gen_inside_pipeline[0].mid_pipe_dst_fmt_q_reg[1][1]/Q
                         net (fo=144, routed)         0.612     2.339    i_ariane/i_cva6/ex_stage_i/fpu_gen.fpu_i/fpu_gen.i_fpnew_bulk/gen_operation_groups[3].i_opgroup_block/gen_merged_slice.i_multifmt_slice/gen_num_lanes[0].active_lane.lane_instance.i_fpnew_cast_multi/gen_inside_pipeline[0].mid_pipe_dst_fmt_q_reg_n_0_[1][1]
    SLICE_X21Y141        LUT3 (Prop_lut3_I1_O)        0.043     2.382 r  i_ariane/i_cva6/ex_stage_i/fpu_gen.fpu_i/fpu_gen.i_fpnew_bulk/gen_operation_groups[3].i_opgroup_block/gen_merged_slice.i_multifmt_slice/gen_num_lanes[0].active_lane.lane_instance.i_fpnew_cast_multi/mem_q[0][sbe][ex][cause][0]_i_573/O
                         net (fo=2, routed)           0.615     2.997    i_ariane/i_cva6/ex_stage_i/fpu_gen.fpu_i/fpu_gen.i_fpnew_bulk/gen_operation_groups[3].i_opgroup_block/gen_merged_slice.i_multifmt_slice/gen_num_lanes[0].active_lane.lane_instance.i_fpnew_cast_multi/mem_q[0][sbe][ex][cause][0]_i_573_n_0
    SLICE_X18Y147        LUT6 (Prop_lut6_I0_O)        0.043     3.040 r  i_ariane/i_cva6/ex_stage_i/fpu_gen.fpu_i/fpu_gen.i_fpnew_bulk/gen_operation_groups[3].i_opgroup_block/gen_merged_slice.i_multifmt_slice/gen_num_lanes[0].active_lane.lane_instance.i_fpnew_cast_multi/mem_q[0][sbe][ex][cause][0]_i_433/O
                         net (fo=1, routed)           0.471     3.512    i_ariane/i_cva6/ex_stage_i/fpu_gen.fpu_i/fpu_gen.i_fpnew_bulk/gen_operation_groups[3].i_opgroup_block/gen_merged_slice.i_multifmt_slice/gen_num_lanes[0].active_lane.lane_instance.i_fpnew_cast_multi/mem_q[0][sbe][ex][cause][0]_i_433_n_0
    SLICE_X13Y152        LUT5 (Prop_lut5_I4_O)        0.043     3.555 r  i_ariane/i_cva6/ex_stage_i/fpu_gen.fpu_i/fpu_gen.i_fpnew_bulk/gen_operation_groups[3].i_opgroup_block/gen_merged_slice.i_multifmt_slice/gen_num_lanes[0].active_lane.lane_instance.i_fpnew_cast_multi/mem_q[0][sbe][ex][cause][0]_i_261/O
                         net (fo=164, routed)         0.834     4.389    i_ariane/i_cva6/ex_stage_i/fpu_gen.fpu_i/fpu_gen.i_fpnew_bulk/gen_operation_groups[3].i_opgroup_block/gen_merged_slice.i_multifmt_slice/gen_num_lanes[0].active_lane.lane_instance.i_fpnew_cast_multi/denorm_shamt[5]
    SLICE_X10Y154        LUT6 (Prop_lut6_I1_O)        0.043     4.432 r  i_ariane/i_cva6/ex_stage_i/fpu_gen.fpu_i/fpu_gen.i_fpnew_bulk/gen_operation_groups[3].i_opgroup_block/gen_merged_slice.i_multifmt_slice/gen_num_lanes[0].active_lane.lane_instance.i_fpnew_cast_multi/mem_q[0][sbe][ex][cause][0]_i_455/O
                         net (fo=4, routed)           0.361     4.793    i_ariane/i_cva6/ex_stage_i/fpu_gen.fpu_i/fpu_gen.i_fpnew_bulk/gen_operation_groups[3].i_opgroup_block/gen_merged_slice.i_multifmt_slice/gen_num_lanes[0].active_lane.lane_instance.i_fpnew_cast_multi/mem_q[0][sbe][ex][cause][0]_i_455_n_0
    SLICE_X11Y154        LUT6 (Prop_lut6_I4_O)        0.043     4.836 r  i_ariane/i_cva6/ex_stage_i/fpu_gen.fpu_i/fpu_gen.i_fpnew_bulk/gen_operation_groups[3].i_opgroup_block/gen_merged_slice.i_multifmt_slice/gen_num_lanes[0].active_lane.lane_instance.i_fpnew_cast_multi/mem_q[0][sbe][ex][cause][0]_i_375/O
                         net (fo=5, routed)           0.553     5.389    i_ariane/i_cva6/ex_stage_i/fpu_gen.fpu_i/fpu_gen.i_fpnew_bulk/gen_operation_groups[3].i_opgroup_block/gen_merged_slice.i_multifmt_slice/gen_num_lanes[0].active_lane.lane_instance.i_fpnew_cast_multi/mem_q[0][sbe][ex][cause][0]_i_375_n_0
    SLICE_X13Y154        LUT6 (Prop_lut6_I1_O)        0.043     5.432 r  i_ariane/i_cva6/ex_stage_i/fpu_gen.fpu_i/fpu_gen.i_fpnew_bulk/gen_operation_groups[3].i_opgroup_block/gen_merged_slice.i_multifmt_slice/gen_num_lanes[0].active_lane.lane_instance.i_fpnew_cast_multi/mem_q[0][sbe][ex][cause][0]_i_211/O
                         net (fo=3, routed)           0.426     5.858    i_ariane/i_cva6/ex_stage_i/fpu_gen.fpu_i/fpu_gen.i_fpnew_bulk/gen_operation_groups[3].i_opgroup_block/gen_merged_slice.i_multifmt_slice/gen_num_lanes[0].active_lane.lane_instance.i_fpnew_cast_multi/mem_q[0][sbe][ex][cause][0]_i_211_n_0
    SLICE_X12Y150        LUT3 (Prop_lut3_I2_O)        0.047     5.905 r  i_ariane/i_cva6/ex_stage_i/fpu_gen.fpu_i/fpu_gen.i_fpnew_bulk/gen_operation_groups[3].i_opgroup_block/gen_merged_slice.i_multifmt_slice/gen_num_lanes[0].active_lane.lane_instance.i_fpnew_cast_multi/mem_q[0][sbe][ex][cause][0]_i_126/O
                         net (fo=2, routed)           0.486     6.391    i_ariane/i_cva6/ex_stage_i/fpu_gen.fpu_i/fpu_gen.i_fpnew_bulk/gen_operation_groups[3].i_opgroup_block/gen_merged_slice.i_multifmt_slice/gen_num_lanes[0].active_lane.lane_instance.i_fpnew_cast_multi/mem_q[0][sbe][ex][cause][0]_i_126_n_0
    SLICE_X12Y149        LUT6 (Prop_lut6_I5_O)        0.134     6.525 r  i_ariane/i_cva6/ex_stage_i/fpu_gen.fpu_i/fpu_gen.i_fpnew_bulk/gen_operation_groups[3].i_opgroup_block/gen_merged_slice.i_multifmt_slice/gen_num_lanes[0].active_lane.lane_instance.i_fpnew_cast_multi/mem_q[0][sbe][ex][cause][0]_i_75/O
                         net (fo=1, routed)           0.501     7.027    i_ariane/i_cva6/ex_stage_i/fpu_gen.fpu_i/fpu_gen.i_fpnew_bulk/gen_operation_groups[3].i_opgroup_block/gen_merged_slice.i_multifmt_slice/gen_num_lanes[0].active_lane.lane_instance.i_fpnew_cast_multi/mem_q[0][sbe][ex][cause][0]_i_75_n_0
    SLICE_X13Y145        LUT4 (Prop_lut4_I3_O)        0.043     7.070 r  i_ariane/i_cva6/ex_stage_i/fpu_gen.fpu_i/fpu_gen.i_fpnew_bulk/gen_operation_groups[3].i_opgroup_block/gen_merged_slice.i_multifmt_slice/gen_num_lanes[0].active_lane.lane_instance.i_fpnew_cast_multi/mem_q[0][sbe][ex][cause][0]_i_23/O
                         net (fo=1, routed)           0.635     7.705    i_ariane/i_cva6/ex_stage_i/fpu_gen.fpu_i/fpu_gen.i_fpnew_bulk/gen_operation_groups[3].i_opgroup_block/gen_merged_slice.i_multifmt_slice/gen_num_lanes[0].active_lane.lane_instance.i_fpnew_cast_multi/mem_q[0][sbe][ex][cause][0]_i_23_n_0
    SLICE_X19Y142        LUT6 (Prop_lut6_I5_O)        0.043     7.748 r  i_ariane/i_cva6/ex_stage_i/fpu_gen.fpu_i/fpu_gen.i_fpnew_bulk/gen_operation_groups[3].i_opgroup_block/gen_merged_slice.i_multifmt_slice/gen_num_lanes[0].active_lane.lane_instance.i_fpnew_cast_multi/mem_q[0][sbe][ex][cause][0]_i_8/O
                         net (fo=4, routed)           0.488     8.236    i_ariane/i_cva6/ex_stage_i/fpu_gen.fpu_i/fpu_gen.i_fpnew_bulk/gen_operation_groups[3].i_opgroup_block/gen_merged_slice.i_multifmt_slice/gen_num_lanes[0].active_lane.lane_instance.i_fpnew_cast_multi/int_round_sticky_bits[0]
    SLICE_X21Y137        LUT6 (Prop_lut6_I2_O)        0.043     8.279 r  i_ariane/i_cva6/ex_stage_i/fpu_gen.fpu_i/fpu_gen.i_fpnew_bulk/gen_operation_groups[3].i_opgroup_block/gen_merged_slice.i_multifmt_slice/gen_num_lanes[0].active_lane.lane_instance.i_fpnew_cast_multi/mem_q[4][sbe][result][3]_i_44/O
                         net (fo=1, routed)           0.424     8.702    i_ariane/i_cva6/ex_stage_i/fpu_gen.fpu_i/fpu_gen.i_fpnew_bulk/gen_operation_groups[3].i_opgroup_block/gen_merged_slice.i_multifmt_slice/gen_num_lanes[0].active_lane.lane_instance.i_fpnew_cast_multi/mem_q[4][sbe][result][3]_i_44_n_0
    SLICE_X22Y135        LUT6 (Prop_lut6_I3_O)        0.043     8.745 r  i_ariane/i_cva6/ex_stage_i/fpu_gen.fpu_i/fpu_gen.i_fpnew_bulk/gen_operation_groups[3].i_opgroup_block/gen_merged_slice.i_multifmt_slice/gen_num_lanes[0].active_lane.lane_instance.i_fpnew_cast_multi/mem_q[4][sbe][result][3]_i_27/O
                         net (fo=1, routed)           0.000     8.745    i_ariane/i_cva6/ex_stage_i/fpu_gen.fpu_i/fpu_gen.i_fpnew_bulk/gen_operation_groups[3].i_opgroup_block/gen_merged_slice.i_multifmt_slice/gen_num_lanes[0].active_lane.lane_instance.i_fpnew_cast_multi/mem_q[4][sbe][result][3]_i_27_n_0
    SLICE_X22Y135        CARRY4 (Prop_carry4_S[0]_O[0])
                                                      0.120     8.865 f  i_ariane/i_cva6/ex_stage_i/fpu_gen.fpu_i/fpu_gen.i_fpnew_bulk/gen_operation_groups[3].i_opgroup_block/gen_merged_slice.i_multifmt_slice/gen_num_lanes[0].active_lane.lane_instance.i_fpnew_cast_multi/mem_q_reg[4][sbe][result][3]_i_16/O[0]
                         net (fo=4, routed)           0.760     9.625    i_ariane/i_cva6/issue_stage_i/i_scoreboard/abs_rounded_o[0]
    SLICE_X23Y119        LUT1 (Prop_lut1_I0_O)        0.123     9.748 r  i_ariane/i_cva6/issue_stage_i/i_scoreboard/mem_q[4][sbe][result][3]_i_28/O
                         net (fo=1, routed)           0.109     9.857    i_ariane/i_cva6/issue_stage_i/i_scoreboard/mem_q[4][sbe][result][3]_i_28_n_0
    SLICE_X22Y119        CARRY4 (Prop_carry4_CYINIT_CO[3])
                                                      0.297    10.154 r  i_ariane/i_cva6/issue_stage_i/i_scoreboard/mem_q_reg[4][sbe][result][3]_i_17/CO[3]
                         net (fo=1, routed)           0.000    10.154    i_ariane/i_cva6/issue_stage_i/i_scoreboard/mem_q_reg[4][sbe][result][3]_i_17_n_0
    SLICE_X22Y120        CARRY4 (Prop_carry4_CI_CO[3])
                                                      0.054    10.208 r  i_ariane/i_cva6/issue_stage_i/i_scoreboard/mem_q_reg[4][sbe][result][8]_i_17/CO[3]
                         net (fo=1, routed)           0.000    10.208    i_ariane/i_cva6/issue_stage_i/i_scoreboard/mem_q_reg[4][sbe][result][8]_i_17_n_0
    SLICE_X22Y121        CARRY4 (Prop_carry4_CI_CO[3])
                                                      0.054    10.262 r  i_ariane/i_cva6/issue_stage_i/i_scoreboard/mem_q_reg[4][sbe][result][12]_i_14/CO[3]
                         net (fo=1, routed)           0.000    10.262    i_ariane/i_cva6/issue_stage_i/i_scoreboard/mem_q_reg[4][sbe][result][12]_i_14_n_0
    SLICE_X22Y122        CARRY4 (Prop_carry4_CI_CO[3])
                                                      0.054    10.316 r  i_ariane/i_cva6/issue_stage_i/i_scoreboard/mem_q_reg[4][sbe][result][16]_i_14/CO[3]
                         net (fo=1, routed)           0.000    10.316    i_ariane/i_cva6/issue_stage_i/i_scoreboard/mem_q_reg[4][sbe][result][16]_i_14_n_0
    SLICE_X22Y123        CARRY4 (Prop_carry4_CI_CO[3])
                                                      0.054    10.370 r  i_ariane/i_cva6/issue_stage_i/i_scoreboard/mem_q_reg[4][sbe][result][20]_i_14/CO[3]
                         net (fo=1, routed)           0.000    10.370    i_ariane/i_cva6/issue_stage_i/i_scoreboard/mem_q_reg[4][sbe][result][20]_i_14_n_0
    SLICE_X22Y124        CARRY4 (Prop_carry4_CI_CO[3])
                                                      0.054    10.424 r  i_ariane/i_cva6/issue_stage_i/i_scoreboard/mem_q_reg[4][sbe][result][24]_i_15/CO[3]
                         net (fo=1, routed)           0.007    10.432    i_ariane/i_cva6/issue_stage_i/i_scoreboard/mem_q_reg[4][sbe][result][24]_i_15_n_0
    SLICE_X22Y125        CARRY4 (Prop_carry4_CI_CO[3])
                                                      0.054    10.486 r  i_ariane/i_cva6/issue_stage_i/i_scoreboard/mem_q_reg[4][sbe][result][28]_i_15/CO[3]
                         net (fo=1, routed)           0.000    10.486    i_ariane/i_cva6/issue_stage_i/i_scoreboard/mem_q_reg[4][sbe][result][28]_i_15_n_0
    SLICE_X22Y126        CARRY4 (Prop_carry4_CI_CO[3])
                                                      0.054    10.540 r  i_ariane/i_cva6/issue_stage_i/i_scoreboard/mem_q_reg[4][sbe][result][30]_i_21/CO[3]
                         net (fo=1, routed)           0.000    10.540    i_ariane/i_cva6/issue_stage_i/i_scoreboard/mem_q_reg[4][sbe][result][30]_i_21_n_0
    SLICE_X22Y127        CARRY4 (Prop_carry4_CI_CO[3])
                                                      0.054    10.594 r  i_ariane/i_cva6/issue_stage_i/i_scoreboard/mem_q_reg[7][sbe][result][36]_i_14/CO[3]
                         net (fo=1, routed)           0.000    10.594    i_ariane/i_cva6/issue_stage_i/i_scoreboard/mem_q_reg[7][sbe][result][36]_i_14_n_0
    SLICE_X22Y128        CARRY4 (Prop_carry4_CI_CO[3])
                                                      0.054    10.648 r  i_ariane/i_cva6/issue_stage_i/i_scoreboard/mem_q_reg[7][sbe][result][40]_i_14/CO[3]
                         net (fo=1, routed)           0.000    10.648    i_ariane/i_cva6/issue_stage_i/i_scoreboard/mem_q_reg[7][sbe][result][40]_i_14_n_0
    SLICE_X22Y129        CARRY4 (Prop_carry4_CI_O[1])
                                                      0.165    10.813 f  i_ariane/i_cva6/issue_stage_i/i_scoreboard/mem_q_reg[7][sbe][result][44]_i_14/O[1]
                         net (fo=2, routed)           0.559    11.372    i_ariane/i_cva6/ex_stage_i/fpu_gen.fpu_i/fpu_gen.i_fpnew_bulk/gen_operation_groups[3].i_opgroup_block/gen_merged_slice.i_multifmt_slice/gen_num_lanes[0].active_lane.lane_instance.i_fpnew_cast_multi/rounded_int_res0[41]
    SLICE_X36Y129        LUT3 (Prop_lut3_I0_O)        0.125    11.497 f  i_ariane/i_cva6/ex_stage_i/fpu_gen.fpu_i/fpu_gen.i_fpnew_bulk/gen_operation_groups[3].i_opgroup_block/gen_merged_slice.i_multifmt_slice/gen_num_lanes[0].active_lane.lane_instance.i_fpnew_cast_multi/mem_q[0][sbe][ex][cause][0]_i_448/O
                         net (fo=1, routed)           0.762    12.259    i_ariane/i_cva6/ex_stage_i/fpu_gen.fpu_i/fpu_gen.i_fpnew_bulk/gen_operation_groups[3].i_opgroup_block/gen_merged_slice.i_multifmt_slice/gen_num_lanes[0].active_lane.lane_instance.i_fpnew_cast_multi/mem_q[0][sbe][ex][cause][0]_i_448_n_0
    SLICE_X23Y125        LUT6 (Prop_lut6_I5_O)        0.043    12.302 r  i_ariane/i_cva6/ex_stage_i/fpu_gen.fpu_i/fpu_gen.i_fpnew_bulk/gen_operation_groups[3].i_opgroup_block/gen_merged_slice.i_multifmt_slice/gen_num_lanes[0].active_lane.lane_instance.i_fpnew_cast_multi/mem_q[0][sbe][ex][cause][0]_i_308/O
                         net (fo=1, routed)           0.000    12.302    i_ariane/i_cva6/ex_stage_i/fpu_gen.fpu_i/fpu_gen.i_fpnew_bulk/gen_operation_groups[3].i_opgroup_block/gen_merged_slice.i_multifmt_slice/gen_num_lanes[0].active_lane.lane_instance.i_fpnew_cast_multi/mem_q[0][sbe][ex][cause][0]_i_308_n_0
    SLICE_X23Y125        CARRY4 (Prop_carry4_S[2]_CO[3])
                                                      0.195    12.497 r  i_ariane/i_cva6/ex_stage_i/fpu_gen.fpu_i/fpu_gen.i_fpnew_bulk/gen_operation_groups[3].i_opgroup_block/gen_merged_slice.i_multifmt_slice/gen_num_lanes[0].active_lane.lane_instance.i_fpnew_cast_multi/mem_q_reg[0][sbe][ex][cause][0]_i_148/CO[3]
                         net (fo=1, routed)           0.000    12.497    i_ariane/i_cva6/ex_stage_i/fpu_gen.fpu_i/fpu_gen.i_fpnew_bulk/gen_operation_groups[3].i_opgroup_block/gen_merged_slice.i_multifmt_slice/gen_num_lanes[0].active_lane.lane_instance.i_fpnew_cast_multi/mem_q_reg[0][sbe][ex][cause][0]_i_148_n_0
    SLICE_X23Y126        CARRY4 (Prop_carry4_CI_CO[3])
                                                      0.053    12.550 r  i_ariane/i_cva6/ex_stage_i/fpu_gen.fpu_i/fpu_gen.i_fpnew_bulk/gen_operation_groups[3].i_opgroup_block/gen_merged_slice.i_multifmt_slice/gen_num_lanes[0].active_lane.lane_instance.i_fpnew_cast_multi/mem_q_reg[0][sbe][ex][cause][0]_i_45/CO[3]
                         net (fo=1, routed)           0.000    12.550    i_ariane/i_cva6/ex_stage_i/fpu_gen.fpu_i/fpu_gen.i_fpnew_bulk/gen_operation_groups[3].i_opgroup_block/gen_merged_slice.i_multifmt_slice/gen_num_lanes[0].active_lane.lane_instance.i_fpnew_cast_multi/mem_q_reg[0][sbe][ex][cause][0]_i_45_n_0
    SLICE_X23Y127        CARRY4 (Prop_carry4_CI_CO[1])
                                                      0.077    12.627 r  i_ariane/i_cva6/ex_stage_i/fpu_gen.fpu_i/fpu_gen.i_fpnew_bulk/gen_operation_groups[3].i_opgroup_block/gen_merged_slice.i_multifmt_slice/gen_num_lanes[0].active_lane.lane_instance.i_fpnew_cast_multi/mem_q_reg[0][sbe][ex][cause][0]_i_17/CO[1]
                         net (fo=1, routed)           0.397    13.024    i_ariane/i_cva6/ex_stage_i/fpu_gen.fpu_i/fpu_gen.i_fpnew_bulk/gen_operation_groups[3].i_opgroup_block/gen_merged_slice.i_multifmt_slice/gen_num_lanes[0].active_lane.lane_instance.i_fpnew_cast_multi/int_result_is_special1
    SLICE_X23Y119        LUT6 (Prop_lut6_I3_O)        0.122    13.146 r  i_ariane/i_cva6/ex_stage_i/fpu_gen.fpu_i/fpu_gen.i_fpnew_bulk/gen_operation_groups[3].i_opgroup_block/gen_merged_slice.i_multifmt_slice/gen_num_lanes[0].active_lane.lane_instance.i_fpnew_cast_multi/mem_q[0][sbe][ex][cause][0]_i_7/O
                         net (fo=66, routed)          0.355    13.501    i_ariane/i_cva6/ex_stage_i/fpu_gen.fpu_i/fpu_gen.i_fpnew_bulk/gen_operation_groups[3].i_opgroup_block/gen_merged_slice.i_multifmt_slice/gen_num_lanes[0].active_lane.lane_instance.i_fpnew_cast_multi/int_status[NV]
    SLICE_X23Y112        LUT6 (Prop_lut6_I4_O)        0.043    13.544 r  i_ariane/i_cva6/ex_stage_i/fpu_gen.fpu_i/fpu_gen.i_fpnew_bulk/gen_operation_groups[3].i_opgroup_block/gen_merged_slice.i_multifmt_slice/gen_num_lanes[0].active_lane.lane_instance.i_fpnew_cast_multi/mem_q[7][sbe][result][63]_i_26/O
                         net (fo=3, routed)           0.709    14.252    i_ariane/i_cva6/ex_stage_i/fpu_gen.fpu_i/fpu_gen.i_fpnew_bulk/gen_operation_groups[3].i_opgroup_block/gen_merged_slice.i_multifmt_slice/gen_num_lanes[0].active_lane.lane_instance.i_fpnew_cast_multi/int_result[63]
    SLICE_X36Y103        LUT4 (Prop_lut4_I1_O)        0.043    14.295 r  i_ariane/i_cva6/ex_stage_i/fpu_gen.fpu_i/fpu_gen.i_fpnew_bulk/gen_operation_groups[3].i_opgroup_block/gen_merged_slice.i_multifmt_slice/gen_num_lanes[0].active_lane.lane_instance.i_fpnew_cast_multi/mem_q[4][sbe][result][30]_i_14/O
                         net (fo=3, routed)           0.457    14.752    i_ariane/i_cva6/ex_stage_i/fpu_gen.fpu_i/fpu_gen.i_fpnew_bulk/gen_operation_groups[3].i_opgroup_block/gen_merged_slice.i_multifmt_slice/gen_num_lanes[0].active_lane.lane_instance.i_fpnew_cast_multi/mem_q[4][sbe][result][30]_i_14_n_0
    SLICE_X29Y96         LUT3 (Prop_lut3_I2_O)        0.043    14.795 r  i_ariane/i_cva6/ex_stage_i/fpu_gen.fpu_i/fpu_gen.i_fpnew_bulk/gen_operation_groups[3].i_opgroup_block/gen_merged_slice.i_multifmt_slice/gen_num_lanes[0].active_lane.lane_instance.i_fpnew_cast_multi/mem_q[4][sbe][result][3]_i_6/O
                         net (fo=8, routed)           0.563    15.358    i_ariane/i_cva6/ex_stage_i/fpu_gen.fpu_i/fpu_gen.i_fpnew_bulk/gen_operation_groups[3].i_opgroup_block/gen_merged_slice.i_multifmt_slice/gen_num_lanes[0].active_lane.lane_instance.i_fpnew_cast_multi/mem_q[4][sbe][result][3]_i_6_n_0
    SLICE_X35Y87         LUT6 (Prop_lut6_I2_O)        0.043    15.401 r  i_ariane/i_cva6/ex_stage_i/fpu_gen.fpu_i/fpu_gen.i_fpnew_bulk/gen_operation_groups[3].i_opgroup_block/gen_merged_slice.i_multifmt_slice/gen_num_lanes[0].active_lane.lane_instance.i_fpnew_cast_multi/mem_q[4][sbe][result][1]_i_6/O
                         net (fo=1, routed)           0.000    15.401    i_ariane/i_cva6/ex_stage_i/fpu_gen.fpu_i/fpu_gen.i_fpnew_bulk/gen_operation_groups[0].i_opgroup_block/gen_parallel_slices[1].active_format.i_fmt_slice/gen_num_lanes[0].active_lane.lane_instance.i_fma/gen_arbiter.data_nodes[2][result][1]
    SLICE_X35Y87         MUXF7 (Prop_muxf7_I1_O)      0.108    15.509 r  i_ariane/i_cva6/ex_stage_i/fpu_gen.fpu_i/fpu_gen.i_fpnew_bulk/gen_operation_groups[0].i_opgroup_block/gen_parallel_slices[1].active_format.i_fmt_slice/gen_num_lanes[0].active_lane.lane_instance.i_fma/mem_q_reg[4][sbe][result][1]_i_3/O
                         net (fo=9, routed)           1.056    16.564    i_ariane/i_cva6/ex_stage_i/lsu_i/i_pipe_reg_load/mem_q_reg[7][sbe][result][1]
    SLICE_X35Y60         LUT3 (Prop_lut3_I2_O)        0.124    16.688 r  i_ariane/i_cva6/ex_stage_i/lsu_i/i_pipe_reg_load/fu_data_q[0][operand_a][1]_i_12/O
                         net (fo=1, routed)           0.449    17.137    i_ariane/i_cva6/issue_stage_i/i_scoreboard/fu_data_q[0][operand_a][1]_i_2_0
    SLICE_X37Y56         LUT6 (Prop_lut6_I4_O)        0.043    17.180 r  i_ariane/i_cva6/issue_stage_i/i_scoreboard/fu_data_q[0][operand_a][1]_i_6/O
                         net (fo=1, routed)           0.481    17.660    i_ariane/i_cva6/issue_stage_i/i_scoreboard/fu_data_q[0][operand_a][1]_i_6_n_0
    SLICE_X36Y50         LUT6 (Prop_lut6_I4_O)        0.043    17.703 r  i_ariane/i_cva6/issue_stage_i/i_scoreboard/fu_data_q[0][operand_a][1]_i_2/O
                         net (fo=1, routed)           0.319    18.023    i_ariane/i_cva6/id_stage_i/fu_data_q_reg[0][operand_a][1]
    SLICE_X35Y50         LUT5 (Prop_lut5_I0_O)        0.043    18.066 r  i_ariane/i_cva6/id_stage_i/fu_data_q[0][operand_a][1]_i_1/O
                         net (fo=4, routed)           0.533    18.599    i_ariane/gen_example_coprocessor.i_cvxif_coprocessor/D[1]
    SLICE_X26Y53         LUT5 (Prop_lut5_I2_O)        0.043    18.642 r  i_ariane/gen_example_coprocessor.i_cvxif_coprocessor/_carry_i_7/O
                         net (fo=1, routed)           0.000    18.642    i_ariane/gen_example_coprocessor.i_cvxif_coprocessor/i_copro_alu/S[1]
    SLICE_X26Y53         CARRY4 (Prop_carry4_S[1]_CO[3])
                                                      0.267    18.909 r  i_ariane/gen_example_coprocessor.i_cvxif_coprocessor/i_copro_alu/_carry/CO[3]
                         net (fo=1, routed)           0.000    18.909    i_ariane/gen_example_coprocessor.i_cvxif_coprocessor/i_copro_alu/_carry_n_0
    SLICE_X26Y54         CARRY4 (Prop_carry4_CI_CO[3])
                                                      0.053    18.962 r  i_ariane/gen_example_coprocessor.i_cvxif_coprocessor/i_copro_alu/_carry__0/CO[3]
                         net (fo=1, routed)           0.000    18.962    i_ariane/gen_example_coprocessor.i_cvxif_coprocessor/i_copro_alu/_carry__0_n_0
    SLICE_X26Y55         CARRY4 (Prop_carry4_CI_CO[3])
                                                      0.053    19.015 r  i_ariane/gen_example_coprocessor.i_cvxif_coprocessor/i_copro_alu/_carry__1/CO[3]
                         net (fo=1, routed)           0.000    19.015    i_ariane/gen_example_coprocessor.i_cvxif_coprocessor/i_copro_alu/_carry__1_n_0
    SLICE_X26Y56         CARRY4 (Prop_carry4_CI_CO[3])
                                                      0.053    19.068 r  i_ariane/gen_example_coprocessor.i_cvxif_coprocessor/i_copro_alu/_carry__2/CO[3]
                         net (fo=1, routed)           0.000    19.068    i_ariane/gen_example_coprocessor.i_cvxif_coprocessor/i_copro_alu/_carry__2_n_0
    SLICE_X26Y57         CARRY4 (Prop_carry4_CI_CO[3])
                                                      0.053    19.121 r  i_ariane/gen_example_coprocessor.i_cvxif_coprocessor/i_copro_alu/_carry__3/CO[3]
                         net (fo=1, routed)           0.000    19.121    i_ariane/gen_example_coprocessor.i_cvxif_coprocessor/i_copro_alu/_carry__3_n_0
    SLICE_X26Y58         CARRY4 (Prop_carry4_CI_CO[3])
                                                      0.053    19.174 r  i_ariane/gen_example_coprocessor.i_cvxif_coprocessor/i_copro_alu/_carry__4/CO[3]
                         net (fo=1, routed)           0.000    19.174    i_ariane/gen_example_coprocessor.i_cvxif_coprocessor/i_copro_alu/_carry__4_n_0
    SLICE_X26Y59         CARRY4 (Prop_carry4_CI_CO[3])
                                                      0.053    19.227 r  i_ariane/gen_example_coprocessor.i_cvxif_coprocessor/i_copro_alu/_carry__5/CO[3]
                         net (fo=1, routed)           0.000    19.227    i_ariane/gen_example_coprocessor.i_cvxif_coprocessor/i_copro_alu/_carry__5_n_0
    SLICE_X26Y60         CARRY4 (Prop_carry4_CI_CO[3])
                                                      0.053    19.280 r  i_ariane/gen_example_coprocessor.i_cvxif_coprocessor/i_copro_alu/_carry__6/CO[3]
                         net (fo=1, routed)           0.000    19.280    i_ariane/gen_example_coprocessor.i_cvxif_coprocessor/i_copro_alu/_carry__6_n_0
    SLICE_X26Y61         CARRY4 (Prop_carry4_CI_CO[3])
                                                      0.053    19.333 r  i_ariane/gen_example_coprocessor.i_cvxif_coprocessor/i_copro_alu/_carry__7/CO[3]
                         net (fo=1, routed)           0.000    19.333    i_ariane/gen_example_coprocessor.i_cvxif_coprocessor/i_copro_alu/_carry__7_n_0
    SLICE_X26Y62         CARRY4 (Prop_carry4_CI_CO[3])
                                                      0.053    19.386 r  i_ariane/gen_example_coprocessor.i_cvxif_coprocessor/i_copro_alu/_carry__8/CO[3]
                         net (fo=1, routed)           0.000    19.386    i_ariane/gen_example_coprocessor.i_cvxif_coprocessor/i_copro_alu/_carry__8_n_0
    SLICE_X26Y63         CARRY4 (Prop_carry4_CI_CO[3])
                                                      0.053    19.439 r  i_ariane/gen_example_coprocessor.i_cvxif_coprocessor/i_copro_alu/_carry__9/CO[3]
                         net (fo=1, routed)           0.000    19.439    i_ariane/gen_example_coprocessor.i_cvxif_coprocessor/i_copro_alu/_carry__9_n_0
    SLICE_X26Y64         CARRY4 (Prop_carry4_CI_CO[3])
                                                      0.053    19.492 r  i_ariane/gen_example_coprocessor.i_cvxif_coprocessor/i_copro_alu/_carry__10/CO[3]
                         net (fo=1, routed)           0.000    19.492    i_ariane/gen_example_coprocessor.i_cvxif_coprocessor/i_copro_alu/_carry__10_n_0
    SLICE_X26Y65         CARRY4 (Prop_carry4_CI_CO[3])
                                                      0.053    19.545 r  i_ariane/gen_example_coprocessor.i_cvxif_coprocessor/i_copro_alu/_carry__11/CO[3]
                         net (fo=1, routed)           0.000    19.545    i_ariane/gen_example_coprocessor.i_cvxif_coprocessor/i_copro_alu/_carry__11_n_0
    SLICE_X26Y66         CARRY4 (Prop_carry4_CI_CO[3])
                                                      0.053    19.598 r  i_ariane/gen_example_coprocessor.i_cvxif_coprocessor/i_copro_alu/_carry__12/CO[3]
                         net (fo=1, routed)           0.000    19.598    i_ariane/gen_example_coprocessor.i_cvxif_coprocessor/i_copro_alu/_carry__12_n_0
    SLICE_X26Y67         CARRY4 (Prop_carry4_CI_CO[3])
                                                      0.053    19.651 r  i_ariane/gen_example_coprocessor.i_cvxif_coprocessor/i_copro_alu/_carry__13/CO[3]
                         net (fo=1, routed)           0.000    19.651    i_ariane/gen_example_coprocessor.i_cvxif_coprocessor/i_copro_alu/_carry__13_n_0
    SLICE_X26Y68         CARRY4 (Prop_carry4_CI_O[3])
                                                      0.149    19.800 r  i_ariane/gen_example_coprocessor.i_cvxif_coprocessor/i_copro_alu/_carry__14/O[3]
                         net (fo=1, routed)           0.346    20.146    i_ariane/gen_example_coprocessor.i_cvxif_coprocessor/i_copro_alu/_carry__14_n_4
    SLICE_X27Y68         LUT2 (Prop_lut2_I0_O)        0.129    20.275 r  i_ariane/gen_example_coprocessor.i_cvxif_coprocessor/i_copro_alu/result_q[63]_i_1/O
                         net (fo=1, routed)           0.000    20.275    i_ariane/gen_example_coprocessor.i_cvxif_coprocessor/i_copro_alu/p_0_in[63]
    SLICE_X27Y68         FDCE                                         r  i_ariane/gen_example_coprocessor.i_cvxif_coprocessor/i_copro_alu/result_q_reg[63]/D
  -------------------------------------------------------------------    -------------------

                         (clock clk_out1_xlnx_clk_gen rise edge)
                                                     20.000    20.000 r  
    BUFGCTRL_X0Y1        BUFG                         0.000    20.000 r  i_ddr/u_xlnx_mig_7_ddr3_mig/u_ddr3_infrastructure/u_bufg_clkdiv0/O
                         net (fo=11414, routed)       1.776    21.776    i_xlnx_clk_gen/inst/clk_in1
    MMCME2_ADV_X1Y0      MMCME2_ADV (Prop_mmcme2_adv_CLKIN1_CLKOUT0)
                                                     -4.195    17.581 r  i_xlnx_clk_gen/inst/mmcm_adv_inst/CLKOUT0
                         net (fo=1, routed)           2.336    19.917    i_xlnx_clk_gen/inst/clk_out1_xlnx_clk_gen
    BUFGCTRL_X0Y0        BUFG (Prop_bufg_I_O)         0.083    20.000 r  i_xlnx_clk_gen/inst/clkout1_buf/O
                         net (fo=36416, routed)       1.492    21.492    i_ariane/gen_example_coprocessor.i_cvxif_coprocessor/i_copro_alu/clk_out1
    SLICE_X27Y68         FDCE                                         r  i_ariane/gen_example_coprocessor.i_cvxif_coprocessor/i_copro_alu/result_q_reg[63]/C
                         clock pessimism              0.015    21.507    
                         clock uncertainty           -0.076    21.431    
    SLICE_X27Y68         FDCE (Setup_fdce_C_D)        0.058    21.489    i_ariane/gen_example_coprocessor.i_cvxif_coprocessor/i_copro_alu/result_q_reg[63]
  -------------------------------------------------------------------
                         required time                         21.489    
                         arrival time                         -20.275    
  -------------------------------------------------------------------
                         slack                                  1.214    

Slack (MET) :             1.813ns  (required time - arrival time)
  Source:                 i_ddr/u_xlnx_mig_7_ddr3_mig/u_iodelay_ctrl/rst_ref_gen_1.rst_ref_sync_r_reg[1][2]/C
                            (rising edge-triggered cell FDPE clocked by clk_ref_mmcm_400  {rise@0.000ns fall@1.250ns period=2.500ns})
  Destination:            i_ddr/u_xlnx_mig_7_ddr3_mig/u_iodelay_ctrl/rst_ref_gen_1.rst_ref_sync_r_reg[1][3]/D
                            (rising edge-triggered cell FDPE clocked by clk_ref_mmcm_400  {rise@0.000ns fall@1.250ns period=2.500ns})
  Path Group:             clk_ref_mmcm_400
  Path Type:              Setup (Max at Slow Process Corner)
  Requirement:            2.500ns  (clk_ref_mmcm_400 rise@2.500ns - clk_ref_mmcm_400 rise@0.000ns)
  Data Path Delay:        0.591ns  (logic 0.259ns (43.854%)  route 0.332ns (56.146%))
  Logic Levels:           0  
  Clock Path Skew:        -0.021ns (DCD - SCD + CPR)
    Destination Clock Delay (DCD):    6.404ns = ( 8.904 - 2.500 ) 
    Source Clock Delay      (SCD):    7.371ns
    Clock Pessimism Removal (CPR):    0.946ns
  Clock Uncertainty:      0.054ns  ((TSJ^2 + DJ^2)^1/2) / 2 + PE
    Total System Jitter     (TSJ):    0.071ns
    Discrete Jitter          (DJ):    0.081ns
    Phase Error              (PE):    0.000ns

    Location             Delay type                Incr(ns)  Path(ns)    Netlist Resource(s)
  -------------------------------------------------------------------    -------------------
                         (clock clk_ref_mmcm_400 rise edge)
                                                      0.000     0.000 r  
    AD12                                              0.000     0.000 r  sys_clk_p (IN)
                         net (fo=0)                   0.000     0.000    i_ddr/u_xlnx_mig_7_ddr3_mig/u_ddr3_clk_ibuf/sys_clk_p
    AD12                 IBUFDS (Prop_ibufds_I_O)     0.832     0.832 r  i_ddr/u_xlnx_mig_7_ddr3_mig/u_ddr3_clk_ibuf/diff_input_clk.u_ibufg_sys_clk/O
                         net (fo=3, routed)           3.626     4.458    i_ddr/u_xlnx_mig_7_ddr3_mig/u_iodelay_ctrl/out
    MMCME2_ADV_X0Y3      MMCME2_ADV (Prop_mmcme2_adv_CLKIN1_CLKOUT1)
                                                      0.077     4.535 r  i_ddr/u_xlnx_mig_7_ddr3_mig/u_iodelay_ctrl/clk_ref_mmcm_gen.mmcm_i/CLKOUT1
                         net (fo=1, routed)           1.465     6.000    i_ddr/u_xlnx_mig_7_ddr3_mig/u_iodelay_ctrl/clk_ref_mmcm_400
    BUFGCTRL_X0Y4        BUFG (Prop_bufg_I_O)         0.093     6.093 r  i_ddr/u_xlnx_mig_7_ddr3_mig/u_iodelay_ctrl/clk_ref_300_400_en.clk_ref_400.u_bufg_clk_ref_400/O
                         net (fo=16, routed)          1.278     7.371    i_ddr/u_xlnx_mig_7_ddr3_mig/u_iodelay_ctrl/clk_ref_300_400_en.clk_ref_400.u_bufg_clk_ref_400_n_0
    SLICE_X38Y200        FDPE                                         r  i_ddr/u_xlnx_mig_7_ddr3_mig/u_iodelay_ctrl/rst_ref_gen_1.rst_ref_sync_r_reg[1][2]/C
  -------------------------------------------------------------------    -------------------
    SLICE_X38Y200        FDPE (Prop_fdpe_C_Q)         0.259     7.630 r  i_ddr/u_xlnx_mig_7_ddr3_mig/u_iodelay_ctrl/rst_ref_gen_1.rst_ref_sync_r_reg[1][2]/Q
                         net (fo=1, routed)           0.332     7.962    i_ddr/u_xlnx_mig_7_ddr3_mig/u_iodelay_ctrl/rst_ref_gen_1.rst_ref_sync_r_reg_n_0_[1][2]
    SLICE_X39Y200        FDPE                                         r  i_ddr/u_xlnx_mig_7_ddr3_mig/u_iodelay_ctrl/rst_ref_gen_1.rst_ref_sync_r_reg[1][3]/D
  -------------------------------------------------------------------    -------------------

                         (clock clk_ref_mmcm_400 rise edge)
                                                      2.500     2.500 r  
    AD12                                              0.000     2.500 r  sys_clk_p (IN)
                         net (fo=0)                   0.000     2.500    i_ddr/u_xlnx_mig_7_ddr3_mig/u_ddr3_clk_ibuf/sys_clk_p
    AD12                 IBUFDS (Prop_ibufds_I_O)     0.735     3.235 r  i_ddr/u_xlnx_mig_7_ddr3_mig/u_ddr3_clk_ibuf/diff_input_clk.u_ibufg_sys_clk/O
                         net (fo=3, routed)           3.019     6.255    i_ddr/u_xlnx_mig_7_ddr3_mig/u_iodelay_ctrl/out
    MMCME2_ADV_X0Y3      MMCME2_ADV (Prop_mmcme2_adv_CLKIN1_CLKOUT1)
                                                      0.073     6.328 r  i_ddr/u_xlnx_mig_7_ddr3_mig/u_iodelay_ctrl/clk_ref_mmcm_gen.mmcm_i/CLKOUT1
                         net (fo=1, routed)           1.355     7.683    i_ddr/u_xlnx_mig_7_ddr3_mig/u_iodelay_ctrl/clk_ref_mmcm_400
    BUFGCTRL_X0Y4        BUFG (Prop_bufg_I_O)         0.083     7.766 r  i_ddr/u_xlnx_mig_7_ddr3_mig/u_iodelay_ctrl/clk_ref_300_400_en.clk_ref_400.u_bufg_clk_ref_400/O
                         net (fo=16, routed)          1.138     8.904    i_ddr/u_xlnx_mig_7_ddr3_mig/u_iodelay_ctrl/clk_ref_300_400_en.clk_ref_400.u_bufg_clk_ref_400_n_0
    SLICE_X39Y200        FDPE                                         r  i_ddr/u_xlnx_mig_7_ddr3_mig/u_iodelay_ctrl/rst_ref_gen_1.rst_ref_sync_r_reg[1][3]/C
                         clock pessimism              0.946     9.850    
                         clock uncertainty           -0.054     9.796    
    SLICE_X39Y200        FDPE (Setup_fdpe_C_D)       -0.022     9.774    i_ddr/u_xlnx_mig_7_ddr3_mig/u_iodelay_ctrl/rst_ref_gen_1.rst_ref_sync_r_reg[1][3]
  -------------------------------------------------------------------
                         required time                          9.774    
                         arrival time                          -7.962    
  -------------------------------------------------------------------
                         slack                                  1.813    

Slack (MET) :             2.633ns  (required time - arrival time)
  Source:                 i_ddr/u_xlnx_mig_7_ddr3_mig/u_memc_ui_top_axi/mem_intfc0/mc0/mc_read_idle_r_reg/C
                            (rising edge-triggered cell FDRE clocked by clk_pll_i  {rise@0.000ns fall@2.500ns period=5.000ns})
  Destination:            i_ddr/u_xlnx_mig_7_ddr3_mig/u_memc_ui_top_axi/mem_intfc0/ddr_phy_top0/u_ddr_mc_phy_wrapper/u_ddr_mc_phy/ddr_phy_4lanes_0.u_ddr_phy_4lanes/ddr_byte_lane_A.ddr_byte_lane_A/ddr_byte_group_io/input_[0].iserdes_dq_.iserdesdq/DDLY
                            (falling edge-triggered cell ISERDESE2 clocked by u_memc_ui_top_axi/mem_intfc0/ddr_phy_top0/u_ddr_mc_phy_wrapper/u_ddr_mc_phy/ddr_phy_4lanes_0.u_ddr_phy_4lanes/ddr_byte_lane_A.ddr_byte_lane_A/iserdes_clk  {rise@1.172ns fall@1.797ns period=1.250ns})
  Path Group:             u_memc_ui_top_axi/mem_intfc0/ddr_phy_top0/u_ddr_mc_phy_wrapper/u_ddr_mc_phy/ddr_phy_4lanes_0.u_ddr_phy_4lanes/ddr_byte_lane_A.ddr_byte_lane_A/iserdes_clk
  Path Type:              Setup (Max at Slow Process Corner)
  Requirement:            6.797ns  (u_memc_ui_top_axi/mem_intfc0/ddr_phy_top0/u_ddr_mc_phy_wrapper/u_ddr_mc_phy/ddr_phy_4lanes_0.u_ddr_phy_4lanes/ddr_byte_lane_A.ddr_byte_lane_A/iserdes_clk fall@6.797ns - clk_pll_i rise@0.000ns)
  Data Path Delay:        4.919ns  (logic 2.378ns (48.338%)  route 2.541ns (51.662%))
  Logic Levels:           2  (IBUF_IBUFDISABLE=1 IDELAYE2_FINEDELAY=1)
  Clock Path Skew:        1.043ns (DCD - SCD + CPR)
    Destination Clock Delay (DCD):    4.591ns = ( 5.138 - 0.547 ) 
    Source Clock Delay      (SCD):    3.746ns
    Clock Pessimism Removal (CPR):    0.197ns
  Clock Uncertainty:      0.173ns  ((TSJ^2 + DJ^2)^1/2) / 2 + PE
    Total System Jitter     (TSJ):    0.071ns
    Discrete Jitter          (DJ):    0.076ns
    Phase Error              (PE):    0.121ns
  Timing Exception:       MultiCycle Path   Setup -end   6    

    Location             Delay type                Incr(ns)  Path(ns)    Netlist Resource(s)
  -------------------------------------------------------------------    -------------------
                         (clock clk_pll_i rise edge)
                                                      0.000     0.000 r  
    AD12                                              0.000     0.000 r  sys_clk_p (IN)
                         net (fo=0)                   0.000     0.000    i_ddr/u_xlnx_mig_7_ddr3_mig/u_ddr3_clk_ibuf/sys_clk_p
    AD12                 IBUFDS (Prop_ibufds_I_O)     0.832     0.832 r  i_ddr/u_xlnx_mig_7_ddr3_mig/u_ddr3_clk_ibuf/diff_input_clk.u_ibufg_sys_clk/O
                         net (fo=3, routed)           1.098     1.930    i_ddr/u_xlnx_mig_7_ddr3_mig/u_ddr3_infrastructure/out
    PLLE2_ADV_X1Y1       PLLE2_ADV (Prop_plle2_adv_CLKIN1_CLKOUT3)
                                                      0.077     2.007 r  i_ddr/u_xlnx_mig_7_ddr3_mig/u_ddr3_infrastructure/plle2_i/CLKOUT3
                         net (fo=1, routed)           1.155     3.162    i_ddr/u_xlnx_mig_7_ddr3_mig/u_ddr3_infrastructure/pll_clk3_out
    BUFHCE_X1Y12         BUFH (Prop_bufh_I_O)         0.103     3.265 r  i_ddr/u_xlnx_mig_7_ddr3_mig/u_ddr3_infrastructure/u_bufh_pll_clk3/O
                         net (fo=1, routed)           0.790     4.055    i_ddr/u_xlnx_mig_7_ddr3_mig/u_ddr3_infrastructure/pll_clk3
    MMCME2_ADV_X1Y1      MMCME2_ADV (Prop_mmcme2_adv_CLKIN1_CLKFBOUT)
                                                     -3.987     0.068 r  i_ddr/u_xlnx_mig_7_ddr3_mig/u_ddr3_infrastructure/gen_mmcm.mmcm_i/CLKFBOUT
                         net (fo=1, routed)           2.130     2.198    i_ddr/u_xlnx_mig_7_ddr3_mig/u_ddr3_infrastructure/clk_pll_i
    BUFGCTRL_X0Y1        BUFG (Prop_bufg_I_O)         0.093     2.291 r  i_ddr/u_xlnx_mig_7_ddr3_mig/u_ddr3_infrastructure/u_bufg_clkdiv0/O
                         net (fo=11414, routed)       1.455     3.746    i_ddr/u_xlnx_mig_7_ddr3_mig/u_memc_ui_top_axi/mem_intfc0/mc0/CLK
    SLICE_X134Y124       FDRE                                         r  i_ddr/u_xlnx_mig_7_ddr3_mig/u_memc_ui_top_axi/mem_intfc0/mc0/mc_read_idle_r_reg/C
  -------------------------------------------------------------------    -------------------
    SLICE_X134Y124       FDRE (Prop_fdre_C_Q)         0.259     4.005 r  i_ddr/u_xlnx_mig_7_ddr3_mig/u_memc_ui_top_axi/mem_intfc0/mc0/mc_read_idle_r_reg/Q
                         net (fo=72, routed)          2.541     6.546    i_ddr/u_xlnx_mig_7_ddr3_mig/u_memc_ui_top_axi/mem_intfc0/ddr_phy_top0/u_ddr_mc_phy_wrapper/gen_dq_iobuf_HP.gen_dq_iobuf[31].u_iobuf_dq/IBUFDISABLE
    AK4                  IBUF_IBUFDISABLE (Prop_ibuf_ibufdisable_IBUFDISABLE_O)
                                                      1.453     7.999 r  i_ddr/u_xlnx_mig_7_ddr3_mig/u_memc_ui_top_axi/mem_intfc0/ddr_phy_top0/u_ddr_mc_phy_wrapper/gen_dq_iobuf_HP.gen_dq_iobuf[31].u_iobuf_dq/IBUF/O
                         net (fo=2, routed)           0.000     7.999    i_ddr/u_xlnx_mig_7_ddr3_mig/u_memc_ui_top_axi/mem_intfc0/ddr_phy_top0/u_ddr_mc_phy_wrapper/u_ddr_mc_phy/ddr_phy_4lanes_0.u_ddr_phy_4lanes/ddr_byte_lane_A.ddr_byte_lane_A/ddr_byte_group_io/mem_dq_in[0]
    IDELAY_X1Y101        IDELAYE2_FINEDELAY (Prop_idelaye2_finedelay_IDATAIN_DATAOUT)
                                                      0.666     8.665 r  i_ddr/u_xlnx_mig_7_ddr3_mig/u_memc_ui_top_axi/mem_intfc0/ddr_phy_top0/u_ddr_mc_phy_wrapper/u_ddr_mc_phy/ddr_phy_4lanes_0.u_ddr_phy_4lanes/ddr_byte_lane_A.ddr_byte_lane_A/ddr_byte_group_io/input_[0].iserdes_dq_.idelay_finedelay_dq.idelaye2/DATAOUT
                         net (fo=1, routed)           0.000     8.665    i_ddr/u_xlnx_mig_7_ddr3_mig/u_memc_ui_top_axi/mem_intfc0/ddr_phy_top0/u_ddr_mc_phy_wrapper/u_ddr_mc_phy/ddr_phy_4lanes_0.u_ddr_phy_4lanes/ddr_byte_lane_A.ddr_byte_lane_A/ddr_byte_group_io/data_in_dly_0
    ILOGIC_X1Y101        ISERDESE2                                    r  i_ddr/u_xlnx_mig_7_ddr3_mig/u_memc_ui_top_axi/mem_intfc0/ddr_phy_top0/u_ddr_mc_phy_wrapper/u_ddr_mc_phy/ddr_phy_4lanes_0.u_ddr_phy_4lanes/ddr_byte_lane_A.ddr_byte_lane_A/ddr_byte_group_io/input_[0].iserdes_dq_.iserdesdq/DDLY
  -------------------------------------------------------------------    -------------------

                         (clock u_memc_ui_top_axi/mem_intfc0/ddr_phy_top0/u_ddr_mc_phy_wrapper/u_ddr_mc_phy/ddr_phy_4lanes_0.u_ddr_phy_4lanes/ddr_byte_lane_A.ddr_byte_lane_A/iserdes_clk fall edge)
                                                      6.797     6.797 f  
    AD12                                              0.000     6.797 f  sys_clk_p (IN)
                         net (fo=0)                   0.000     6.797    i_ddr/u_xlnx_mig_7_ddr3_mig/u_ddr3_clk_ibuf/sys_clk_p
    AD12                 IBUFDS (Prop_ibufds_I_O)     0.735     7.532 f  i_ddr/u_xlnx_mig_7_ddr3_mig/u_ddr3_clk_ibuf/diff_input_clk.u_ibufg_sys_clk/O
                         net (fo=3, routed)           1.001     8.533    i_ddr/u_xlnx_mig_7_ddr3_mig/u_ddr3_infrastructure/out
    PLLE2_ADV_X1Y1       PLLE2_ADV (Prop_plle2_adv_CLKIN1_CLKOUT0)
                                                      0.073     8.606 f  i_ddr/u_xlnx_mig_7_ddr3_mig/u_ddr3_infrastructure/plle2_i/CLKOUT0
                         net (fo=14, routed)          1.076     9.682    i_ddr/u_xlnx_mig_7_ddr3_mig/u_memc_ui_top_axi/mem_intfc0/ddr_phy_top0/u_ddr_mc_phy_wrapper/u_ddr_mc_phy/ddr_phy_4lanes_0.u_ddr_phy_4lanes/ddr_byte_lane_A.ddr_byte_lane_A/freq_refclk
    PHASER_IN_PHY_X1Y8   PHASER_IN_PHY (Prop_phaser_in_phy_FREQREFCLK_ICLK)
                                                      1.394    11.076 f  i_ddr/u_xlnx_mig_7_ddr3_mig/u_memc_ui_top_axi/mem_intfc0/ddr_phy_top0/u_ddr_mc_phy_wrapper/u_ddr_mc_phy/ddr_phy_4lanes_0.u_ddr_phy_4lanes/ddr_byte_lane_A.ddr_byte_lane_A/phaser_in_gen.phaser_in/ICLK
                         net (fo=16, routed)          0.312    11.388    i_ddr/u_xlnx_mig_7_ddr3_mig/u_memc_ui_top_axi/mem_intfc0/ddr_phy_top0/u_ddr_mc_phy_wrapper/u_ddr_mc_phy/ddr_phy_4lanes_0.u_ddr_phy_4lanes/ddr_byte_lane_A.ddr_byte_lane_A/ddr_byte_group_io/CLKB0
    ILOGIC_X1Y101        ISERDESE2                                    r  i_ddr/u_xlnx_mig_7_ddr3_mig/u_memc_ui_top_axi/mem_intfc0/ddr_phy_top0/u_ddr_mc_phy_wrapper/u_ddr_mc_phy/ddr_phy_4lanes_0.u_ddr_phy_4lanes/ddr_byte_lane_A.ddr_byte_lane_A/ddr_byte_group_io/input_[0].iserdes_dq_.iserdesdq/CLKB  (IS_INVERTED)
                         clock pessimism              0.197    11.586    
                         clock uncertainty           -0.173    11.413    
    ILOGIC_X1Y101        ISERDESE2 (Setup_iserdese2_CLKB_DDLY)
                                                     -0.115    11.298    i_ddr/u_xlnx_mig_7_ddr3_mig/u_memc_ui_top_axi/mem_intfc0/ddr_phy_top0/u_ddr_mc_phy_wrapper/u_ddr_mc_phy/ddr_phy_4lanes_0.u_ddr_phy_4lanes/ddr_byte_lane_A.ddr_byte_lane_A/ddr_byte_group_io/input_[0].iserdes_dq_.iserdesdq
  -------------------------------------------------------------------
                         required time                         11.298    
                         arrival time                          -8.665    
  -------------------------------------------------------------------
                         slack                                  2.633    

Slack (MET) :             2.727ns  (required time - arrival time)
  Source:                 i_ddr/u_xlnx_mig_7_ddr3_mig/u_memc_ui_top_axi/mem_intfc0/mc0/mc_read_idle_r_reg/C
                            (rising edge-triggered cell FDRE clocked by clk_pll_i  {rise@0.000ns fall@2.500ns period=5.000ns})
  Destination:            i_ddr/u_xlnx_mig_7_ddr3_mig/u_memc_ui_top_axi/mem_intfc0/ddr_phy_top0/u_ddr_mc_phy_wrapper/u_ddr_mc_phy/ddr_phy_4lanes_0.u_ddr_phy_4lanes/ddr_byte_lane_D.ddr_byte_lane_D/ddr_byte_group_io/input_[8].iserdes_dq_.iserdesdq/DDLY
                            (falling edge-triggered cell ISERDESE2 clocked by u_memc_ui_top_axi/mem_intfc0/ddr_phy_top0/u_ddr_mc_phy_wrapper/u_ddr_mc_phy/ddr_phy_4lanes_0.u_ddr_phy_4lanes/ddr_byte_lane_D.ddr_byte_lane_D/iserdes_clk  {rise@1.172ns fall@1.797ns period=1.250ns})
  Path Group:             u_memc_ui_top_axi/mem_intfc0/ddr_phy_top0/u_ddr_mc_phy_wrapper/u_ddr_mc_phy/ddr_phy_4lanes_0.u_ddr_phy_4lanes/ddr_byte_lane_D.ddr_byte_lane_D/iserdes_clk
  Path Type:              Setup (Max at Slow Process Corner)
  Requirement:            6.797ns  (u_memc_ui_top_axi/mem_intfc0/ddr_phy_top0/u_ddr_mc_phy_wrapper/u_ddr_mc_phy/ddr_phy_4lanes_0.u_ddr_phy_4lanes/ddr_byte_lane_D.ddr_byte_lane_D/iserdes_clk fall@6.797ns - clk_pll_i rise@0.000ns)
  Data Path Delay:        4.809ns  (logic 2.378ns (49.444%)  route 2.431ns (50.556%))
  Logic Levels:           2  (IBUF_IBUFDISABLE=1 IDELAYE2_FINEDELAY=1)
  Clock Path Skew:        1.027ns (DCD - SCD + CPR)
    Destination Clock Delay (DCD):    4.575ns = ( 5.122 - 0.547 ) 
    Source Clock Delay      (SCD):    3.746ns
    Clock Pessimism Removal (CPR):    0.197ns
  Clock Uncertainty:      0.173ns  ((TSJ^2 + DJ^2)^1/2) / 2 + PE
    Total System Jitter     (TSJ):    0.071ns
    Discrete Jitter          (DJ):    0.076ns
    Phase Error              (PE):    0.121ns
  Timing Exception:       MultiCycle Path   Setup -end   6    

    Location             Delay type                Incr(ns)  Path(ns)    Netlist Resource(s)
  -------------------------------------------------------------------    -------------------
                         (clock clk_pll_i rise edge)
                                                      0.000     0.000 r  
    AD12                                              0.000     0.000 r  sys_clk_p (IN)
                         net (fo=0)                   0.000     0.000    i_ddr/u_xlnx_mig_7_ddr3_mig/u_ddr3_clk_ibuf/sys_clk_p
    AD12                 IBUFDS (Prop_ibufds_I_O)     0.832     0.832 r  i_ddr/u_xlnx_mig_7_ddr3_mig/u_ddr3_clk_ibuf/diff_input_clk.u_ibufg_sys_clk/O
                         net (fo=3, routed)           1.098     1.930    i_ddr/u_xlnx_mig_7_ddr3_mig/u_ddr3_infrastructure/out
    PLLE2_ADV_X1Y1       PLLE2_ADV (Prop_plle2_adv_CLKIN1_CLKOUT3)
                                                      0.077     2.007 r  i_ddr/u_xlnx_mig_7_ddr3_mig/u_ddr3_infrastructure/plle2_i/CLKOUT3
                         net (fo=1, routed)           1.155     3.162    i_ddr/u_xlnx_mig_7_ddr3_mig/u_ddr3_infrastructure/pll_clk3_out
    BUFHCE_X1Y12         BUFH (Prop_bufh_I_O)         0.103     3.265 r  i_ddr/u_xlnx_mig_7_ddr3_mig/u_ddr3_infrastructure/u_bufh_pll_clk3/O
                         net (fo=1, routed)           0.790     4.055    i_ddr/u_xlnx_mig_7_ddr3_mig/u_ddr3_infrastructure/pll_clk3
    MMCME2_ADV_X1Y1      MMCME2_ADV (Prop_mmcme2_adv_CLKIN1_CLKFBOUT)
                                                     -3.987     0.068 r  i_ddr/u_xlnx_mig_7_ddr3_mig/u_ddr3_infrastructure/gen_mmcm.mmcm_i/CLKFBOUT
                         net (fo=1, routed)           2.130     2.198    i_ddr/u_xlnx_mig_7_ddr3_mig/u_ddr3_infrastructure/clk_pll_i
    BUFGCTRL_X0Y1        BUFG (Prop_bufg_I_O)         0.093     2.291 r  i_ddr/u_xlnx_mig_7_ddr3_mig/u_ddr3_infrastructure/u_bufg_clkdiv0/O
                         net (fo=11414, routed)       1.455     3.746    i_ddr/u_xlnx_mig_7_ddr3_mig/u_memc_ui_top_axi/mem_intfc0/mc0/CLK
    SLICE_X134Y124       FDRE                                         r  i_ddr/u_xlnx_mig_7_ddr3_mig/u_memc_ui_top_axi/mem_intfc0/mc0/mc_read_idle_r_reg/C
  -------------------------------------------------------------------    -------------------
    SLICE_X134Y124       FDRE (Prop_fdre_C_Q)         0.259     4.005 r  i_ddr/u_xlnx_mig_7_ddr3_mig/u_memc_ui_top_axi/mem_intfc0/mc0/mc_read_idle_r_reg/Q
                         net (fo=72, routed)          2.431     6.436    i_ddr/u_xlnx_mig_7_ddr3_mig/u_memc_ui_top_axi/mem_intfc0/ddr_phy_top0/u_ddr_mc_phy_wrapper/gen_dq_iobuf_HP.gen_dq_iobuf[0].u_iobuf_dq/IBUFDISABLE
    AD3                  IBUF_IBUFDISABLE (Prop_ibuf_ibufdisable_IBUFDISABLE_O)
                                                      1.453     7.889 r  i_ddr/u_xlnx_mig_7_ddr3_mig/u_memc_ui_top_axi/mem_intfc0/ddr_phy_top0/u_ddr_mc_phy_wrapper/gen_dq_iobuf_HP.gen_dq_iobuf[0].u_iobuf_dq/IBUF/O
                         net (fo=2, routed)           0.000     7.889    i_ddr/u_xlnx_mig_7_ddr3_mig/u_memc_ui_top_axi/mem_intfc0/ddr_phy_top0/u_ddr_mc_phy_wrapper/u_ddr_mc_phy/ddr_phy_4lanes_0.u_ddr_phy_4lanes/ddr_byte_lane_D.ddr_byte_lane_D/ddr_byte_group_io/mem_dq_in[7]
    IDELAY_X1Y147        IDELAYE2_FINEDELAY (Prop_idelaye2_finedelay_IDATAIN_DATAOUT)
                                                      0.666     8.555 r  i_ddr/u_xlnx_mig_7_ddr3_mig/u_memc_ui_top_axi/mem_intfc0/ddr_phy_top0/u_ddr_mc_phy_wrapper/u_ddr_mc_phy/ddr_phy_4lanes_0.u_ddr_phy_4lanes/ddr_byte_lane_D.ddr_byte_lane_D/ddr_byte_group_io/input_[8].iserdes_dq_.idelay_finedelay_dq.idelaye2/DATAOUT
                         net (fo=1, routed)           0.000     8.555    i_ddr/u_xlnx_mig_7_ddr3_mig/u_memc_ui_top_axi/mem_intfc0/ddr_phy_top0/u_ddr_mc_phy_wrapper/u_ddr_mc_phy/ddr_phy_4lanes_0.u_ddr_phy_4lanes/ddr_byte_lane_D.ddr_byte_lane_D/ddr_byte_group_io/data_in_dly_8
    ILOGIC_X1Y147        ISERDESE2                                    r  i_ddr/u_xlnx_mig_7_ddr3_mig/u_memc_ui_top_axi/mem_intfc0/ddr_phy_top0/u_ddr_mc_phy_wrapper/u_ddr_mc_phy/ddr_phy_4lanes_0.u_ddr_phy_4lanes/ddr_byte_lane_D.ddr_byte_lane_D/ddr_byte_group_io/input_[8].iserdes_dq_.iserdesdq/DDLY
  -------------------------------------------------------------------    -------------------

                         (clock u_memc_ui_top_axi/mem_intfc0/ddr_phy_top0/u_ddr_mc_phy_wrapper/u_ddr_mc_phy/ddr_phy_4lanes_0.u_ddr_phy_4lanes/ddr_byte_lane_D.ddr_byte_lane_D/iserdes_clk fall edge)
                                                      6.797     6.797 f  
    AD12                                              0.000     6.797 f  sys_clk_p (IN)
                         net (fo=0)                   0.000     6.797    i_ddr/u_xlnx_mig_7_ddr3_mig/u_ddr3_clk_ibuf/sys_clk_p
    AD12                 IBUFDS (Prop_ibufds_I_O)     0.735     7.532 f  i_ddr/u_xlnx_mig_7_ddr3_mig/u_ddr3_clk_ibuf/diff_input_clk.u_ibufg_sys_clk/O
                         net (fo=3, routed)           1.001     8.533    i_ddr/u_xlnx_mig_7_ddr3_mig/u_ddr3_infrastructure/out
    PLLE2_ADV_X1Y1       PLLE2_ADV (Prop_plle2_adv_CLKIN1_CLKOUT0)
                                                      0.073     8.606 f  i_ddr/u_xlnx_mig_7_ddr3_mig/u_ddr3_infrastructure/plle2_i/CLKOUT0
                         net (fo=14, routed)          1.057     9.663    i_ddr/u_xlnx_mig_7_ddr3_mig/u_memc_ui_top_axi/mem_intfc0/ddr_phy_top0/u_ddr_mc_phy_wrapper/u_ddr_mc_phy/ddr_phy_4lanes_0.u_ddr_phy_4lanes/ddr_byte_lane_D.ddr_byte_lane_D/freq_refclk
    PHASER_IN_PHY_X1Y11  PHASER_IN_PHY (Prop_phaser_in_phy_FREQREFCLK_ICLK)
                                                      1.394    11.057 f  i_ddr/u_xlnx_mig_7_ddr3_mig/u_memc_ui_top_axi/mem_intfc0/ddr_phy_top0/u_ddr_mc_phy_wrapper/u_ddr_mc_phy/ddr_phy_4lanes_0.u_ddr_phy_4lanes/ddr_byte_lane_D.ddr_byte_lane_D/phaser_in_gen.phaser_in/ICLK
                         net (fo=16, routed)          0.315    11.372    i_ddr/u_xlnx_mig_7_ddr3_mig/u_memc_ui_top_axi/mem_intfc0/ddr_phy_top0/u_ddr_mc_phy_wrapper/u_ddr_mc_phy/ddr_phy_4lanes_0.u_ddr_phy_4lanes/ddr_byte_lane_D.ddr_byte_lane_D/ddr_byte_group_io/CLKB0_9
    ILOGIC_X1Y147        ISERDESE2                                    r  i_ddr/u_xlnx_mig_7_ddr3_mig/u_memc_ui_top_axi/mem_intfc0/ddr_phy_top0/u_ddr_mc_phy_wrapper/u_ddr_mc_phy/ddr_phy_4lanes_0.u_ddr_phy_4lanes/ddr_byte_lane_D.ddr_byte_lane_D/ddr_byte_group_io/input_[8].iserdes_dq_.iserdesdq/CLKB  (IS_INVERTED)
                         clock pessimism              0.197    11.570    
                         clock uncertainty           -0.173    11.397    
    ILOGIC_X1Y147        ISERDESE2 (Setup_iserdese2_CLKB_DDLY)
                                                     -0.115    11.282    i_ddr/u_xlnx_mig_7_ddr3_mig/u_memc_ui_top_axi/mem_intfc0/ddr_phy_top0/u_ddr_mc_phy_wrapper/u_ddr_mc_phy/ddr_phy_4lanes_0.u_ddr_phy_4lanes/ddr_byte_lane_D.ddr_byte_lane_D/ddr_byte_group_io/input_[8].iserdes_dq_.iserdesdq
  -------------------------------------------------------------------
                         required time                         11.282    
                         arrival time                          -8.555    
  -------------------------------------------------------------------
                         slack                                  2.727    

Slack (MET) :             2.819ns  (required time - arrival time)
  Source:                 i_ddr/u_xlnx_mig_7_ddr3_mig/u_ddr3_infrastructure/rstdiv0_sync_r1_reg_rep__21/C
                            (rising edge-triggered cell FDPE clocked by clk_pll_i  {rise@0.000ns fall@2.500ns period=5.000ns})
  Destination:            i_ddr/u_xlnx_mig_7_ddr3_mig/u_ddr3_infrastructure/first_rising_ps_clk_r_reg/D
                            (rising edge-triggered cell FDRE clocked by mmcm_ps_clk_bufg_in  {rise@0.000ns fall@5.000ns period=10.000ns})
  Path Group:             mmcm_ps_clk_bufg_in
  Path Type:              Setup (Max at Slow Process Corner)
  Requirement:            5.000ns  (mmcm_ps_clk_bufg_in rise@10.000ns - clk_pll_i rise@5.000ns)
  Data Path Delay:        1.777ns  (logic 0.272ns (15.304%)  route 1.505ns (84.696%))
  Logic Levels:           1  (LUT1=1)
  Clock Path Skew:        -0.102ns (DCD - SCD + CPR)
    Destination Clock Delay (DCD):    3.535ns = ( 13.535 - 10.000 ) 
    Source Clock Delay      (SCD):    3.759ns = ( 8.759 - 5.000 ) 
    Clock Pessimism Removal (CPR):    0.121ns
  Clock Uncertainty:      0.187ns  ((TSJ^2 + DJ^2)^1/2) / 2 + PE
    Total System Jitter     (TSJ):    0.071ns
    Discrete Jitter          (DJ):    0.114ns
    Phase Error              (PE):    0.120ns

    Location             Delay type                Incr(ns)  Path(ns)    Netlist Resource(s)
  -------------------------------------------------------------------    -------------------
                         (clock clk_pll_i rise edge)
                                                      5.000     5.000 r  
    AD12                                              0.000     5.000 r  sys_clk_p (IN)
                         net (fo=0)                   0.000     5.000    i_ddr/u_xlnx_mig_7_ddr3_mig/u_ddr3_clk_ibuf/sys_clk_p
    AD12                 IBUFDS (Prop_ibufds_I_O)     0.832     5.832 r  i_ddr/u_xlnx_mig_7_ddr3_mig/u_ddr3_clk_ibuf/diff_input_clk.u_ibufg_sys_clk/O
                         net (fo=3, routed)           1.098     6.930    i_ddr/u_xlnx_mig_7_ddr3_mig/u_ddr3_infrastructure/out
    PLLE2_ADV_X1Y1       PLLE2_ADV (Prop_plle2_adv_CLKIN1_CLKOUT3)
                                                      0.077     7.007 r  i_ddr/u_xlnx_mig_7_ddr3_mig/u_ddr3_infrastructure/plle2_i/CLKOUT3
                         net (fo=1, routed)           1.155     8.162    i_ddr/u_xlnx_mig_7_ddr3_mig/u_ddr3_infrastructure/pll_clk3_out
    BUFHCE_X1Y12         BUFH (Prop_bufh_I_O)         0.103     8.265 r  i_ddr/u_xlnx_mig_7_ddr3_mig/u_ddr3_infrastructure/u_bufh_pll_clk3/O
                         net (fo=1, routed)           0.790     9.055    i_ddr/u_xlnx_mig_7_ddr3_mig/u_ddr3_infrastructure/pll_clk3
    MMCME2_ADV_X1Y1      MMCME2_ADV (Prop_mmcme2_adv_CLKIN1_CLKFBOUT)
                                                     -3.987     5.068 r  i_ddr/u_xlnx_mig_7_ddr3_mig/u_ddr3_infrastructure/gen_mmcm.mmcm_i/CLKFBOUT
                         net (fo=1, routed)           2.130     7.198    i_ddr/u_xlnx_mig_7_ddr3_mig/u_ddr3_infrastructure/clk_pll_i
    BUFGCTRL_X0Y1        BUFG (Prop_bufg_I_O)         0.093     7.291 r  i_ddr/u_xlnx_mig_7_ddr3_mig/u_ddr3_infrastructure/u_bufg_clkdiv0/O
                         net (fo=11414, routed)       1.468     8.759    i_ddr/u_xlnx_mig_7_ddr3_mig/u_ddr3_infrastructure/CLK
    SLICE_X131Y108       FDPE                                         r  i_ddr/u_xlnx_mig_7_ddr3_mig/u_ddr3_infrastructure/rstdiv0_sync_r1_reg_rep__21/C
  -------------------------------------------------------------------    -------------------
    SLICE_X131Y108       FDPE (Prop_fdpe_C_Q)         0.223     8.982 f  i_ddr/u_xlnx_mig_7_ddr3_mig/u_ddr3_infrastructure/rstdiv0_sync_r1_reg_rep__21/Q
                         net (fo=45, routed)          0.762     9.743    i_ddr/u_xlnx_mig_7_ddr3_mig/u_ddr3_infrastructure/rstdiv0_sync_r1_reg_rep__21_n_0
    SLICE_X129Y99        LUT1 (Prop_lut1_I0_O)        0.049     9.792 r  i_ddr/u_xlnx_mig_7_ddr3_mig/u_ddr3_infrastructure/first_rising_ps_clk_r_i_1/O
                         net (fo=1, routed)           0.744    10.536    i_ddr/u_xlnx_mig_7_ddr3_mig/u_ddr3_infrastructure/first_rising_ps_clk_ns
    SLICE_X131Y87        FDRE                                         r  i_ddr/u_xlnx_mig_7_ddr3_mig/u_ddr3_infrastructure/first_rising_ps_clk_r_reg/D
  -------------------------------------------------------------------    -------------------

                         (clock mmcm_ps_clk_bufg_in rise edge)
                                                     10.000    10.000 r  
    AD12                                              0.000    10.000 r  sys_clk_p (IN)
                         net (fo=0)                   0.000    10.000    i_ddr/u_xlnx_mig_7_ddr3_mig/u_ddr3_clk_ibuf/sys_clk_p
    AD12                 IBUFDS (Prop_ibufds_I_O)     0.735    10.735 r  i_ddr/u_xlnx_mig_7_ddr3_mig/u_ddr3_clk_ibuf/diff_input_clk.u_ibufg_sys_clk/O
                         net (fo=3, routed)           1.001    11.736    i_ddr/u_xlnx_mig_7_ddr3_mig/u_ddr3_infrastructure/out
    PLLE2_ADV_X1Y1       PLLE2_ADV (Prop_plle2_adv_CLKIN1_CLKOUT3)
                                                      0.073    11.809 r  i_ddr/u_xlnx_mig_7_ddr3_mig/u_ddr3_infrastructure/plle2_i/CLKOUT3
                         net (fo=1, routed)           1.043    12.852    i_ddr/u_xlnx_mig_7_ddr3_mig/u_ddr3_infrastructure/pll_clk3_out
    BUFHCE_X1Y12         BUFH (Prop_bufh_I_O)         0.066    12.918 r  i_ddr/u_xlnx_mig_7_ddr3_mig/u_ddr3_infrastructure/u_bufh_pll_clk3/O
                         net (fo=1, routed)           0.722    13.640    i_ddr/u_xlnx_mig_7_ddr3_mig/u_ddr3_infrastructure/pll_clk3
    MMCME2_ADV_X1Y1      MMCME2_ADV (Prop_mmcme2_adv_CLKIN1_CLKOUT0)
                                                     -3.694     9.946 r  i_ddr/u_xlnx_mig_7_ddr3_mig/u_ddr3_infrastructure/gen_mmcm.mmcm_i/CLKOUT0
                         net (fo=1, routed)           2.005    11.951    i_ddr/u_xlnx_mig_7_ddr3_mig/u_ddr3_infrastructure/mmcm_ps_clk_bufg_in
    BUFGCTRL_X0Y3        BUFG (Prop_bufg_I_O)         0.083    12.034 r  i_ddr/u_xlnx_mig_7_ddr3_mig/u_ddr3_infrastructure/gen_mmcm.u_bufg_mmcm_ps_clk/O
                         net (fo=18, routed)          1.501    13.535    i_ddr/u_xlnx_mig_7_ddr3_mig/u_ddr3_infrastructure/mmcm_ps_clk
    SLICE_X131Y87        FDRE                                         r  i_ddr/u_xlnx_mig_7_ddr3_mig/u_ddr3_infrastructure/first_rising_ps_clk_r_reg/C
                         clock pessimism              0.121    13.657    
                         clock uncertainty           -0.187    13.470    
    SLICE_X131Y87        FDRE (Setup_fdre_C_D)       -0.115    13.355    i_ddr/u_xlnx_mig_7_ddr3_mig/u_ddr3_infrastructure/first_rising_ps_clk_r_reg
  -------------------------------------------------------------------
                         required time                         13.355    
                         arrival time                         -10.536    
  -------------------------------------------------------------------
                         slack                                  2.819    

Slack (MET) :             2.955ns  (required time - arrival time)
  Source:                 i_ddr/u_xlnx_mig_7_ddr3_mig/u_ddr3_infrastructure/rstdiv0_sync_r1_reg_rep__18/C
                            (rising edge-triggered cell FDPE clocked by clk_pll_i  {rise@0.000ns fall@2.500ns period=5.000ns})
  Destination:            i_ddr/u_xlnx_mig_7_ddr3_mig/u_memc_ui_top_axi/mem_intfc0/ddr_phy_top0/u_ddr_mc_phy_wrapper/u_ddr_mc_phy/ddr_phy_4lanes_1.u_ddr_phy_4lanes/rst_out_reg/CLR
                            (recovery check against rising-edge clock clk_pll_i  {rise@0.000ns fall@2.500ns period=5.000ns})
  Path Group:             **async_default**
  Path Type:              Recovery (Max at Slow Process Corner)
  Requirement:            5.000ns  (clk_pll_i rise@5.000ns - clk_pll_i rise@0.000ns)
  Data Path Delay:        1.791ns  (logic 0.223ns (12.452%)  route 1.568ns (87.548%))
  Logic Levels:           0  
  Clock Path Skew:        -0.048ns (DCD - SCD + CPR)
    Destination Clock Delay (DCD):    3.363ns = ( 8.363 - 5.000 ) 
    Source Clock Delay      (SCD):    3.756ns
    Clock Pessimism Removal (CPR):    0.344ns
  Clock Uncertainty:      0.052ns  ((TSJ^2 + DJ^2)^1/2) / 2 + PE
    Total System Jitter     (TSJ):    0.071ns
    Discrete Jitter          (DJ):    0.077ns
    Phase Error              (PE):    0.000ns

    Location             Delay type                Incr(ns)  Path(ns)    Netlist Resource(s)
  -------------------------------------------------------------------    -------------------
                         (clock clk_pll_i rise edge)
                                                      0.000     0.000 r  
    AD12                                              0.000     0.000 r  sys_clk_p (IN)
                         net (fo=0)                   0.000     0.000    i_ddr/u_xlnx_mig_7_ddr3_mig/u_ddr3_clk_ibuf/sys_clk_p
    AD12                 IBUFDS (Prop_ibufds_I_O)     0.832     0.832 r  i_ddr/u_xlnx_mig_7_ddr3_mig/u_ddr3_clk_ibuf/diff_input_clk.u_ibufg_sys_clk/O
                         net (fo=3, routed)           1.098     1.930    i_ddr/u_xlnx_mig_7_ddr3_mig/u_ddr3_infrastructure/out
    PLLE2_ADV_X1Y1       PLLE2_ADV (Prop_plle2_adv_CLKIN1_CLKOUT3)
                                                      0.077     2.007 r  i_ddr/u_xlnx_mig_7_ddr3_mig/u_ddr3_infrastructure/plle2_i/CLKOUT3
                         net (fo=1, routed)           1.155     3.162    i_ddr/u_xlnx_mig_7_ddr3_mig/u_ddr3_infrastructure/pll_clk3_out
    BUFHCE_X1Y12         BUFH (Prop_bufh_I_O)         0.103     3.265 r  i_ddr/u_xlnx_mig_7_ddr3_mig/u_ddr3_infrastructure/u_bufh_pll_clk3/O
                         net (fo=1, routed)           0.790     4.055    i_ddr/u_xlnx_mig_7_ddr3_mig/u_ddr3_infrastructure/pll_clk3
    MMCME2_ADV_X1Y1      MMCME2_ADV (Prop_mmcme2_adv_CLKIN1_CLKFBOUT)
                                                     -3.987     0.068 r  i_ddr/u_xlnx_mig_7_ddr3_mig/u_ddr3_infrastructure/gen_mmcm.mmcm_i/CLKFBOUT
                         net (fo=1, routed)           2.130     2.198    i_ddr/u_xlnx_mig_7_ddr3_mig/u_ddr3_infrastructure/clk_pll_i
    BUFGCTRL_X0Y1        BUFG (Prop_bufg_I_O)         0.093     2.291 r  i_ddr/u_xlnx_mig_7_ddr3_mig/u_ddr3_infrastructure/u_bufg_clkdiv0/O
                         net (fo=11414, routed)       1.465     3.756    i_ddr/u_xlnx_mig_7_ddr3_mig/u_ddr3_infrastructure/CLK
    SLICE_X123Y110       FDPE                                         r  i_ddr/u_xlnx_mig_7_ddr3_mig/u_ddr3_infrastructure/rstdiv0_sync_r1_reg_rep__18/C
  -------------------------------------------------------------------    -------------------
    SLICE_X123Y110       FDPE (Prop_fdpe_C_Q)         0.223     3.979 f  i_ddr/u_xlnx_mig_7_ddr3_mig/u_ddr3_infrastructure/rstdiv0_sync_r1_reg_rep__18/Q
                         net (fo=48, routed)          1.568     5.546    i_ddr/u_xlnx_mig_7_ddr3_mig/u_memc_ui_top_axi/mem_intfc0/ddr_phy_top0/u_ddr_mc_phy_wrapper/u_ddr_mc_phy/ddr_phy_4lanes_1.u_ddr_phy_4lanes/rst_out_reg_0
    SLICE_X136Y129       FDCE                                         f  i_ddr/u_xlnx_mig_7_ddr3_mig/u_memc_ui_top_axi/mem_intfc0/ddr_phy_top0/u_ddr_mc_phy_wrapper/u_ddr_mc_phy/ddr_phy_4lanes_1.u_ddr_phy_4lanes/rst_out_reg/CLR
  -------------------------------------------------------------------    -------------------

                         (clock clk_pll_i rise edge)
                                                      5.000     5.000 r  
    AD12                                              0.000     5.000 r  sys_clk_p (IN)
                         net (fo=0)                   0.000     5.000    i_ddr/u_xlnx_mig_7_ddr3_mig/u_ddr3_clk_ibuf/sys_clk_p
    AD12                 IBUFDS (Prop_ibufds_I_O)     0.735     5.735 r  i_ddr/u_xlnx_mig_7_ddr3_mig/u_ddr3_clk_ibuf/diff_input_clk.u_ibufg_sys_clk/O
                         net (fo=3, routed)           1.001     6.736    i_ddr/u_xlnx_mig_7_ddr3_mig/u_ddr3_infrastructure/out
    PLLE2_ADV_X1Y1       PLLE2_ADV (Prop_plle2_adv_CLKIN1_CLKOUT3)
                                                      0.073     6.809 r  i_ddr/u_xlnx_mig_7_ddr3_mig/u_ddr3_infrastructure/plle2_i/CLKOUT3
                         net (fo=1, routed)           1.043     7.852    i_ddr/u_xlnx_mig_7_ddr3_mig/u_ddr3_infrastructure/pll_clk3_out
    BUFHCE_X1Y12         BUFH (Prop_bufh_I_O)         0.066     7.918 r  i_ddr/u_xlnx_mig_7_ddr3_mig/u_ddr3_infrastructure/u_bufh_pll_clk3/O
                         net (fo=1, routed)           0.722     8.640    i_ddr/u_xlnx_mig_7_ddr3_mig/u_ddr3_infrastructure/pll_clk3
    MMCME2_ADV_X1Y1      MMCME2_ADV (Prop_mmcme2_adv_CLKIN1_CLKFBOUT)
                                                     -3.694     4.946 r  i_ddr/u_xlnx_mig_7_ddr3_mig/u_ddr3_infrastructure/gen_mmcm.mmcm_i/CLKFBOUT
                         net (fo=1, routed)           2.005     6.951    i_ddr/u_xlnx_mig_7_ddr3_mig/u_ddr3_infrastructure/clk_pll_i
    BUFGCTRL_X0Y1        BUFG (Prop_bufg_I_O)         0.083     7.034 r  i_ddr/u_xlnx_mig_7_ddr3_mig/u_ddr3_infrastructure/u_bufg_clkdiv0/O
                         net (fo=11414, routed)       1.329     8.363    i_ddr/u_xlnx_mig_7_ddr3_mig/u_memc_ui_top_axi/mem_intfc0/ddr_phy_top0/u_ddr_mc_phy_wrapper/u_ddr_mc_phy/ddr_phy_4lanes_1.u_ddr_phy_4lanes/CLK
    SLICE_X136Y129       FDCE                                         r  i_ddr/u_xlnx_mig_7_ddr3_mig/u_memc_ui_top_axi/mem_intfc0/ddr_phy_top0/u_ddr_mc_phy_wrapper/u_ddr_mc_phy/ddr_phy_4lanes_1.u_ddr_phy_4lanes/rst_out_reg/C
                         clock pessimism              0.344     8.708    
                         clock uncertainty           -0.052     8.655    
    SLICE_X136Y129       FDCE (Recov_fdce_C_CLR)     -0.154     8.501    i_ddr/u_xlnx_mig_7_ddr3_mig/u_memc_ui_top_axi/mem_intfc0/ddr_phy_top0/u_ddr_mc_phy_wrapper/u_ddr_mc_phy/ddr_phy_4lanes_1.u_ddr_phy_4lanes/rst_out_reg
  -------------------------------------------------------------------
                         required time                          8.501    
                         arrival time                          -5.546    
  -------------------------------------------------------------------
                         slack                                  2.955    

Slack (MET) :             3.151ns  (required time - arrival time)
  Source:                 i_ddr/u_xlnx_mig_7_ddr3_mig/temp_mon_enabled.u_tempmon/xadc_supplied_temperature.rst_r2_reg/C
                            (rising edge-triggered cell FDRE clocked by sys_clk_p  {rise@0.000ns fall@2.500ns period=5.000ns})
  Destination:            i_ddr/u_xlnx_mig_7_ddr3_mig/temp_mon_enabled.u_tempmon/xadc_supplied_temperature.sample_timer_reg[10]/R
                            (rising edge-triggered cell FDRE clocked by sys_clk_p  {rise@0.000ns fall@2.500ns period=5.000ns})
  Path Group:             sys_clk_p
  Path Type:              Setup (Max at Slow Process Corner)
  Requirement:            5.000ns  (sys_clk_p rise@5.000ns - sys_clk_p rise@0.000ns)
  Data Path Delay:        1.464ns  (logic 0.330ns (22.541%)  route 1.134ns (77.459%))
  Logic Levels:           1  (LUT2=1)
  Clock Path Skew:        -0.046ns (DCD - SCD + CPR)
    Destination Clock Delay (DCD):    4.132ns = ( 9.132 - 5.000 ) 
    Source Clock Delay      (SCD):    4.497ns
    Clock Pessimism Removal (CPR):    0.318ns
  Clock Uncertainty:      0.035ns  ((TSJ^2 + TIJ^2)^1/2 + DJ) / 2 + PE
    Total System Jitter     (TSJ):    0.071ns
    Total Input Jitter      (TIJ):    0.000ns
    Discrete Jitter          (DJ):    0.000ns
    Phase Error              (PE):    0.000ns

    Location             Delay type                Incr(ns)  Path(ns)    Netlist Resource(s)
  -------------------------------------------------------------------    -------------------
                         (clock sys_clk_p rise edge)
                                                      0.000     0.000 r  
    AD12                                              0.000     0.000 r  sys_clk_p (IN)
                         net (fo=0)                   0.000     0.000    i_ddr/u_xlnx_mig_7_ddr3_mig/u_ddr3_clk_ibuf/sys_clk_p
    AD12                 IBUFDS (Prop_ibufds_I_O)     0.832     0.832 r  i_ddr/u_xlnx_mig_7_ddr3_mig/u_ddr3_clk_ibuf/diff_input_clk.u_ibufg_sys_clk/O
                         net (fo=3, routed)           2.299     3.131    i_ddr/u_xlnx_mig_7_ddr3_mig/u_iodelay_ctrl/out
    BUFGCTRL_X0Y7        BUFG (Prop_bufg_I_O)         0.093     3.224 r  i_ddr/u_xlnx_mig_7_ddr3_mig/u_iodelay_ctrl/clk_ref_200.u_bufg_clk_ref/O
                         net (fo=59, routed)          1.273     4.497    i_ddr/u_xlnx_mig_7_ddr3_mig/temp_mon_enabled.u_tempmon/CLK
    SLICE_X40Y170        FDRE                                         r  i_ddr/u_xlnx_mig_7_ddr3_mig/temp_mon_enabled.u_tempmon/xadc_supplied_temperature.rst_r2_reg/C
  -------------------------------------------------------------------    -------------------
    SLICE_X40Y170        FDRE (Prop_fdre_C_Q)         0.204     4.701 r  i_ddr/u_xlnx_mig_7_ddr3_mig/temp_mon_enabled.u_tempmon/xadc_supplied_temperature.rst_r2_reg/Q
                         net (fo=32, routed)          0.580     5.281    i_ddr/u_xlnx_mig_7_ddr3_mig/temp_mon_enabled.u_tempmon/xadc_supplied_temperature.rst_r2
    SLICE_X38Y176        LUT2 (Prop_lut2_I0_O)        0.126     5.407 r  i_ddr/u_xlnx_mig_7_ddr3_mig/temp_mon_enabled.u_tempmon/xadc_supplied_temperature.sample_timer[10]_i_1/O
                         net (fo=11, routed)          0.554     5.961    i_ddr/u_xlnx_mig_7_ddr3_mig/temp_mon_enabled.u_tempmon/xadc_supplied_temperature.sample_timer0
    SLICE_X39Y177        FDRE                                         r  i_ddr/u_xlnx_mig_7_ddr3_mig/temp_mon_enabled.u_tempmon/xadc_supplied_temperature.sample_timer_reg[10]/R
  -------------------------------------------------------------------    -------------------

                         (clock sys_clk_p rise edge)
                                                      5.000     5.000 r  
    AD12                                              0.000     5.000 r  sys_clk_p (IN)
                         net (fo=0)                   0.000     5.000    i_ddr/u_xlnx_mig_7_ddr3_mig/u_ddr3_clk_ibuf/sys_clk_p
    AD12                 IBUFDS (Prop_ibufds_I_O)     0.735     5.735 r  i_ddr/u_xlnx_mig_7_ddr3_mig/u_ddr3_clk_ibuf/diff_input_clk.u_ibufg_sys_clk/O
                         net (fo=3, routed)           2.173     7.908    i_ddr/u_xlnx_mig_7_ddr3_mig/u_iodelay_ctrl/out
    BUFGCTRL_X0Y7        BUFG (Prop_bufg_I_O)         0.083     7.991 r  i_ddr/u_xlnx_mig_7_ddr3_mig/u_iodelay_ctrl/clk_ref_200.u_bufg_clk_ref/O
                         net (fo=59, routed)          1.141     9.132    i_ddr/u_xlnx_mig_7_ddr3_mig/temp_mon_enabled.u_tempmon/CLK
    SLICE_X39Y177        FDRE                                         r  i_ddr/u_xlnx_mig_7_ddr3_mig/temp_mon_enabled.u_tempmon/xadc_supplied_temperature.sample_timer_reg[10]/C
                         clock pessimism              0.318     9.451    
                         clock uncertainty           -0.035     9.415    
    SLICE_X39Y177        FDRE (Setup_fdre_C_R)       -0.304     9.111    i_ddr/u_xlnx_mig_7_ddr3_mig/temp_mon_enabled.u_tempmon/xadc_supplied_temperature.sample_timer_reg[10]
  -------------------------------------------------------------------
                         required time                          9.111    
                         arrival time                          -5.961    
  -------------------------------------------------------------------
                         slack                                  3.151    

Slack (MET) :             3.650ns  (required time - arrival time)
  Source:                 i_ddr/u_xlnx_mig_7_ddr3_mig/u_memc_ui_top_axi/mem_intfc0/mc0/mc_read_idle_r_reg/C
                            (rising edge-triggered cell FDRE clocked by clk_pll_i  {rise@0.000ns fall@2.500ns period=5.000ns})
  Destination:            i_ddr/u_xlnx_mig_7_ddr3_mig/u_memc_ui_top_axi/mem_intfc0/ddr_phy_top0/u_ddr_mc_phy_wrapper/u_ddr_mc_phy/ddr_phy_4lanes_0.u_ddr_phy_4lanes/ddr_byte_lane_C.ddr_byte_lane_C/ddr_byte_group_io/input_[8].iserdes_dq_.iserdesdq/DDLY
                            (falling edge-triggered cell ISERDESE2 clocked by u_memc_ui_top_axi/mem_intfc0/ddr_phy_top0/u_ddr_mc_phy_wrapper/u_ddr_mc_phy/ddr_phy_4lanes_0.u_ddr_phy_4lanes/ddr_byte_lane_C.ddr_byte_lane_C/iserdes_clk  {rise@1.172ns fall@1.797ns period=1.250ns})
  Path Group:             u_memc_ui_top_axi/mem_intfc0/ddr_phy_top0/u_ddr_mc_phy_wrapper/u_ddr_mc_phy/ddr_phy_4lanes_0.u_ddr_phy_4lanes/ddr_byte_lane_C.ddr_byte_lane_C/iserdes_clk
  Path Type:              Setup (Max at Slow Process Corner)
  Requirement:            6.797ns  (u_memc_ui_top_axi/mem_intfc0/ddr_phy_top0/u_ddr_mc_phy_wrapper/u_ddr_mc_phy/ddr_phy_4lanes_0.u_ddr_phy_4lanes/ddr_byte_lane_C.ddr_byte_lane_C/iserdes_clk fall@6.797ns - clk_pll_i rise@0.000ns)
  Data Path Delay:        3.881ns  (logic 2.378ns (61.272%)  route 1.503ns (38.728%))
  Logic Levels:           2  (IBUF_IBUFDISABLE=1 IDELAYE2_FINEDELAY=1)
  Clock Path Skew:        1.022ns (DCD - SCD + CPR)
    Destination Clock Delay (DCD):    4.570ns = ( 5.117 - 0.547 ) 
    Source Clock Delay      (SCD):    3.746ns
    Clock Pessimism Removal (CPR):    0.197ns
  Clock Uncertainty:      0.173ns  ((TSJ^2 + DJ^2)^1/2) / 2 + PE
    Total System Jitter     (TSJ):    0.071ns
    Discrete Jitter          (DJ):    0.076ns
    Phase Error              (PE):    0.121ns
  Timing Exception:       MultiCycle Path   Setup -end   6    

    Location             Delay type                Incr(ns)  Path(ns)    Netlist Resource(s)
  -------------------------------------------------------------------    -------------------
                         (clock clk_pll_i rise edge)
                                                      0.000     0.000 r  
    AD12                                              0.000     0.000 r  sys_clk_p (IN)
                         net (fo=0)                   0.000     0.000    i_ddr/u_xlnx_mig_7_ddr3_mig/u_ddr3_clk_ibuf/sys_clk_p
    AD12                 IBUFDS (Prop_ibufds_I_O)     0.832     0.832 r  i_ddr/u_xlnx_mig_7_ddr3_mig/u_ddr3_clk_ibuf/diff_input_clk.u_ibufg_sys_clk/O
                         net (fo=3, routed)           1.098     1.930    i_ddr/u_xlnx_mig_7_ddr3_mig/u_ddr3_infrastructure/out
    PLLE2_ADV_X1Y1       PLLE2_ADV (Prop_plle2_adv_CLKIN1_CLKOUT3)
                                                      0.077     2.007 r  i_ddr/u_xlnx_mig_7_ddr3_mig/u_ddr3_infrastructure/plle2_i/CLKOUT3
                         net (fo=1, routed)           1.155     3.162    i_ddr/u_xlnx_mig_7_ddr3_mig/u_ddr3_infrastructure/pll_clk3_out
    BUFHCE_X1Y12         BUFH (Prop_bufh_I_O)         0.103     3.265 r  i_ddr/u_xlnx_mig_7_ddr3_mig/u_ddr3_infrastructure/u_bufh_pll_clk3/O
                         net (fo=1, routed)           0.790     4.055    i_ddr/u_xlnx_mig_7_ddr3_mig/u_ddr3_infrastructure/pll_clk3
    MMCME2_ADV_X1Y1      MMCME2_ADV (Prop_mmcme2_adv_CLKIN1_CLKFBOUT)
                                                     -3.987     0.068 r  i_ddr/u_xlnx_mig_7_ddr3_mig/u_ddr3_infrastructure/gen_mmcm.mmcm_i/CLKFBOUT
                         net (fo=1, routed)           2.130     2.198    i_ddr/u_xlnx_mig_7_ddr3_mig/u_ddr3_infrastructure/clk_pll_i
    BUFGCTRL_X0Y1        BUFG (Prop_bufg_I_O)         0.093     2.291 r  i_ddr/u_xlnx_mig_7_ddr3_mig/u_ddr3_infrastructure/u_bufg_clkdiv0/O
                         net (fo=11414, routed)       1.455     3.746    i_ddr/u_xlnx_mig_7_ddr3_mig/u_memc_ui_top_axi/mem_intfc0/mc0/CLK
    SLICE_X134Y124       FDRE                                         r  i_ddr/u_xlnx_mig_7_ddr3_mig/u_memc_ui_top_axi/mem_intfc0/mc0/mc_read_idle_r_reg/C
  -------------------------------------------------------------------    -------------------
    SLICE_X134Y124       FDRE (Prop_fdre_C_Q)         0.259     4.005 r  i_ddr/u_xlnx_mig_7_ddr3_mig/u_memc_ui_top_axi/mem_intfc0/mc0/mc_read_idle_r_reg/Q
                         net (fo=72, routed)          1.503     5.508    i_ddr/u_xlnx_mig_7_ddr3_mig/u_memc_ui_top_axi/mem_intfc0/ddr_phy_top0/u_ddr_mc_phy_wrapper/gen_dq_iobuf_HP.gen_dq_iobuf[8].u_iobuf_dq/IBUFDISABLE
    AF2                  IBUF_IBUFDISABLE (Prop_ibuf_ibufdisable_IBUFDISABLE_O)
                                                      1.453     6.961 r  i_ddr/u_xlnx_mig_7_ddr3_mig/u_memc_ui_top_axi/mem_intfc0/ddr_phy_top0/u_ddr_mc_phy_wrapper/gen_dq_iobuf_HP.gen_dq_iobuf[8].u_iobuf_dq/IBUF/O
                         net (fo=2, routed)           0.000     6.961    i_ddr/u_xlnx_mig_7_ddr3_mig/u_memc_ui_top_axi/mem_intfc0/ddr_phy_top0/u_ddr_mc_phy_wrapper/u_ddr_mc_phy/ddr_phy_4lanes_0.u_ddr_phy_4lanes/ddr_byte_lane_C.ddr_byte_lane_C/ddr_byte_group_io/mem_dq_in[7]
    IDELAY_X1Y135        IDELAYE2_FINEDELAY (Prop_idelaye2_finedelay_IDATAIN_DATAOUT)
                                                      0.666     7.627 r  i_ddr/u_xlnx_mig_7_ddr3_mig/u_memc_ui_top_axi/mem_intfc0/ddr_phy_top0/u_ddr_mc_phy_wrapper/u_ddr_mc_phy/ddr_phy_4lanes_0.u_ddr_phy_4lanes/ddr_byte_lane_C.ddr_byte_lane_C/ddr_byte_group_io/input_[8].iserdes_dq_.idelay_finedelay_dq.idelaye2/DATAOUT
                         net (fo=1, routed)           0.000     7.627    i_ddr/u_xlnx_mig_7_ddr3_mig/u_memc_ui_top_axi/mem_intfc0/ddr_phy_top0/u_ddr_mc_phy_wrapper/u_ddr_mc_phy/ddr_phy_4lanes_0.u_ddr_phy_4lanes/ddr_byte_lane_C.ddr_byte_lane_C/ddr_byte_group_io/data_in_dly_8
    ILOGIC_X1Y135        ISERDESE2                                    r  i_ddr/u_xlnx_mig_7_ddr3_mig/u_memc_ui_top_axi/mem_intfc0/ddr_phy_top0/u_ddr_mc_phy_wrapper/u_ddr_mc_phy/ddr_phy_4lanes_0.u_ddr_phy_4lanes/ddr_byte_lane_C.ddr_byte_lane_C/ddr_byte_group_io/input_[8].iserdes_dq_.iserdesdq/DDLY
  -------------------------------------------------------------------    -------------------

                         (clock u_memc_ui_top_axi/mem_intfc0/ddr_phy_top0/u_ddr_mc_phy_wrapper/u_ddr_mc_phy/ddr_phy_4lanes_0.u_ddr_phy_4lanes/ddr_byte_lane_C.ddr_byte_lane_C/iserdes_clk fall edge)
                                                      6.797     6.797 f  
    AD12                                              0.000     6.797 f  sys_clk_p (IN)
                         net (fo=0)                   0.000     6.797    i_ddr/u_xlnx_mig_7_ddr3_mig/u_ddr3_clk_ibuf/sys_clk_p
    AD12                 IBUFDS (Prop_ibufds_I_O)     0.735     7.532 f  i_ddr/u_xlnx_mig_7_ddr3_mig/u_ddr3_clk_ibuf/diff_input_clk.u_ibufg_sys_clk/O
                         net (fo=3, routed)           1.001     8.533    i_ddr/u_xlnx_mig_7_ddr3_mig/u_ddr3_infrastructure/out
    PLLE2_ADV_X1Y1       PLLE2_ADV (Prop_plle2_adv_CLKIN1_CLKOUT0)
                                                      0.073     8.606 f  i_ddr/u_xlnx_mig_7_ddr3_mig/u_ddr3_infrastructure/plle2_i/CLKOUT0
                         net (fo=14, routed)          1.065     9.671    i_ddr/u_xlnx_mig_7_ddr3_mig/u_memc_ui_top_axi/mem_intfc0/ddr_phy_top0/u_ddr_mc_phy_wrapper/u_ddr_mc_phy/ddr_phy_4lanes_0.u_ddr_phy_4lanes/ddr_byte_lane_C.ddr_byte_lane_C/freq_refclk
    PHASER_IN_PHY_X1Y10  PHASER_IN_PHY (Prop_phaser_in_phy_FREQREFCLK_ICLK)
                                                      1.394    11.065 f  i_ddr/u_xlnx_mig_7_ddr3_mig/u_memc_ui_top_axi/mem_intfc0/ddr_phy_top0/u_ddr_mc_phy_wrapper/u_ddr_mc_phy/ddr_phy_4lanes_0.u_ddr_phy_4lanes/ddr_byte_lane_C.ddr_byte_lane_C/phaser_in_gen.phaser_in/ICLK
                         net (fo=16, routed)          0.302    11.367    i_ddr/u_xlnx_mig_7_ddr3_mig/u_memc_ui_top_axi/mem_intfc0/ddr_phy_top0/u_ddr_mc_phy_wrapper/u_ddr_mc_phy/ddr_phy_4lanes_0.u_ddr_phy_4lanes/ddr_byte_lane_C.ddr_byte_lane_C/ddr_byte_group_io/CLKB0_8
    ILOGIC_X1Y135        ISERDESE2                                    r  i_ddr/u_xlnx_mig_7_ddr3_mig/u_memc_ui_top_axi/mem_intfc0/ddr_phy_top0/u_ddr_mc_phy_wrapper/u_ddr_mc_phy/ddr_phy_4lanes_0.u_ddr_phy_4lanes/ddr_byte_lane_C.ddr_byte_lane_C/ddr_byte_group_io/input_[8].iserdes_dq_.iserdesdq/CLKB  (IS_INVERTED)
                         clock pessimism              0.197    11.565    
                         clock uncertainty           -0.173    11.392    
    ILOGIC_X1Y135        ISERDESE2 (Setup_iserdese2_CLKB_DDLY)
                                                     -0.115    11.277    i_ddr/u_xlnx_mig_7_ddr3_mig/u_memc_ui_top_axi/mem_intfc0/ddr_phy_top0/u_ddr_mc_phy_wrapper/u_ddr_mc_phy/ddr_phy_4lanes_0.u_ddr_phy_4lanes/ddr_byte_lane_C.ddr_byte_lane_C/ddr_byte_group_io/input_[8].iserdes_dq_.iserdesdq
  -------------------------------------------------------------------
                         required time                         11.277    
                         arrival time                          -7.627    
  -------------------------------------------------------------------
                         slack                                  3.650    

Slack (MET) :             3.691ns  (required time - arrival time)
  Source:                 i_ddr/u_xlnx_mig_7_ddr3_mig/u_memc_ui_top_axi/mem_intfc0/mc0/mc_read_idle_r_reg/C
                            (rising edge-triggered cell FDRE clocked by clk_pll_i  {rise@0.000ns fall@2.500ns period=5.000ns})
  Destination:            i_ddr/u_xlnx_mig_7_ddr3_mig/u_memc_ui_top_axi/mem_intfc0/ddr_phy_top0/u_ddr_mc_phy_wrapper/u_ddr_mc_phy/ddr_phy_4lanes_0.u_ddr_phy_4lanes/ddr_byte_lane_B.ddr_byte_lane_B/ddr_byte_group_io/input_[1].iserdes_dq_.iserdesdq/DDLY
                            (falling edge-triggered cell ISERDESE2 clocked by u_memc_ui_top_axi/mem_intfc0/ddr_phy_top0/u_ddr_mc_phy_wrapper/u_ddr_mc_phy/ddr_phy_4lanes_0.u_ddr_phy_4lanes/ddr_byte_lane_B.ddr_byte_lane_B/iserdes_clk  {rise@1.172ns fall@1.797ns period=1.250ns})
  Path Group:             u_memc_ui_top_axi/mem_intfc0/ddr_phy_top0/u_ddr_mc_phy_wrapper/u_ddr_mc_phy/ddr_phy_4lanes_0.u_ddr_phy_4lanes/ddr_byte_lane_B.ddr_byte_lane_B/iserdes_clk
  Path Type:              Setup (Max at Slow Process Corner)
  Requirement:            6.797ns  (u_memc_ui_top_axi/mem_intfc0/ddr_phy_top0/u_ddr_mc_phy_wrapper/u_ddr_mc_phy/ddr_phy_4lanes_0.u_ddr_phy_4lanes/ddr_byte_lane_B.ddr_byte_lane_B/iserdes_clk fall@6.797ns - clk_pll_i rise@0.000ns)
  Data Path Delay:        3.848ns  (logic 2.378ns (61.803%)  route 1.470ns (38.197%))
  Logic Levels:           2  (IBUF_IBUFDISABLE=1 IDELAYE2_FINEDELAY=1)
  Clock Path Skew:        1.030ns (DCD - SCD + CPR)
    Destination Clock Delay (DCD):    4.578ns = ( 5.125 - 0.547 ) 
    Source Clock Delay      (SCD):    3.746ns
    Clock Pessimism Removal (CPR):    0.197ns
  Clock Uncertainty:      0.173ns  ((TSJ^2 + DJ^2)^1/2) / 2 + PE
    Total System Jitter     (TSJ):    0.071ns
    Discrete Jitter          (DJ):    0.076ns
    Phase Error              (PE):    0.121ns
  Timing Exception:       MultiCycle Path   Setup -end   6    

    Location             Delay type                Incr(ns)  Path(ns)    Netlist Resource(s)
  -------------------------------------------------------------------    -------------------
                         (clock clk_pll_i rise edge)
                                                      0.000     0.000 r  
    AD12                                              0.000     0.000 r  sys_clk_p (IN)
                         net (fo=0)                   0.000     0.000    i_ddr/u_xlnx_mig_7_ddr3_mig/u_ddr3_clk_ibuf/sys_clk_p
    AD12                 IBUFDS (Prop_ibufds_I_O)     0.832     0.832 r  i_ddr/u_xlnx_mig_7_ddr3_mig/u_ddr3_clk_ibuf/diff_input_clk.u_ibufg_sys_clk/O
                         net (fo=3, routed)           1.098     1.930    i_ddr/u_xlnx_mig_7_ddr3_mig/u_ddr3_infrastructure/out
    PLLE2_ADV_X1Y1       PLLE2_ADV (Prop_plle2_adv_CLKIN1_CLKOUT3)
                                                      0.077     2.007 r  i_ddr/u_xlnx_mig_7_ddr3_mig/u_ddr3_infrastructure/plle2_i/CLKOUT3
                         net (fo=1, routed)           1.155     3.162    i_ddr/u_xlnx_mig_7_ddr3_mig/u_ddr3_infrastructure/pll_clk3_out
    BUFHCE_X1Y12         BUFH (Prop_bufh_I_O)         0.103     3.265 r  i_ddr/u_xlnx_mig_7_ddr3_mig/u_ddr3_infrastructure/u_bufh_pll_clk3/O
                         net (fo=1, routed)           0.790     4.055    i_ddr/u_xlnx_mig_7_ddr3_mig/u_ddr3_infrastructure/pll_clk3
    MMCME2_ADV_X1Y1      MMCME2_ADV (Prop_mmcme2_adv_CLKIN1_CLKFBOUT)
                                                     -3.987     0.068 r  i_ddr/u_xlnx_mig_7_ddr3_mig/u_ddr3_infrastructure/gen_mmcm.mmcm_i/CLKFBOUT
                         net (fo=1, routed)           2.130     2.198    i_ddr/u_xlnx_mig_7_ddr3_mig/u_ddr3_infrastructure/clk_pll_i
    BUFGCTRL_X0Y1        BUFG (Prop_bufg_I_O)         0.093     2.291 r  i_ddr/u_xlnx_mig_7_ddr3_mig/u_ddr3_infrastructure/u_bufg_clkdiv0/O
                         net (fo=11414, routed)       1.455     3.746    i_ddr/u_xlnx_mig_7_ddr3_mig/u_memc_ui_top_axi/mem_intfc0/mc0/CLK
    SLICE_X134Y124       FDRE                                         r  i_ddr/u_xlnx_mig_7_ddr3_mig/u_memc_ui_top_axi/mem_intfc0/mc0/mc_read_idle_r_reg/C
  -------------------------------------------------------------------    -------------------
    SLICE_X134Y124       FDRE (Prop_fdre_C_Q)         0.259     4.005 r  i_ddr/u_xlnx_mig_7_ddr3_mig/u_memc_ui_top_axi/mem_intfc0/mc0/mc_read_idle_r_reg/Q
                         net (fo=72, routed)          1.470     5.474    i_ddr/u_xlnx_mig_7_ddr3_mig/u_memc_ui_top_axi/mem_intfc0/ddr_phy_top0/u_ddr_mc_phy_wrapper/gen_dq_iobuf_HP.gen_dq_iobuf[23].u_iobuf_dq/IBUFDISABLE
    AJ3                  IBUF_IBUFDISABLE (Prop_ibuf_ibufdisable_IBUFDISABLE_O)
                                                      1.453     6.927 r  i_ddr/u_xlnx_mig_7_ddr3_mig/u_memc_ui_top_axi/mem_intfc0/ddr_phy_top0/u_ddr_mc_phy_wrapper/gen_dq_iobuf_HP.gen_dq_iobuf[23].u_iobuf_dq/IBUF/O
                         net (fo=2, routed)           0.000     6.927    i_ddr/u_xlnx_mig_7_ddr3_mig/u_memc_ui_top_axi/mem_intfc0/ddr_phy_top0/u_ddr_mc_phy_wrapper/u_ddr_mc_phy/ddr_phy_4lanes_0.u_ddr_phy_4lanes/ddr_byte_lane_B.ddr_byte_lane_B/ddr_byte_group_io/mem_dq_in[0]
    IDELAY_X1Y114        IDELAYE2_FINEDELAY (Prop_idelaye2_finedelay_IDATAIN_DATAOUT)
                                                      0.666     7.593 r  i_ddr/u_xlnx_mig_7_ddr3_mig/u_memc_ui_top_axi/mem_intfc0/ddr_phy_top0/u_ddr_mc_phy_wrapper/u_ddr_mc_phy/ddr_phy_4lanes_0.u_ddr_phy_4lanes/ddr_byte_lane_B.ddr_byte_lane_B/ddr_byte_group_io/input_[1].iserdes_dq_.idelay_finedelay_dq.idelaye2/DATAOUT
                         net (fo=1, routed)           0.000     7.593    i_ddr/u_xlnx_mig_7_ddr3_mig/u_memc_ui_top_axi/mem_intfc0/ddr_phy_top0/u_ddr_mc_phy_wrapper/u_ddr_mc_phy/ddr_phy_4lanes_0.u_ddr_phy_4lanes/ddr_byte_lane_B.ddr_byte_lane_B/ddr_byte_group_io/data_in_dly_1
    ILOGIC_X1Y114        ISERDESE2                                    r  i_ddr/u_xlnx_mig_7_ddr3_mig/u_memc_ui_top_axi/mem_intfc0/ddr_phy_top0/u_ddr_mc_phy_wrapper/u_ddr_mc_phy/ddr_phy_4lanes_0.u_ddr_phy_4lanes/ddr_byte_lane_B.ddr_byte_lane_B/ddr_byte_group_io/input_[1].iserdes_dq_.iserdesdq/DDLY
  -------------------------------------------------------------------    -------------------

                         (clock u_memc_ui_top_axi/mem_intfc0/ddr_phy_top0/u_ddr_mc_phy_wrapper/u_ddr_mc_phy/ddr_phy_4lanes_0.u_ddr_phy_4lanes/ddr_byte_lane_B.ddr_byte_lane_B/iserdes_clk fall edge)
                                                      6.797     6.797 f  
    AD12                                              0.000     6.797 f  sys_clk_p (IN)
                         net (fo=0)                   0.000     6.797    i_ddr/u_xlnx_mig_7_ddr3_mig/u_ddr3_clk_ibuf/sys_clk_p
    AD12                 IBUFDS (Prop_ibufds_I_O)     0.735     7.532 f  i_ddr/u_xlnx_mig_7_ddr3_mig/u_ddr3_clk_ibuf/diff_input_clk.u_ibufg_sys_clk/O
                         net (fo=3, routed)           1.001     8.533    i_ddr/u_xlnx_mig_7_ddr3_mig/u_ddr3_infrastructure/out
    PLLE2_ADV_X1Y1       PLLE2_ADV (Prop_plle2_adv_CLKIN1_CLKOUT0)
                                                      0.073     8.606 f  i_ddr/u_xlnx_mig_7_ddr3_mig/u_ddr3_infrastructure/plle2_i/CLKOUT0
                         net (fo=14, routed)          1.075     9.681    i_ddr/u_xlnx_mig_7_ddr3_mig/u_memc_ui_top_axi/mem_intfc0/ddr_phy_top0/u_ddr_mc_phy_wrapper/u_ddr_mc_phy/ddr_phy_4lanes_0.u_ddr_phy_4lanes/ddr_byte_lane_B.ddr_byte_lane_B/freq_refclk
    PHASER_IN_PHY_X1Y9   PHASER_IN_PHY (Prop_phaser_in_phy_FREQREFCLK_ICLK)
                                                      1.394    11.075 f  i_ddr/u_xlnx_mig_7_ddr3_mig/u_memc_ui_top_axi/mem_intfc0/ddr_phy_top0/u_ddr_mc_phy_wrapper/u_ddr_mc_phy/ddr_phy_4lanes_0.u_ddr_phy_4lanes/ddr_byte_lane_B.ddr_byte_lane_B/phaser_in_gen.phaser_in/ICLK
                         net (fo=16, routed)          0.300    11.375    i_ddr/u_xlnx_mig_7_ddr3_mig/u_memc_ui_top_axi/mem_intfc0/ddr_phy_top0/u_ddr_mc_phy_wrapper/u_ddr_mc_phy/ddr_phy_4lanes_0.u_ddr_phy_4lanes/ddr_byte_lane_B.ddr_byte_lane_B/ddr_byte_group_io/CLKB0_7
    ILOGIC_X1Y114        ISERDESE2                                    r  i_ddr/u_xlnx_mig_7_ddr3_mig/u_memc_ui_top_axi/mem_intfc0/ddr_phy_top0/u_ddr_mc_phy_wrapper/u_ddr_mc_phy/ddr_phy_4lanes_0.u_ddr_phy_4lanes/ddr_byte_lane_B.ddr_byte_lane_B/ddr_byte_group_io/input_[1].iserdes_dq_.iserdesdq/CLKB  (IS_INVERTED)
                         clock pessimism              0.197    11.573    
                         clock uncertainty           -0.173    11.400    
    ILOGIC_X1Y114        ISERDESE2 (Setup_iserdese2_CLKB_DDLY)
                                                     -0.115    11.285    i_ddr/u_xlnx_mig_7_ddr3_mig/u_memc_ui_top_axi/mem_intfc0/ddr_phy_top0/u_ddr_mc_phy_wrapper/u_ddr_mc_phy/ddr_phy_4lanes_0.u_ddr_phy_4lanes/ddr_byte_lane_B.ddr_byte_lane_B/ddr_byte_group_io/input_[1].iserdes_dq_.iserdesdq
  -------------------------------------------------------------------
                         required time                         11.285    
                         arrival time                          -7.593    
  -------------------------------------------------------------------
                         slack                                  3.691    

Slack (MET) :             3.830ns  (required time - arrival time)
  Source:                 i_dmi_jtag/i_dmi_jtag_tap/td_o_reg/C
                            (falling edge-triggered cell FDCE clocked by tck  {rise@0.000ns fall@50.000ns period=100.000ns})
  Destination:            tdo
                            (output port clocked by tck  {rise@0.000ns fall@50.000ns period=100.000ns})
  Path Group:             tck
  Path Type:              Max at Slow Process Corner
  Requirement:            20.000ns  (MaxDelay Path 20.000ns)
  Data Path Delay:        5.277ns  (logic 3.543ns (67.149%)  route 1.734ns (32.851%))
  Logic Levels:           1  (OBUF=1)
  Output Delay:           5.000ns
  Clock Path Skew:        -5.392ns (DCD - SCD + CPR)
    Destination Clock Delay (DCD):    0.000ns
    Source Clock Delay      (SCD):    5.392ns
    Clock Pessimism Removal (CPR):    0.000ns
  Clock Uncertainty:      0.501ns  ((TSJ^2 + TIJ^2)^1/2 + DJ) / 2 + PE
    Total System Jitter     (TSJ):    0.071ns
    Total Input Jitter      (TIJ):    1.000ns
    Discrete Jitter          (DJ):    0.000ns
    Phase Error              (PE):    0.000ns
  Timing Exception:       MaxDelay Path 20.000ns

    Location             Delay type                Incr(ns)  Path(ns)    Netlist Resource(s)
  -------------------------------------------------------------------    -------------------
                         (clock tck fall edge)        0.000     0.000 f  
    AD27                                              0.000     0.000 f  tck (IN)
                         net (fo=0)                   0.000     0.000    tck
    AD27                 IBUF (Prop_ibuf_I_O)         1.518     1.518 f  tck_IBUF_inst/O
                         net (fo=1, routed)           2.312     3.830    tck_IBUF
    BUFGCTRL_X0Y6        BUFG (Prop_bufg_I_O)         0.093     3.923 f  tck_IBUF_BUFG_inst/O
                         net (fo=258, routed)         1.469     5.392    i_dmi_jtag/i_dmi_jtag_tap/tck_ni
    SLICE_X22Y100        FDCE                                         r  i_dmi_jtag/i_dmi_jtag_tap/td_o_reg/C  (IS_INVERTED)
  -------------------------------------------------------------------    -------------------
    SLICE_X22Y100        FDCE (Prop_fdce_C_Q)         0.263     5.655 r  i_dmi_jtag/i_dmi_jtag_tap/td_o_reg/Q
                         net (fo=1, routed)           1.734     7.388    tdo_OBUF
    W28                  OBUF (Prop_obuf_I_O)         3.280    10.669 r  tdo_OBUF_inst/O
                         net (fo=0)                   0.000    10.669    tdo
    W28                                                               r  tdo (OUT)
  -------------------------------------------------------------------    -------------------

                         max delay                   20.000    20.000    
                         clock pessimism              0.000    20.000    
                         clock uncertainty           -0.501    19.499    
                         output delay                -5.000    14.499    
  -------------------------------------------------------------------
                         required time                         14.499    
                         arrival time                         -10.669    
  -------------------------------------------------------------------
                         slack                                  3.830    

Slack (MET) :             4.274ns  (required time - arrival time)
  Source:                 i_ariane_peripherals/gen_ethernet.eth_rgmii/rgmii_soc1/core_inst/eth_mac_inst/eth_mac_1g_rgmii_inst/rgmii_phy_if_inst/rx_ssio_ddr_inst/data_iddr_inst/iddr[2].iddr_inst/C
                            (rising edge-triggered cell IDDR clocked by eth_rxck  {rise@0.000ns fall@4.000ns period=8.000ns})
  Destination:            i_ariane_peripherals/gen_ethernet.eth_rgmii/rgmii_soc1/core_inst/eth_mac_inst/eth_mac_1g_rgmii_inst/eth_mac_1g_inst/axis_gmii_rx_inst/mii_locked_reg/D
                            (rising edge-triggered cell FDRE clocked by eth_rxck  {rise@0.000ns fall@4.000ns period=8.000ns})
  Path Group:             eth_rxck
  Path Type:              Setup (Max at Slow Process Corner)
  Requirement:            8.000ns  (eth_rxck rise@8.000ns - eth_rxck rise@0.000ns)
  Data Path Delay:        3.151ns  (logic 0.564ns (17.898%)  route 2.587ns (82.102%))
  Logic Levels:           3  (LUT4=2 LUT6=1)
  Clock Path Skew:        -0.572ns (DCD - SCD + CPR)
    Destination Clock Delay (DCD):    1.898ns = ( 9.898 - 8.000 ) 
    Source Clock Delay      (SCD):    2.576ns
    Clock Pessimism Removal (CPR):    0.106ns
  Clock Uncertainty:      0.035ns  ((TSJ^2 + TIJ^2)^1/2 + DJ) / 2 + PE
    Total System Jitter     (TSJ):    0.071ns
    Total Input Jitter      (TIJ):    0.000ns
    Discrete Jitter          (DJ):    0.000ns
    Phase Error              (PE):    0.000ns

    Location             Delay type                Incr(ns)  Path(ns)    Netlist Resource(s)
  -------------------------------------------------------------------    -------------------
                         (clock eth_rxck rise edge)
                                                      0.000     0.000 r  
    AG10                                              0.000     0.000 r  eth_rxck (IN)
                         net (fo=0)                   0.000     0.000    eth_rxck
    AG10                 IBUF (Prop_ibuf_I_O)         0.736     0.736 r  eth_rxck_IBUF_inst/O
                         net (fo=2, routed)           0.354     1.090    i_ariane_peripherals/gen_ethernet.eth_rgmii/rgmii_soc1/core_inst/eth_mac_inst/eth_mac_1g_rgmii_inst/rgmii_phy_if_inst/rx_ssio_ddr_inst/input_clk
    BUFIO_X1Y5           BUFIO (Prop_bufio_I_O)       1.140     2.230 r  i_ariane_peripherals/gen_ethernet.eth_rgmii/rgmii_soc1/core_inst/eth_mac_inst/eth_mac_1g_rgmii_inst/rgmii_phy_if_inst/rx_ssio_ddr_inst/clk_bufio/O
                         net (fo=5, routed)           0.346     2.576    i_ariane_peripherals/gen_ethernet.eth_rgmii/rgmii_soc1/core_inst/eth_mac_inst/eth_mac_1g_rgmii_inst/rgmii_phy_if_inst/rx_ssio_ddr_inst/data_iddr_inst/clk_io
    ILOGIC_X1Y58         IDDR                                         r  i_ariane_peripherals/gen_ethernet.eth_rgmii/rgmii_soc1/core_inst/eth_mac_inst/eth_mac_1g_rgmii_inst/rgmii_phy_if_inst/rx_ssio_ddr_inst/data_iddr_inst/iddr[2].iddr_inst/C
  -------------------------------------------------------------------    -------------------
    ILOGIC_X1Y58         IDDR (Prop_iddr_C_Q1)        0.392     2.968 f  i_ariane_peripherals/gen_ethernet.eth_rgmii/rgmii_soc1/core_inst/eth_mac_inst/eth_mac_1g_rgmii_inst/rgmii_phy_if_inst/rx_ssio_ddr_inst/data_iddr_inst/iddr[2].iddr_inst/Q1
                         net (fo=3, routed)           1.804     4.772    i_ariane_peripherals/gen_ethernet.eth_rgmii/rgmii_soc1/core_inst/eth_mac_inst/eth_mac_1g_rgmii_inst/eth_mac_1g_inst/axis_gmii_rx_inst/q1[2]
    SLICE_X122Y83        LUT6 (Prop_lut6_I1_O)        0.086     4.858 f  i_ariane_peripherals/gen_ethernet.eth_rgmii/rgmii_soc1/core_inst/eth_mac_inst/eth_mac_1g_rgmii_inst/eth_mac_1g_inst/axis_gmii_rx_inst/mii_odd_i_3/O
                         net (fo=2, routed)           0.206     5.064    i_ariane_peripherals/gen_ethernet.eth_rgmii/rgmii_soc1/core_inst/eth_mac_inst/eth_mac_1g_rgmii_inst/eth_mac_1g_inst/axis_gmii_rx_inst/mii_odd_i_3_n_0
    SLICE_X122Y81        LUT4 (Prop_lut4_I0_O)        0.043     5.107 f  i_ariane_peripherals/gen_ethernet.eth_rgmii/rgmii_soc1/core_inst/eth_mac_inst/eth_mac_1g_rgmii_inst/eth_mac_1g_inst/axis_gmii_rx_inst/mii_locked_i_2/O
                         net (fo=1, routed)           0.577     5.684    i_ariane_peripherals/gen_ethernet.eth_rgmii/rgmii_soc1/core_inst/eth_mac_inst/eth_mac_1g_rgmii_inst/eth_mac_1g_inst/axis_gmii_rx_inst/mii_locked_i_2_n_0
    SLICE_X119Y83        LUT4 (Prop_lut4_I3_O)        0.043     5.727 r  i_ariane_peripherals/gen_ethernet.eth_rgmii/rgmii_soc1/core_inst/eth_mac_inst/eth_mac_1g_rgmii_inst/eth_mac_1g_inst/axis_gmii_rx_inst/mii_locked_i_1/O
                         net (fo=1, routed)           0.000     5.727    i_ariane_peripherals/gen_ethernet.eth_rgmii/rgmii_soc1/core_inst/eth_mac_inst/eth_mac_1g_rgmii_inst/eth_mac_1g_inst/axis_gmii_rx_inst/mii_locked_i_1_n_0
    SLICE_X119Y83        FDRE                                         r  i_ariane_peripherals/gen_ethernet.eth_rgmii/rgmii_soc1/core_inst/eth_mac_inst/eth_mac_1g_rgmii_inst/eth_mac_1g_inst/axis_gmii_rx_inst/mii_locked_reg/D
  -------------------------------------------------------------------    -------------------

                         (clock eth_rxck rise edge)
                                                      8.000     8.000 r  
    AG10                                              0.000     8.000 r  eth_rxck (IN)
                         net (fo=0)                   0.000     8.000    eth_rxck
    AG10                 IBUF (Prop_ibuf_I_O)         0.630     8.630 r  eth_rxck_IBUF_inst/O
                         net (fo=2, routed)           0.351     8.981    i_ariane_peripherals/gen_ethernet.eth_rgmii/rgmii_soc1/core_inst/eth_mac_inst/eth_mac_1g_rgmii_inst/rgmii_phy_if_inst/rx_ssio_ddr_inst/input_clk
    BUFR_X1Y5            BUFR (Prop_bufr_I_O)         0.289     9.270 r  i_ariane_peripherals/gen_ethernet.eth_rgmii/rgmii_soc1/core_inst/eth_mac_inst/eth_mac_1g_rgmii_inst/rgmii_phy_if_inst/rx_ssio_ddr_inst/clk_bufr/O
                         net (fo=210, routed)         0.628     9.898    i_ariane_peripherals/gen_ethernet.eth_rgmii/rgmii_soc1/core_inst/eth_mac_inst/eth_mac_1g_rgmii_inst/eth_mac_1g_inst/axis_gmii_rx_inst/output_clk
    SLICE_X119Y83        FDRE                                         r  i_ariane_peripherals/gen_ethernet.eth_rgmii/rgmii_soc1/core_inst/eth_mac_inst/eth_mac_1g_rgmii_inst/eth_mac_1g_inst/axis_gmii_rx_inst/mii_locked_reg/C
                         clock pessimism              0.106    10.004    
                         clock uncertainty           -0.035     9.968    
    SLICE_X119Y83        FDRE (Setup_fdre_C_D)        0.033    10.001    i_ariane_peripherals/gen_ethernet.eth_rgmii/rgmii_soc1/core_inst/eth_mac_inst/eth_mac_1g_rgmii_inst/eth_mac_1g_inst/axis_gmii_rx_inst/mii_locked_reg
  -------------------------------------------------------------------
                         required time                         10.001    
                         arrival time                          -5.727    
  -------------------------------------------------------------------
                         slack                                  4.274    




