Copyright 1986-2019 Xilinx, Inc. All Rights Reserved.
--------------------------------------------------------------------------------------------------------
| Tool Version : Vivado v.2018.3.1 (lin64) Build 2489853 Tue Mar 26 04:18:30 MDT 2019
| Date         : Tue Mar 31 13:40:06 2026
| Host         : debian running 64-bit Debian GNU/Linux 13 (trixie)
| Command      : report_timing -nworst 1 -delay_type max -sort_by group -file reports/ariane.timing.rpt
| Design       : ariane_xilinx
| Device       : 7k325t-ffg900
| Speed File   : -2  PRODUCTION 1.12 2017-02-17
--------------------------------------------------------------------------------------------------------

Timing Report

Slack (MET) :             0.177ns  (required time - arrival time)
  Source:                 i_ddr/u_xlnx_mig_7_ddr3_mig/u_memc_ui_top_axi/mem_intfc0/ddr_phy_top0/u_ddr_mc_phy_wrapper/u_ddr_mc_phy/ddr_phy_4lanes_1.u_ddr_phy_4lanes/phy_control_i/MEMREFCLK
                            (rising edge-triggered cell PHY_CONTROL clocked by mem_refclk  {rise@0.000ns fall@0.625ns period=1.250ns})
  Destination:            i_ddr/u_xlnx_mig_7_ddr3_mig/u_memc_ui_top_axi/mem_intfc0/ddr_phy_top0/u_ddr_mc_phy_wrapper/u_ddr_mc_phy/ddr_phy_4lanes_0.u_ddr_phy_4lanes/phy_control_i/PHYCTLMSTREMPTY
                            (rising edge-triggered cell PHY_CONTROL clocked by mem_refclk  {rise@0.000ns fall@0.625ns period=1.250ns})
  Path Group:             mem_refclk
  Path Type:              Setup (Max at Slow Process Corner)
  Requirement:            1.250ns  (mem_refclk rise@1.250ns - mem_refclk rise@0.000ns)
  Data Path Delay:        1.183ns  (logic 0.576ns (48.690%)  route 0.607ns (51.310%))
  Logic Levels:           0  
  Clock Path Skew:        0.165ns (DCD - SCD + CPR)
    Destination Clock Delay (DCD):    2.884ns = ( 4.134 - 1.250 ) 
    Source Clock Delay      (SCD):    2.975ns
    Clock Pessimism Removal (CPR):    0.255ns
  Clock Uncertainty:      0.047ns  ((TSJ^2 + DJ^2)^1/2) / 2 + PE
    Total System Jitter     (TSJ):    0.071ns
    Discrete Jitter          (DJ):    0.061ns
    Phase Error              (PE):    0.000ns

    Location             Delay type                Incr(ns)  Path(ns)    Netlist Resource(s)
  -------------------------------------------------------------------    -------------------
                         (clock mem_refclk rise edge)
                                                      0.000     0.000 r  
    AD12                                              0.000     0.000 r  sys_clk_p (IN)
                         net (fo=0)                   0.000     0.000    i_ddr/u_xlnx_mig_7_ddr3_mig/u_ddr3_clk_ibuf/sys_clk_p
    AD12                 IBUFDS (Prop_ibufds_I_O)     0.832     0.832 r  i_ddr/u_xlnx_mig_7_ddr3_mig/u_ddr3_clk_ibuf/diff_input_clk.u_ibufg_sys_clk/O
                         net (fo=3, routed)           1.098     1.930    i_ddr/u_xlnx_mig_7_ddr3_mig/u_ddr3_infrastructure/out
    PLLE2_ADV_X1Y1       PLLE2_ADV (Prop_plle2_adv_CLKIN1_CLKOUT1)
                                                      0.077     2.007 r  i_ddr/u_xlnx_mig_7_ddr3_mig/u_ddr3_infrastructure/plle2_i/CLKOUT1
                         net (fo=14, routed)          0.968     2.975    i_ddr/u_xlnx_mig_7_ddr3_mig/u_memc_ui_top_axi/mem_intfc0/ddr_phy_top0/u_ddr_mc_phy_wrapper/u_ddr_mc_phy/ddr_phy_4lanes_1.u_ddr_phy_4lanes/mem_refclk
    PHY_CONTROL_X1Y1     PHY_CONTROL                                  r  i_ddr/u_xlnx_mig_7_ddr3_mig/u_memc_ui_top_axi/mem_intfc0/ddr_phy_top0/u_ddr_mc_phy_wrapper/u_ddr_mc_phy/ddr_phy_4lanes_1.u_ddr_phy_4lanes/phy_control_i/MEMREFCLK
  -------------------------------------------------------------------    -------------------
    PHY_CONTROL_X1Y1     PHY_CONTROL (Prop_phy_control_MEMREFCLK_PHYCTLEMPTY)
                                                      0.576     3.551 r  i_ddr/u_xlnx_mig_7_ddr3_mig/u_memc_ui_top_axi/mem_intfc0/ddr_phy_top0/u_ddr_mc_phy_wrapper/u_ddr_mc_phy/ddr_phy_4lanes_1.u_ddr_phy_4lanes/phy_control_i/PHYCTLEMPTY
                         net (fo=2, routed)           0.607     4.158    i_ddr/u_xlnx_mig_7_ddr3_mig/u_memc_ui_top_axi/mem_intfc0/ddr_phy_top0/u_ddr_mc_phy_wrapper/u_ddr_mc_phy/ddr_phy_4lanes_0.u_ddr_phy_4lanes/phy_ctl_mstr_empty
    PHY_CONTROL_X1Y2     PHY_CONTROL                                  r  i_ddr/u_xlnx_mig_7_ddr3_mig/u_memc_ui_top_axi/mem_intfc0/ddr_phy_top0/u_ddr_mc_phy_wrapper/u_ddr_mc_phy/ddr_phy_4lanes_0.u_ddr_phy_4lanes/phy_control_i/PHYCTLMSTREMPTY
  -------------------------------------------------------------------    -------------------

                         (clock mem_refclk rise edge)
                                                      1.250     1.250 r  
    AD12                                              0.000     1.250 r  sys_clk_p (IN)
                         net (fo=0)                   0.000     1.250    i_ddr/u_xlnx_mig_7_ddr3_mig/u_ddr3_clk_ibuf/sys_clk_p
    AD12                 IBUFDS (Prop_ibufds_I_O)     0.735     1.985 r  i_ddr/u_xlnx_mig_7_ddr3_mig/u_ddr3_clk_ibuf/diff_input_clk.u_ibufg_sys_clk/O
                         net (fo=3, routed)           1.001     2.986    i_ddr/u_xlnx_mig_7_ddr3_mig/u_ddr3_infrastructure/out
    PLLE2_ADV_X1Y1       PLLE2_ADV (Prop_plle2_adv_CLKIN1_CLKOUT1)
                                                      0.073     3.059 r  i_ddr/u_xlnx_mig_7_ddr3_mig/u_ddr3_infrastructure/plle2_i/CLKOUT1
                         net (fo=14, routed)          1.075     4.134    i_ddr/u_xlnx_mig_7_ddr3_mig/u_memc_ui_top_axi/mem_intfc0/ddr_phy_top0/u_ddr_mc_phy_wrapper/u_ddr_mc_phy/ddr_phy_4lanes_0.u_ddr_phy_4lanes/mem_refclk
    PHY_CONTROL_X1Y2     PHY_CONTROL                                  r  i_ddr/u_xlnx_mig_7_ddr3_mig/u_memc_ui_top_axi/mem_intfc0/ddr_phy_top0/u_ddr_mc_phy_wrapper/u_ddr_mc_phy/ddr_phy_4lanes_0.u_ddr_phy_4lanes/phy_control_i/MEMREFCLK
                         clock pessimism              0.255     4.390    
                         clock uncertainty           -0.047     4.343    
    PHY_CONTROL_X1Y2     PHY_CONTROL (Setup_phy_control_MEMREFCLK_PHYCTLMSTREMPTY)
                                                     -0.008     4.335    i_ddr/u_xlnx_mig_7_ddr3_mig/u_memc_ui_top_axi/mem_intfc0/ddr_phy_top0/u_ddr_mc_phy_wrapper/u_ddr_mc_phy/ddr_phy_4lanes_0.u_ddr_phy_4lanes/phy_control_i
  -------------------------------------------------------------------
                         required time                          4.335    
                         arrival time                          -4.158    
  -------------------------------------------------------------------
                         slack                                  0.177    

Slack (MET) :             0.183ns  (required time - arrival time)
  Source:                 i_ddr/u_xlnx_mig_7_ddr3_mig/u_memc_ui_top_axi/mem_intfc0/ddr_phy_top0/u_ddr_mc_phy_wrapper/u_ddr_mc_phy/ddr_phy_4lanes_0.u_ddr_phy_4lanes/ddr_byte_lane_B.ddr_byte_lane_B/phaser_out/OCLKDELAYED
                            (rising edge-triggered cell PHASER_OUT_PHY clocked by oserdes_clk_1'  {rise@0.000ns fall@0.625ns period=1.250ns})
  Destination:            i_ddr/u_xlnx_mig_7_ddr3_mig/u_memc_ui_top_axi/mem_intfc0/ddr_phy_top0/u_ddr_mc_phy_wrapper/u_ddr_mc_phy/ddr_phy_4lanes_0.u_ddr_phy_4lanes/ddr_byte_lane_B.ddr_byte_lane_B/ddr_byte_group_io/dqs_gen.oddr_dqsts/D1
                            (rising edge-triggered cell ODDR clocked by oserdes_clk_1'  {rise@0.000ns fall@0.625ns period=1.250ns})
  Path Group:             oserdes_clk_1
  Path Type:              Setup (Max at Slow Process Corner)
  Requirement:            1.250ns  (oserdes_clk_1 fall@1.875ns - oserdes_clk_1 fall@0.625ns)
  Data Path Delay:        0.750ns  (logic 0.459ns (61.175%)  route 0.291ns (38.824%))
  Logic Levels:           0  
  Clock Path Skew:        0.288ns (DCD - SCD + CPR)
    Destination Clock Delay (DCD):    6.376ns = ( 8.251 - 1.875 ) 
    Source Clock Delay      (SCD):    6.506ns = ( 7.131 - 0.625 ) 
    Clock Pessimism Removal (CPR):    0.418ns
  Clock Uncertainty:      0.047ns  ((TSJ^2 + DJ^2)^1/2) / 2 + PE
    Total System Jitter     (TSJ):    0.071ns
    Discrete Jitter          (DJ):    0.061ns
    Phase Error              (PE):    0.000ns

    Location             Delay type                Incr(ns)  Path(ns)    Netlist Resource(s)
  -------------------------------------------------------------------    -------------------
                         (clock oserdes_clk_1 fall edge)
                                                      0.625     0.625 f  
    AD12                                              0.000     0.625 f  sys_clk_p (IN)
                         net (fo=0)                   0.000     0.625    i_ddr/u_xlnx_mig_7_ddr3_mig/u_ddr3_clk_ibuf/sys_clk_p
    AD12                 IBUFDS (Prop_ibufds_I_O)     0.832     1.457 f  i_ddr/u_xlnx_mig_7_ddr3_mig/u_ddr3_clk_ibuf/diff_input_clk.u_ibufg_sys_clk/O
                         net (fo=3, routed)           1.098     2.555    i_ddr/u_xlnx_mig_7_ddr3_mig/u_ddr3_infrastructure/out
    PLLE2_ADV_X1Y1       PLLE2_ADV (Prop_plle2_adv_CLKIN1_CLKOUT1)
                                                      0.077     2.632 f  i_ddr/u_xlnx_mig_7_ddr3_mig/u_ddr3_infrastructure/plle2_i/CLKOUT1
                         net (fo=14, routed)          1.188     3.820    i_ddr/u_xlnx_mig_7_ddr3_mig/u_memc_ui_top_axi/mem_intfc0/ddr_phy_top0/u_ddr_mc_phy_wrapper/u_ddr_mc_phy/ddr_phy_4lanes_0.u_ddr_phy_4lanes/ddr_byte_lane_B.ddr_byte_lane_B/mem_refclk
    PHASER_OUT_PHY_X1Y9  PHASER_OUT_PHY (Prop_phaser_out_phy_MEMREFCLK_OCLK)
                                                      2.083     5.903 f  i_ddr/u_xlnx_mig_7_ddr3_mig/u_memc_ui_top_axi/mem_intfc0/ddr_phy_top0/u_ddr_mc_phy_wrapper/u_ddr_mc_phy/ddr_phy_4lanes_0.u_ddr_phy_4lanes/ddr_byte_lane_B.ddr_byte_lane_B/phaser_out/OCLK
    PHASER_OUT_PHY_X1Y9  PHASER_OUT_PHY (Prop_phaser_out_phy_OCLK_OCLKDELAYED)
                                                      1.229     7.131 r  i_ddr/u_xlnx_mig_7_ddr3_mig/u_memc_ui_top_axi/mem_intfc0/ddr_phy_top0/u_ddr_mc_phy_wrapper/u_ddr_mc_phy/ddr_phy_4lanes_0.u_ddr_phy_4lanes/ddr_byte_lane_B.ddr_byte_lane_B/phaser_out/OCLKDELAYED
  -------------------------------------------------------------------    -------------------
    PHASER_OUT_PHY_X1Y9  PHASER_OUT_PHY (Prop_phaser_out_phy_OCLKDELAYED_CTSBUS[0])
                                                      0.459     7.590 r  i_ddr/u_xlnx_mig_7_ddr3_mig/u_memc_ui_top_axi/mem_intfc0/ddr_phy_top0/u_ddr_mc_phy_wrapper/u_ddr_mc_phy/ddr_phy_4lanes_0.u_ddr_phy_4lanes/ddr_byte_lane_B.ddr_byte_lane_B/phaser_out/CTSBUS[0]
                         net (fo=2, routed)           0.291     7.882    i_ddr/u_xlnx_mig_7_ddr3_mig/u_memc_ui_top_axi/mem_intfc0/ddr_phy_top0/u_ddr_mc_phy_wrapper/u_ddr_mc_phy/ddr_phy_4lanes_0.u_ddr_phy_4lanes/ddr_byte_lane_B.ddr_byte_lane_B/ddr_byte_group_io/CTSBUS[0]
    OLOGIC_X1Y120        ODDR                                         r  i_ddr/u_xlnx_mig_7_ddr3_mig/u_memc_ui_top_axi/mem_intfc0/ddr_phy_top0/u_ddr_mc_phy_wrapper/u_ddr_mc_phy/ddr_phy_4lanes_0.u_ddr_phy_4lanes/ddr_byte_lane_B.ddr_byte_lane_B/ddr_byte_group_io/dqs_gen.oddr_dqsts/D1
  -------------------------------------------------------------------    -------------------

                         (clock oserdes_clk_1 fall edge)
                                                      1.875     1.875 f  
    AD12                                              0.000     1.875 f  sys_clk_p (IN)
                         net (fo=0)                   0.000     1.875    i_ddr/u_xlnx_mig_7_ddr3_mig/u_ddr3_clk_ibuf/sys_clk_p
    AD12                 IBUFDS (Prop_ibufds_I_O)     0.735     2.610 f  i_ddr/u_xlnx_mig_7_ddr3_mig/u_ddr3_clk_ibuf/diff_input_clk.u_ibufg_sys_clk/O
                         net (fo=3, routed)           1.001     3.611    i_ddr/u_xlnx_mig_7_ddr3_mig/u_ddr3_infrastructure/out
    PLLE2_ADV_X1Y1       PLLE2_ADV (Prop_plle2_adv_CLKIN1_CLKOUT1)
                                                      0.073     3.684 f  i_ddr/u_xlnx_mig_7_ddr3_mig/u_ddr3_infrastructure/plle2_i/CLKOUT1
                         net (fo=14, routed)          1.061     4.745    i_ddr/u_xlnx_mig_7_ddr3_mig/u_memc_ui_top_axi/mem_intfc0/ddr_phy_top0/u_ddr_mc_phy_wrapper/u_ddr_mc_phy/ddr_phy_4lanes_0.u_ddr_phy_4lanes/ddr_byte_lane_B.ddr_byte_lane_B/mem_refclk
    PHASER_OUT_PHY_X1Y9  PHASER_OUT_PHY (Prop_phaser_out_phy_MEMREFCLK_OCLK)
                                                      2.027     6.772 f  i_ddr/u_xlnx_mig_7_ddr3_mig/u_memc_ui_top_axi/mem_intfc0/ddr_phy_top0/u_ddr_mc_phy_wrapper/u_ddr_mc_phy/ddr_phy_4lanes_0.u_ddr_phy_4lanes/ddr_byte_lane_B.ddr_byte_lane_B/phaser_out/OCLK
    PHASER_OUT_PHY_X1Y9  PHASER_OUT_PHY (Prop_phaser_out_phy_OCLK_OCLKDELAYED)
                                                      1.191     7.963 r  i_ddr/u_xlnx_mig_7_ddr3_mig/u_memc_ui_top_axi/mem_intfc0/ddr_phy_top0/u_ddr_mc_phy_wrapper/u_ddr_mc_phy/ddr_phy_4lanes_0.u_ddr_phy_4lanes/ddr_byte_lane_B.ddr_byte_lane_B/phaser_out/OCLKDELAYED
                         net (fo=2, routed)           0.288     8.251    i_ddr/u_xlnx_mig_7_ddr3_mig/u_memc_ui_top_axi/mem_intfc0/ddr_phy_top0/u_ddr_mc_phy_wrapper/u_ddr_mc_phy/ddr_phy_4lanes_0.u_ddr_phy_4lanes/ddr_byte_lane_B.ddr_byte_lane_B/ddr_byte_group_io/oserdes_clk_delayed
    OLOGIC_X1Y120        ODDR                                         r  i_ddr/u_xlnx_mig_7_ddr3_mig/u_memc_ui_top_axi/mem_intfc0/ddr_phy_top0/u_ddr_mc_phy_wrapper/u_ddr_mc_phy/ddr_phy_4lanes_0.u_ddr_phy_4lanes/ddr_byte_lane_B.ddr_byte_lane_B/ddr_byte_group_io/dqs_gen.oddr_dqsts/C
                         clock pessimism              0.418     8.669    
                         clock uncertainty           -0.047     8.623    
    OLOGIC_X1Y120        ODDR (Setup_oddr_C_D1)      -0.558     8.065    i_ddr/u_xlnx_mig_7_ddr3_mig/u_memc_ui_top_axi/mem_intfc0/ddr_phy_top0/u_ddr_mc_phy_wrapper/u_ddr_mc_phy/ddr_phy_4lanes_0.u_ddr_phy_4lanes/ddr_byte_lane_B.ddr_byte_lane_B/ddr_byte_group_io/dqs_gen.oddr_dqsts
  -------------------------------------------------------------------
                         required time                          8.065    
                         arrival time                          -7.882    
  -------------------------------------------------------------------
                         slack                                  0.183    

Slack (MET) :             0.191ns  (required time - arrival time)
  Source:                 i_ddr/u_xlnx_mig_7_ddr3_mig/u_memc_ui_top_axi/mem_intfc0/ddr_phy_top0/u_ddr_mc_phy_wrapper/u_ddr_mc_phy/ddr_phy_4lanes_0.u_ddr_phy_4lanes/ddr_byte_lane_C.ddr_byte_lane_C/phaser_out/OCLKDELAYED
                            (rising edge-triggered cell PHASER_OUT_PHY clocked by oserdes_clk_2'  {rise@0.000ns fall@0.625ns period=1.250ns})
  Destination:            i_ddr/u_xlnx_mig_7_ddr3_mig/u_memc_ui_top_axi/mem_intfc0/ddr_phy_top0/u_ddr_mc_phy_wrapper/u_ddr_mc_phy/ddr_phy_4lanes_0.u_ddr_phy_4lanes/ddr_byte_lane_C.ddr_byte_lane_C/ddr_byte_group_io/dqs_gen.oddr_dqsts/D1
                            (rising edge-triggered cell ODDR clocked by oserdes_clk_2'  {rise@0.000ns fall@0.625ns period=1.250ns})
  Path Group:             oserdes_clk_2
  Path Type:              Setup (Max at Slow Process Corner)
  Requirement:            1.250ns  (oserdes_clk_2 fall@1.875ns - oserdes_clk_2 fall@0.625ns)
  Data Path Delay:        0.750ns  (logic 0.459ns (61.175%)  route 0.291ns (38.824%))
  Logic Levels:           0  
  Clock Path Skew:        0.296ns (DCD - SCD + CPR)
    Destination Clock Delay (DCD):    6.393ns = ( 8.268 - 1.875 ) 
    Source Clock Delay      (SCD):    6.516ns = ( 7.141 - 0.625 ) 
    Clock Pessimism Removal (CPR):    0.419ns
  Clock Uncertainty:      0.047ns  ((TSJ^2 + DJ^2)^1/2) / 2 + PE
    Total System Jitter     (TSJ):    0.071ns
    Discrete Jitter          (DJ):    0.061ns
    Phase Error              (PE):    0.000ns

    Location             Delay type                Incr(ns)  Path(ns)    Netlist Resource(s)
  -------------------------------------------------------------------    -------------------
                         (clock oserdes_clk_2 fall edge)
                                                      0.625     0.625 f  
    AD12                                              0.000     0.625 f  sys_clk_p (IN)
                         net (fo=0)                   0.000     0.625    i_ddr/u_xlnx_mig_7_ddr3_mig/u_ddr3_clk_ibuf/sys_clk_p
    AD12                 IBUFDS (Prop_ibufds_I_O)     0.832     1.457 f  i_ddr/u_xlnx_mig_7_ddr3_mig/u_ddr3_clk_ibuf/diff_input_clk.u_ibufg_sys_clk/O
                         net (fo=3, routed)           1.098     2.555    i_ddr/u_xlnx_mig_7_ddr3_mig/u_ddr3_infrastructure/out
    PLLE2_ADV_X1Y1       PLLE2_ADV (Prop_plle2_adv_CLKIN1_CLKOUT1)
                                                      0.077     2.632 f  i_ddr/u_xlnx_mig_7_ddr3_mig/u_ddr3_infrastructure/plle2_i/CLKOUT1
                         net (fo=14, routed)          1.198     3.830    i_ddr/u_xlnx_mig_7_ddr3_mig/u_memc_ui_top_axi/mem_intfc0/ddr_phy_top0/u_ddr_mc_phy_wrapper/u_ddr_mc_phy/ddr_phy_4lanes_0.u_ddr_phy_4lanes/ddr_byte_lane_C.ddr_byte_lane_C/mem_refclk
    PHASER_OUT_PHY_X1Y10 PHASER_OUT_PHY (Prop_phaser_out_phy_MEMREFCLK_OCLK)
                                                      2.083     5.913 f  i_ddr/u_xlnx_mig_7_ddr3_mig/u_memc_ui_top_axi/mem_intfc0/ddr_phy_top0/u_ddr_mc_phy_wrapper/u_ddr_mc_phy/ddr_phy_4lanes_0.u_ddr_phy_4lanes/ddr_byte_lane_C.ddr_byte_lane_C/phaser_out/OCLK
    PHASER_OUT_PHY_X1Y10 PHASER_OUT_PHY (Prop_phaser_out_phy_OCLK_OCLKDELAYED)
                                                      1.229     7.141 r  i_ddr/u_xlnx_mig_7_ddr3_mig/u_memc_ui_top_axi/mem_intfc0/ddr_phy_top0/u_ddr_mc_phy_wrapper/u_ddr_mc_phy/ddr_phy_4lanes_0.u_ddr_phy_4lanes/ddr_byte_lane_C.ddr_byte_lane_C/phaser_out/OCLKDELAYED
  -------------------------------------------------------------------    -------------------
    PHASER_OUT_PHY_X1Y10 PHASER_OUT_PHY (Prop_phaser_out_phy_OCLKDELAYED_CTSBUS[0])
                                                      0.459     7.600 r  i_ddr/u_xlnx_mig_7_ddr3_mig/u_memc_ui_top_axi/mem_intfc0/ddr_phy_top0/u_ddr_mc_phy_wrapper/u_ddr_mc_phy/ddr_phy_4lanes_0.u_ddr_phy_4lanes/ddr_byte_lane_C.ddr_byte_lane_C/phaser_out/CTSBUS[0]
                         net (fo=2, routed)           0.291     7.892    i_ddr/u_xlnx_mig_7_ddr3_mig/u_memc_ui_top_axi/mem_intfc0/ddr_phy_top0/u_ddr_mc_phy_wrapper/u_ddr_mc_phy/ddr_phy_4lanes_0.u_ddr_phy_4lanes/ddr_byte_lane_C.ddr_byte_lane_C/ddr_byte_group_io/CTSBUS[0]
    OLOGIC_X1Y132        ODDR                                         r  i_ddr/u_xlnx_mig_7_ddr3_mig/u_memc_ui_top_axi/mem_intfc0/ddr_phy_top0/u_ddr_mc_phy_wrapper/u_ddr_mc_phy/ddr_phy_4lanes_0.u_ddr_phy_4lanes/ddr_byte_lane_C.ddr_byte_lane_C/ddr_byte_group_io/dqs_gen.oddr_dqsts/D1
  -------------------------------------------------------------------    -------------------

                         (clock oserdes_clk_2 fall edge)
                                                      1.875     1.875 f  
    AD12                                              0.000     1.875 f  sys_clk_p (IN)
                         net (fo=0)                   0.000     1.875    i_ddr/u_xlnx_mig_7_ddr3_mig/u_ddr3_clk_ibuf/sys_clk_p
    AD12                 IBUFDS (Prop_ibufds_I_O)     0.735     2.610 f  i_ddr/u_xlnx_mig_7_ddr3_mig/u_ddr3_clk_ibuf/diff_input_clk.u_ibufg_sys_clk/O
                         net (fo=3, routed)           1.001     3.611    i_ddr/u_xlnx_mig_7_ddr3_mig/u_ddr3_infrastructure/out
    PLLE2_ADV_X1Y1       PLLE2_ADV (Prop_plle2_adv_CLKIN1_CLKOUT1)
                                                      0.073     3.684 f  i_ddr/u_xlnx_mig_7_ddr3_mig/u_ddr3_infrastructure/plle2_i/CLKOUT1
                         net (fo=14, routed)          1.070     4.754    i_ddr/u_xlnx_mig_7_ddr3_mig/u_memc_ui_top_axi/mem_intfc0/ddr_phy_top0/u_ddr_mc_phy_wrapper/u_ddr_mc_phy/ddr_phy_4lanes_0.u_ddr_phy_4lanes/ddr_byte_lane_C.ddr_byte_lane_C/mem_refclk
    PHASER_OUT_PHY_X1Y10 PHASER_OUT_PHY (Prop_phaser_out_phy_MEMREFCLK_OCLK)
                                                      2.027     6.781 f  i_ddr/u_xlnx_mig_7_ddr3_mig/u_memc_ui_top_axi/mem_intfc0/ddr_phy_top0/u_ddr_mc_phy_wrapper/u_ddr_mc_phy/ddr_phy_4lanes_0.u_ddr_phy_4lanes/ddr_byte_lane_C.ddr_byte_lane_C/phaser_out/OCLK
    PHASER_OUT_PHY_X1Y10 PHASER_OUT_PHY (Prop_phaser_out_phy_OCLK_OCLKDELAYED)
                                                      1.191     7.972 r  i_ddr/u_xlnx_mig_7_ddr3_mig/u_memc_ui_top_axi/mem_intfc0/ddr_phy_top0/u_ddr_mc_phy_wrapper/u_ddr_mc_phy/ddr_phy_4lanes_0.u_ddr_phy_4lanes/ddr_byte_lane_C.ddr_byte_lane_C/phaser_out/OCLKDELAYED
                         net (fo=2, routed)           0.296     8.268    i_ddr/u_xlnx_mig_7_ddr3_mig/u_memc_ui_top_axi/mem_intfc0/ddr_phy_top0/u_ddr_mc_phy_wrapper/u_ddr_mc_phy/ddr_phy_4lanes_0.u_ddr_phy_4lanes/ddr_byte_lane_C.ddr_byte_lane_C/ddr_byte_group_io/oserdes_clk_delayed
    OLOGIC_X1Y132        ODDR                                         r  i_ddr/u_xlnx_mig_7_ddr3_mig/u_memc_ui_top_axi/mem_intfc0/ddr_phy_top0/u_ddr_mc_phy_wrapper/u_ddr_mc_phy/ddr_phy_4lanes_0.u_ddr_phy_4lanes/ddr_byte_lane_C.ddr_byte_lane_C/ddr_byte_group_io/dqs_gen.oddr_dqsts/C
                         clock pessimism              0.419     8.687    
                         clock uncertainty           -0.047     8.641    
    OLOGIC_X1Y132        ODDR (Setup_oddr_C_D1)      -0.558     8.083    i_ddr/u_xlnx_mig_7_ddr3_mig/u_memc_ui_top_axi/mem_intfc0/ddr_phy_top0/u_ddr_mc_phy_wrapper/u_ddr_mc_phy/ddr_phy_4lanes_0.u_ddr_phy_4lanes/ddr_byte_lane_C.ddr_byte_lane_C/ddr_byte_group_io/dqs_gen.oddr_dqsts
  -------------------------------------------------------------------
                         required time                          8.083    
                         arrival time                          -7.892    
  -------------------------------------------------------------------
                         slack                                  0.191    

Slack (MET) :             0.196ns  (required time - arrival time)
  Source:                 i_ddr/u_xlnx_mig_7_ddr3_mig/u_memc_ui_top_axi/mem_intfc0/ddr_phy_top0/u_ddr_mc_phy_wrapper/u_ddr_mc_phy/ddr_phy_4lanes_0.u_ddr_phy_4lanes/ddr_byte_lane_A.ddr_byte_lane_A/phaser_out/OCLKDELAYED
                            (rising edge-triggered cell PHASER_OUT_PHY clocked by oserdes_clk'  {rise@0.000ns fall@0.625ns period=1.250ns})
  Destination:            i_ddr/u_xlnx_mig_7_ddr3_mig/u_memc_ui_top_axi/mem_intfc0/ddr_phy_top0/u_ddr_mc_phy_wrapper/u_ddr_mc_phy/ddr_phy_4lanes_0.u_ddr_phy_4lanes/ddr_byte_lane_A.ddr_byte_lane_A/ddr_byte_group_io/dqs_gen.oddr_dqsts/D1
                            (rising edge-triggered cell ODDR clocked by oserdes_clk'  {rise@0.000ns fall@0.625ns period=1.250ns})
  Path Group:             oserdes_clk
  Path Type:              Setup (Max at Slow Process Corner)
  Requirement:            1.250ns  (oserdes_clk fall@1.875ns - oserdes_clk fall@0.625ns)
  Data Path Delay:        0.750ns  (logic 0.459ns (61.175%)  route 0.291ns (38.824%))
  Logic Levels:           0  
  Clock Path Skew:        0.301ns (DCD - SCD + CPR)
    Destination Clock Delay (DCD):    6.398ns = ( 8.273 - 1.875 ) 
    Source Clock Delay      (SCD):    6.516ns = ( 7.141 - 0.625 ) 
    Clock Pessimism Removal (CPR):    0.419ns
  Clock Uncertainty:      0.047ns  ((TSJ^2 + DJ^2)^1/2) / 2 + PE
    Total System Jitter     (TSJ):    0.071ns
    Discrete Jitter          (DJ):    0.061ns
    Phase Error              (PE):    0.000ns

    Location             Delay type                Incr(ns)  Path(ns)    Netlist Resource(s)
  -------------------------------------------------------------------    -------------------
                         (clock oserdes_clk fall edge)
                                                      0.625     0.625 f  
    AD12                                              0.000     0.625 f  sys_clk_p (IN)
                         net (fo=0)                   0.000     0.625    i_ddr/u_xlnx_mig_7_ddr3_mig/u_ddr3_clk_ibuf/sys_clk_p
    AD12                 IBUFDS (Prop_ibufds_I_O)     0.832     1.457 f  i_ddr/u_xlnx_mig_7_ddr3_mig/u_ddr3_clk_ibuf/diff_input_clk.u_ibufg_sys_clk/O
                         net (fo=3, routed)           1.098     2.555    i_ddr/u_xlnx_mig_7_ddr3_mig/u_ddr3_infrastructure/out
    PLLE2_ADV_X1Y1       PLLE2_ADV (Prop_plle2_adv_CLKIN1_CLKOUT1)
                                                      0.077     2.632 f  i_ddr/u_xlnx_mig_7_ddr3_mig/u_ddr3_infrastructure/plle2_i/CLKOUT1
                         net (fo=14, routed)          1.198     3.830    i_ddr/u_xlnx_mig_7_ddr3_mig/u_memc_ui_top_axi/mem_intfc0/ddr_phy_top0/u_ddr_mc_phy_wrapper/u_ddr_mc_phy/ddr_phy_4lanes_0.u_ddr_phy_4lanes/ddr_byte_lane_A.ddr_byte_lane_A/mem_refclk
    PHASER_OUT_PHY_X1Y8  PHASER_OUT_PHY (Prop_phaser_out_phy_MEMREFCLK_OCLK)
                                                      2.083     5.913 f  i_ddr/u_xlnx_mig_7_ddr3_mig/u_memc_ui_top_axi/mem_intfc0/ddr_phy_top0/u_ddr_mc_phy_wrapper/u_ddr_mc_phy/ddr_phy_4lanes_0.u_ddr_phy_4lanes/ddr_byte_lane_A.ddr_byte_lane_A/phaser_out/OCLK
    PHASER_OUT_PHY_X1Y8  PHASER_OUT_PHY (Prop_phaser_out_phy_OCLK_OCLKDELAYED)
                                                      1.229     7.141 r  i_ddr/u_xlnx_mig_7_ddr3_mig/u_memc_ui_top_axi/mem_intfc0/ddr_phy_top0/u_ddr_mc_phy_wrapper/u_ddr_mc_phy/ddr_phy_4lanes_0.u_ddr_phy_4lanes/ddr_byte_lane_A.ddr_byte_lane_A/phaser_out/OCLKDELAYED
  -------------------------------------------------------------------    -------------------
    PHASER_OUT_PHY_X1Y8  PHASER_OUT_PHY (Prop_phaser_out_phy_OCLKDELAYED_CTSBUS[0])
                                                      0.459     7.600 r  i_ddr/u_xlnx_mig_7_ddr3_mig/u_memc_ui_top_axi/mem_intfc0/ddr_phy_top0/u_ddr_mc_phy_wrapper/u_ddr_mc_phy/ddr_phy_4lanes_0.u_ddr_phy_4lanes/ddr_byte_lane_A.ddr_byte_lane_A/phaser_out/CTSBUS[0]
                         net (fo=2, routed)           0.291     7.892    i_ddr/u_xlnx_mig_7_ddr3_mig/u_memc_ui_top_axi/mem_intfc0/ddr_phy_top0/u_ddr_mc_phy_wrapper/u_ddr_mc_phy/ddr_phy_4lanes_0.u_ddr_phy_4lanes/ddr_byte_lane_A.ddr_byte_lane_A/ddr_byte_group_io/CTSBUS[0]
    OLOGIC_X1Y108        ODDR                                         r  i_ddr/u_xlnx_mig_7_ddr3_mig/u_memc_ui_top_axi/mem_intfc0/ddr_phy_top0/u_ddr_mc_phy_wrapper/u_ddr_mc_phy/ddr_phy_4lanes_0.u_ddr_phy_4lanes/ddr_byte_lane_A.ddr_byte_lane_A/ddr_byte_group_io/dqs_gen.oddr_dqsts/D1
  -------------------------------------------------------------------    -------------------

                         (clock oserdes_clk fall edge)
                                                      1.875     1.875 f  
    AD12                                              0.000     1.875 f  sys_clk_p (IN)
                         net (fo=0)                   0.000     1.875    i_ddr/u_xlnx_mig_7_ddr3_mig/u_ddr3_clk_ibuf/sys_clk_p
    AD12                 IBUFDS (Prop_ibufds_I_O)     0.735     2.610 f  i_ddr/u_xlnx_mig_7_ddr3_mig/u_ddr3_clk_ibuf/diff_input_clk.u_ibufg_sys_clk/O
                         net (fo=3, routed)           1.001     3.611    i_ddr/u_xlnx_mig_7_ddr3_mig/u_ddr3_infrastructure/out
    PLLE2_ADV_X1Y1       PLLE2_ADV (Prop_plle2_adv_CLKIN1_CLKOUT1)
                                                      0.073     3.684 f  i_ddr/u_xlnx_mig_7_ddr3_mig/u_ddr3_infrastructure/plle2_i/CLKOUT1
                         net (fo=14, routed)          1.070     4.754    i_ddr/u_xlnx_mig_7_ddr3_mig/u_memc_ui_top_axi/mem_intfc0/ddr_phy_top0/u_ddr_mc_phy_wrapper/u_ddr_mc_phy/ddr_phy_4lanes_0.u_ddr_phy_4lanes/ddr_byte_lane_A.ddr_byte_lane_A/mem_refclk
    PHASER_OUT_PHY_X1Y8  PHASER_OUT_PHY (Prop_phaser_out_phy_MEMREFCLK_OCLK)
                                                      2.027     6.781 f  i_ddr/u_xlnx_mig_7_ddr3_mig/u_memc_ui_top_axi/mem_intfc0/ddr_phy_top0/u_ddr_mc_phy_wrapper/u_ddr_mc_phy/ddr_phy_4lanes_0.u_ddr_phy_4lanes/ddr_byte_lane_A.ddr_byte_lane_A/phaser_out/OCLK
    PHASER_OUT_PHY_X1Y8  PHASER_OUT_PHY (Prop_phaser_out_phy_OCLK_OCLKDELAYED)
                                                      1.191     7.972 r  i_ddr/u_xlnx_mig_7_ddr3_mig/u_memc_ui_top_axi/mem_intfc0/ddr_phy_top0/u_ddr_mc_phy_wrapper/u_ddr_mc_phy/ddr_phy_4lanes_0.u_ddr_phy_4lanes/ddr_byte_lane_A.ddr_byte_lane_A/phaser_out/OCLKDELAYED
                         net (fo=2, routed)           0.301     8.273    i_ddr/u_xlnx_mig_7_ddr3_mig/u_memc_ui_top_axi/mem_intfc0/ddr_phy_top0/u_ddr_mc_phy_wrapper/u_ddr_mc_phy/ddr_phy_4lanes_0.u_ddr_phy_4lanes/ddr_byte_lane_A.ddr_byte_lane_A/ddr_byte_group_io/oserdes_clk_delayed
    OLOGIC_X1Y108        ODDR                                         r  i_ddr/u_xlnx_mig_7_ddr3_mig/u_memc_ui_top_axi/mem_intfc0/ddr_phy_top0/u_ddr_mc_phy_wrapper/u_ddr_mc_phy/ddr_phy_4lanes_0.u_ddr_phy_4lanes/ddr_byte_lane_A.ddr_byte_lane_A/ddr_byte_group_io/dqs_gen.oddr_dqsts/C
                         clock pessimism              0.419     8.692    
                         clock uncertainty           -0.047     8.646    
    OLOGIC_X1Y108        ODDR (Setup_oddr_C_D1)      -0.558     8.088    i_ddr/u_xlnx_mig_7_ddr3_mig/u_memc_ui_top_axi/mem_intfc0/ddr_phy_top0/u_ddr_mc_phy_wrapper/u_ddr_mc_phy/ddr_phy_4lanes_0.u_ddr_phy_4lanes/ddr_byte_lane_A.ddr_byte_lane_A/ddr_byte_group_io/dqs_gen.oddr_dqsts
  -------------------------------------------------------------------
                         required time                          8.088    
                         arrival time                          -7.892    
  -------------------------------------------------------------------
                         slack                                  0.196    

Slack (MET) :             0.203ns  (required time - arrival time)
  Source:                 i_ddr/u_xlnx_mig_7_ddr3_mig/u_memc_ui_top_axi/mem_intfc0/ddr_phy_top0/u_ddr_mc_phy_wrapper/u_ddr_mc_phy/ddr_phy_4lanes_0.u_ddr_phy_4lanes/ddr_byte_lane_D.ddr_byte_lane_D/phaser_out/OCLKDELAYED
                            (rising edge-triggered cell PHASER_OUT_PHY clocked by oserdes_clk_3'  {rise@0.000ns fall@0.625ns period=1.250ns})
  Destination:            i_ddr/u_xlnx_mig_7_ddr3_mig/u_memc_ui_top_axi/mem_intfc0/ddr_phy_top0/u_ddr_mc_phy_wrapper/u_ddr_mc_phy/ddr_phy_4lanes_0.u_ddr_phy_4lanes/ddr_byte_lane_D.ddr_byte_lane_D/ddr_byte_group_io/dqs_gen.oddr_dqsts/D1
                            (rising edge-triggered cell ODDR clocked by oserdes_clk_3'  {rise@0.000ns fall@0.625ns period=1.250ns})
  Path Group:             oserdes_clk_3
  Path Type:              Setup (Max at Slow Process Corner)
  Requirement:            1.250ns  (oserdes_clk_3 fall@1.875ns - oserdes_clk_3 fall@0.625ns)
  Data Path Delay:        0.750ns  (logic 0.459ns (61.175%)  route 0.291ns (38.824%))
  Logic Levels:           0  
  Clock Path Skew:        0.308ns (DCD - SCD + CPR)
    Destination Clock Delay (DCD):    6.396ns = ( 8.271 - 1.875 ) 
    Source Clock Delay      (SCD):    6.506ns = ( 7.131 - 0.625 ) 
    Clock Pessimism Removal (CPR):    0.418ns
  Clock Uncertainty:      0.047ns  ((TSJ^2 + DJ^2)^1/2) / 2 + PE
    Total System Jitter     (TSJ):    0.071ns
    Discrete Jitter          (DJ):    0.061ns
    Phase Error              (PE):    0.000ns

    Location             Delay type                Incr(ns)  Path(ns)    Netlist Resource(s)
  -------------------------------------------------------------------    -------------------
                         (clock oserdes_clk_3 fall edge)
                                                      0.625     0.625 f  
    AD12                                              0.000     0.625 f  sys_clk_p (IN)
                         net (fo=0)                   0.000     0.625    i_ddr/u_xlnx_mig_7_ddr3_mig/u_ddr3_clk_ibuf/sys_clk_p
    AD12                 IBUFDS (Prop_ibufds_I_O)     0.832     1.457 f  i_ddr/u_xlnx_mig_7_ddr3_mig/u_ddr3_clk_ibuf/diff_input_clk.u_ibufg_sys_clk/O
                         net (fo=3, routed)           1.098     2.555    i_ddr/u_xlnx_mig_7_ddr3_mig/u_ddr3_infrastructure/out
    PLLE2_ADV_X1Y1       PLLE2_ADV (Prop_plle2_adv_CLKIN1_CLKOUT1)
                                                      0.077     2.632 f  i_ddr/u_xlnx_mig_7_ddr3_mig/u_ddr3_infrastructure/plle2_i/CLKOUT1
                         net (fo=14, routed)          1.188     3.820    i_ddr/u_xlnx_mig_7_ddr3_mig/u_memc_ui_top_axi/mem_intfc0/ddr_phy_top0/u_ddr_mc_phy_wrapper/u_ddr_mc_phy/ddr_phy_4lanes_0.u_ddr_phy_4lanes/ddr_byte_lane_D.ddr_byte_lane_D/mem_refclk
    PHASER_OUT_PHY_X1Y11 PHASER_OUT_PHY (Prop_phaser_out_phy_MEMREFCLK_OCLK)
                                                      2.083     5.903 f  i_ddr/u_xlnx_mig_7_ddr3_mig/u_memc_ui_top_axi/mem_intfc0/ddr_phy_top0/u_ddr_mc_phy_wrapper/u_ddr_mc_phy/ddr_phy_4lanes_0.u_ddr_phy_4lanes/ddr_byte_lane_D.ddr_byte_lane_D/phaser_out/OCLK
    PHASER_OUT_PHY_X1Y11 PHASER_OUT_PHY (Prop_phaser_out_phy_OCLK_OCLKDELAYED)
                                                      1.229     7.131 r  i_ddr/u_xlnx_mig_7_ddr3_mig/u_memc_ui_top_axi/mem_intfc0/ddr_phy_top0/u_ddr_mc_phy_wrapper/u_ddr_mc_phy/ddr_phy_4lanes_0.u_ddr_phy_4lanes/ddr_byte_lane_D.ddr_byte_lane_D/phaser_out/OCLKDELAYED
  -------------------------------------------------------------------    -------------------
    PHASER_OUT_PHY_X1Y11 PHASER_OUT_PHY (Prop_phaser_out_phy_OCLKDELAYED_CTSBUS[0])
                                                      0.459     7.590 r  i_ddr/u_xlnx_mig_7_ddr3_mig/u_memc_ui_top_axi/mem_intfc0/ddr_phy_top0/u_ddr_mc_phy_wrapper/u_ddr_mc_phy/ddr_phy_4lanes_0.u_ddr_phy_4lanes/ddr_byte_lane_D.ddr_byte_lane_D/phaser_out/CTSBUS[0]
                         net (fo=2, routed)           0.291     7.882    i_ddr/u_xlnx_mig_7_ddr3_mig/u_memc_ui_top_axi/mem_intfc0/ddr_phy_top0/u_ddr_mc_phy_wrapper/u_ddr_mc_phy/ddr_phy_4lanes_0.u_ddr_phy_4lanes/ddr_byte_lane_D.ddr_byte_lane_D/ddr_byte_group_io/CTSBUS[0]
    OLOGIC_X1Y144        ODDR                                         r  i_ddr/u_xlnx_mig_7_ddr3_mig/u_memc_ui_top_axi/mem_intfc0/ddr_phy_top0/u_ddr_mc_phy_wrapper/u_ddr_mc_phy/ddr_phy_4lanes_0.u_ddr_phy_4lanes/ddr_byte_lane_D.ddr_byte_lane_D/ddr_byte_group_io/dqs_gen.oddr_dqsts/D1
  -------------------------------------------------------------------    -------------------

                         (clock oserdes_clk_3 fall edge)
                                                      1.875     1.875 f  
    AD12                                              0.000     1.875 f  sys_clk_p (IN)
                         net (fo=0)                   0.000     1.875    i_ddr/u_xlnx_mig_7_ddr3_mig/u_ddr3_clk_ibuf/sys_clk_p
    AD12                 IBUFDS (Prop_ibufds_I_O)     0.735     2.610 f  i_ddr/u_xlnx_mig_7_ddr3_mig/u_ddr3_clk_ibuf/diff_input_clk.u_ibufg_sys_clk/O
                         net (fo=3, routed)           1.001     3.611    i_ddr/u_xlnx_mig_7_ddr3_mig/u_ddr3_infrastructure/out
    PLLE2_ADV_X1Y1       PLLE2_ADV (Prop_plle2_adv_CLKIN1_CLKOUT1)
                                                      0.073     3.684 f  i_ddr/u_xlnx_mig_7_ddr3_mig/u_ddr3_infrastructure/plle2_i/CLKOUT1
                         net (fo=14, routed)          1.061     4.745    i_ddr/u_xlnx_mig_7_ddr3_mig/u_memc_ui_top_axi/mem_intfc0/ddr_phy_top0/u_ddr_mc_phy_wrapper/u_ddr_mc_phy/ddr_phy_4lanes_0.u_ddr_phy_4lanes/ddr_byte_lane_D.ddr_byte_lane_D/mem_refclk
    PHASER_OUT_PHY_X1Y11 PHASER_OUT_PHY (Prop_phaser_out_phy_MEMREFCLK_OCLK)
                                                      2.027     6.772 f  i_ddr/u_xlnx_mig_7_ddr3_mig/u_memc_ui_top_axi/mem_intfc0/ddr_phy_top0/u_ddr_mc_phy_wrapper/u_ddr_mc_phy/ddr_phy_4lanes_0.u_ddr_phy_4lanes/ddr_byte_lane_D.ddr_byte_lane_D/phaser_out/OCLK
    PHASER_OUT_PHY_X1Y11 PHASER_OUT_PHY (Prop_phaser_out_phy_OCLK_OCLKDELAYED)
                                                      1.191     7.963 r  i_ddr/u_xlnx_mig_7_ddr3_mig/u_memc_ui_top_axi/mem_intfc0/ddr_phy_top0/u_ddr_mc_phy_wrapper/u_ddr_mc_phy/ddr_phy_4lanes_0.u_ddr_phy_4lanes/ddr_byte_lane_D.ddr_byte_lane_D/phaser_out/OCLKDELAYED
                         net (fo=2, routed)           0.308     8.271    i_ddr/u_xlnx_mig_7_ddr3_mig/u_memc_ui_top_axi/mem_intfc0/ddr_phy_top0/u_ddr_mc_phy_wrapper/u_ddr_mc_phy/ddr_phy_4lanes_0.u_ddr_phy_4lanes/ddr_byte_lane_D.ddr_byte_lane_D/ddr_byte_group_io/oserdes_clk_delayed
    OLOGIC_X1Y144        ODDR                                         r  i_ddr/u_xlnx_mig_7_ddr3_mig/u_memc_ui_top_axi/mem_intfc0/ddr_phy_top0/u_ddr_mc_phy_wrapper/u_ddr_mc_phy/ddr_phy_4lanes_0.u_ddr_phy_4lanes/ddr_byte_lane_D.ddr_byte_lane_D/ddr_byte_group_io/dqs_gen.oddr_dqsts/C
                         clock pessimism              0.418     8.689    
                         clock uncertainty           -0.047     8.643    
    OLOGIC_X1Y144        ODDR (Setup_oddr_C_D1)      -0.558     8.085    i_ddr/u_xlnx_mig_7_ddr3_mig/u_memc_ui_top_axi/mem_intfc0/ddr_phy_top0/u_ddr_mc_phy_wrapper/u_ddr_mc_phy/ddr_phy_4lanes_0.u_ddr_phy_4lanes/ddr_byte_lane_D.ddr_byte_lane_D/ddr_byte_group_io/dqs_gen.oddr_dqsts
  -------------------------------------------------------------------
                         required time                          8.085    
                         arrival time                          -7.882    
  -------------------------------------------------------------------
                         slack                                  0.203    

Slack (MET) :             0.345ns  (required time - arrival time)
  Source:                 i_ddr/u_xlnx_mig_7_ddr3_mig/u_memc_ui_top_axi/mem_intfc0/ddr_phy_top0/u_ddr_mc_phy_wrapper/u_ddr_mc_phy/ddr_phy_4lanes_1.u_ddr_phy_4lanes/ddr_byte_lane_C.ddr_byte_lane_C/phaser_out/OCLK
                            (rising edge-triggered cell PHASER_OUT_PHY clocked by oserdes_clk_6  {rise@0.000ns fall@0.625ns period=1.250ns})
  Destination:            i_ddr/u_xlnx_mig_7_ddr3_mig/u_memc_ui_top_axi/mem_intfc0/ddr_phy_top0/u_ddr_mc_phy_wrapper/u_ddr_mc_phy/ddr_phy_4lanes_1.u_ddr_phy_4lanes/ddr_byte_lane_C.ddr_byte_lane_C/ddr_byte_group_io/output_[8].oserdes_dq_.sdr.oserdes_dq_i/RST
                            (rising edge-triggered cell OSERDESE2 clocked by oserdes_clkdiv_6  {rise@0.000ns fall@2.500ns period=5.000ns})
  Path Group:             oserdes_clkdiv_6
  Path Type:              Setup (Max at Slow Process Corner)
  Requirement:            2.500ns  (oserdes_clkdiv_6 rise@5.000ns - oserdes_clk_6 rise@2.500ns)
  Data Path Delay:        2.084ns  (logic 0.466ns (22.360%)  route 1.618ns (77.640%))
  Logic Levels:           0  
  Clock Path Skew:        0.429ns (DCD - SCD + CPR)
    Destination Clock Delay (DCD):    5.125ns = ( 10.125 - 5.000 ) 
    Source Clock Delay      (SCD):    5.052ns = ( 8.802 - 3.750 ) 
    Clock Pessimism Removal (CPR):    0.355ns
  Clock Uncertainty:      0.047ns  ((TSJ^2 + DJ^2)^1/2) / 2 + PE
    Total System Jitter     (TSJ):    0.071ns
    Discrete Jitter          (DJ):    0.061ns
    Phase Error              (PE):    0.000ns
  Timing Exception:       MultiCycle Path   Setup -start 2    

    Location             Delay type                Incr(ns)  Path(ns)    Netlist Resource(s)
  -------------------------------------------------------------------    -------------------
                         (clock oserdes_clk_6 rise edge)
                                                      2.500     2.500 r  
    AD12                                              0.000     2.500 r  sys_clk_p (IN)
                         net (fo=0)                   0.000     2.500    i_ddr/u_xlnx_mig_7_ddr3_mig/u_ddr3_clk_ibuf/sys_clk_p
    AD12                 IBUFDS (Prop_ibufds_I_O)     0.832     3.332 r  i_ddr/u_xlnx_mig_7_ddr3_mig/u_ddr3_clk_ibuf/diff_input_clk.u_ibufg_sys_clk/O
                         net (fo=3, routed)           1.098     4.430    i_ddr/u_xlnx_mig_7_ddr3_mig/u_ddr3_infrastructure/out
    PLLE2_ADV_X1Y1       PLLE2_ADV (Prop_plle2_adv_CLKIN1_CLKOUT1)
                                                      0.077     4.507 r  i_ddr/u_xlnx_mig_7_ddr3_mig/u_ddr3_infrastructure/plle2_i/CLKOUT1
                         net (fo=14, routed)          0.962     5.469    i_ddr/u_xlnx_mig_7_ddr3_mig/u_memc_ui_top_axi/mem_intfc0/ddr_phy_top0/u_ddr_mc_phy_wrapper/u_ddr_mc_phy/ddr_phy_4lanes_1.u_ddr_phy_4lanes/ddr_byte_lane_C.ddr_byte_lane_C/mem_refclk
    PHASER_OUT_PHY_X1Y6  PHASER_OUT_PHY (Prop_phaser_out_phy_MEMREFCLK_OCLK)
                                                      2.083     7.552 r  i_ddr/u_xlnx_mig_7_ddr3_mig/u_memc_ui_top_axi/mem_intfc0/ddr_phy_top0/u_ddr_mc_phy_wrapper/u_ddr_mc_phy/ddr_phy_4lanes_1.u_ddr_phy_4lanes/ddr_byte_lane_C.ddr_byte_lane_C/phaser_out/OCLK
  -------------------------------------------------------------------    -------------------
    PHASER_OUT_PHY_X1Y6  PHASER_OUT_PHY (Prop_phaser_out_phy_OCLK_OSERDESRST)
                                                      0.466     8.018 r  i_ddr/u_xlnx_mig_7_ddr3_mig/u_memc_ui_top_axi/mem_intfc0/ddr_phy_top0/u_ddr_mc_phy_wrapper/u_ddr_mc_phy/ddr_phy_4lanes_1.u_ddr_phy_4lanes/ddr_byte_lane_C.ddr_byte_lane_C/phaser_out/OSERDESRST
                         net (fo=10, routed)          1.618     9.636    i_ddr/u_xlnx_mig_7_ddr3_mig/u_memc_ui_top_axi/mem_intfc0/ddr_phy_top0/u_ddr_mc_phy_wrapper/u_ddr_mc_phy/ddr_phy_4lanes_1.u_ddr_phy_4lanes/ddr_byte_lane_C.ddr_byte_lane_C/ddr_byte_group_io/po_oserdes_rst
    OLOGIC_X1Y85         OSERDESE2                                    r  i_ddr/u_xlnx_mig_7_ddr3_mig/u_memc_ui_top_axi/mem_intfc0/ddr_phy_top0/u_ddr_mc_phy_wrapper/u_ddr_mc_phy/ddr_phy_4lanes_1.u_ddr_phy_4lanes/ddr_byte_lane_C.ddr_byte_lane_C/ddr_byte_group_io/output_[8].oserdes_dq_.sdr.oserdes_dq_i/RST
  -------------------------------------------------------------------    -------------------

                         (clock oserdes_clkdiv_6 rise edge)
                                                      5.000     5.000 r  
    AD12                                              0.000     5.000 r  sys_clk_p (IN)
                         net (fo=0)                   0.000     5.000    i_ddr/u_xlnx_mig_7_ddr3_mig/u_ddr3_clk_ibuf/sys_clk_p
    AD12                 IBUFDS (Prop_ibufds_I_O)     0.735     5.735 r  i_ddr/u_xlnx_mig_7_ddr3_mig/u_ddr3_clk_ibuf/diff_input_clk.u_ibufg_sys_clk/O
                         net (fo=3, routed)           1.001     6.736    i_ddr/u_xlnx_mig_7_ddr3_mig/u_ddr3_infrastructure/out
    PLLE2_ADV_X1Y1       PLLE2_ADV (Prop_plle2_adv_CLKIN1_CLKOUT1)
                                                      0.073     6.809 r  i_ddr/u_xlnx_mig_7_ddr3_mig/u_ddr3_infrastructure/plle2_i/CLKOUT1
                         net (fo=14, routed)          0.860     7.669    i_ddr/u_xlnx_mig_7_ddr3_mig/u_memc_ui_top_axi/mem_intfc0/ddr_phy_top0/u_ddr_mc_phy_wrapper/u_ddr_mc_phy/ddr_phy_4lanes_1.u_ddr_phy_4lanes/ddr_byte_lane_C.ddr_byte_lane_C/mem_refclk
    PHASER_OUT_PHY_X1Y6  PHASER_OUT_PHY (Prop_phaser_out_phy_MEMREFCLK_OCLK)
                                                      2.027     9.696 r  i_ddr/u_xlnx_mig_7_ddr3_mig/u_memc_ui_top_axi/mem_intfc0/ddr_phy_top0/u_ddr_mc_phy_wrapper/u_ddr_mc_phy/ddr_phy_4lanes_1.u_ddr_phy_4lanes/ddr_byte_lane_C.ddr_byte_lane_C/phaser_out/OCLK
    PHASER_OUT_PHY_X1Y6  PHASER_OUT_PHY (Prop_phaser_out_phy_OCLK_OCLKDIV)
                                                      0.133     9.829 r  i_ddr/u_xlnx_mig_7_ddr3_mig/u_memc_ui_top_axi/mem_intfc0/ddr_phy_top0/u_ddr_mc_phy_wrapper/u_ddr_mc_phy/ddr_phy_4lanes_1.u_ddr_phy_4lanes/ddr_byte_lane_C.ddr_byte_lane_C/phaser_out/OCLKDIV
                         net (fo=11, routed)          0.296    10.125    i_ddr/u_xlnx_mig_7_ddr3_mig/u_memc_ui_top_axi/mem_intfc0/ddr_phy_top0/u_ddr_mc_phy_wrapper/u_ddr_mc_phy/ddr_phy_4lanes_1.u_ddr_phy_4lanes/ddr_byte_lane_C.ddr_byte_lane_C/ddr_byte_group_io/oserdes_clkdiv
    OLOGIC_X1Y85         OSERDESE2                                    r  i_ddr/u_xlnx_mig_7_ddr3_mig/u_memc_ui_top_axi/mem_intfc0/ddr_phy_top0/u_ddr_mc_phy_wrapper/u_ddr_mc_phy/ddr_phy_4lanes_1.u_ddr_phy_4lanes/ddr_byte_lane_C.ddr_byte_lane_C/ddr_byte_group_io/output_[8].oserdes_dq_.sdr.oserdes_dq_i/CLKDIV
                         clock pessimism              0.355    10.481    
                         clock uncertainty           -0.047    10.434    
    OLOGIC_X1Y85         OSERDESE2 (Setup_oserdese2_CLKDIV_RST)
                                                     -0.453     9.981    i_ddr/u_xlnx_mig_7_ddr3_mig/u_memc_ui_top_axi/mem_intfc0/ddr_phy_top0/u_ddr_mc_phy_wrapper/u_ddr_mc_phy/ddr_phy_4lanes_1.u_ddr_phy_4lanes/ddr_byte_lane_C.ddr_byte_lane_C/ddr_byte_group_io/output_[8].oserdes_dq_.sdr.oserdes_dq_i
  -------------------------------------------------------------------
                         required time                          9.981    
                         arrival time                          -9.636    
  -------------------------------------------------------------------
                         slack                                  0.345    

Slack (MET) :             0.349ns  (required time - arrival time)
  Source:                 i_ddr/u_xlnx_mig_7_ddr3_mig/u_memc_ui_top_axi/mem_intfc0/ddr_phy_top0/u_ddr_mc_phy_wrapper/u_ddr_mc_phy/ddr_phy_4lanes_0.u_ddr_phy_4lanes/ddr_byte_lane_D.ddr_byte_lane_D/phaser_out/OCLK
                            (rising edge-triggered cell PHASER_OUT_PHY clocked by oserdes_clk_3  {rise@0.000ns fall@0.625ns period=1.250ns})
  Destination:            i_ddr/u_xlnx_mig_7_ddr3_mig/u_memc_ui_top_axi/mem_intfc0/ddr_phy_top0/u_ddr_mc_phy_wrapper/u_ddr_mc_phy/ddr_phy_4lanes_0.u_ddr_phy_4lanes/ddr_byte_lane_D.ddr_byte_lane_D/ddr_byte_group_io/output_[6].oserdes_dq_.ddr.oserdes_dq_i/RST
                            (rising edge-triggered cell OSERDESE2 clocked by oserdes_clkdiv_3  {rise@0.000ns fall@1.250ns period=2.500ns})
  Path Group:             oserdes_clkdiv_3
  Path Type:              Setup (Max at Slow Process Corner)
  Requirement:            2.500ns  (oserdes_clkdiv_3 rise@2.500ns - oserdes_clk_3 rise@0.000ns)
  Data Path Delay:        2.091ns  (logic 0.466ns (22.286%)  route 1.625ns (77.714%))
  Logic Levels:           0  
  Clock Path Skew:        0.440ns (DCD - SCD + CPR)
    Destination Clock Delay (DCD):    5.337ns = ( 7.837 - 2.500 ) 
    Source Clock Delay      (SCD):    5.278ns = ( 6.528 - 1.250 ) 
    Clock Pessimism Removal (CPR):    0.380ns
  Clock Uncertainty:      0.047ns  ((TSJ^2 + DJ^2)^1/2) / 2 + PE
    Total System Jitter     (TSJ):    0.071ns
    Discrete Jitter          (DJ):    0.061ns
    Phase Error              (PE):    0.000ns
  Timing Exception:       MultiCycle Path   Setup -start 2    

    Location             Delay type                Incr(ns)  Path(ns)    Netlist Resource(s)
  -------------------------------------------------------------------    -------------------
                         (clock oserdes_clk_3 rise edge)
                                                      0.000     0.000 r  
    AD12                                              0.000     0.000 r  sys_clk_p (IN)
                         net (fo=0)                   0.000     0.000    i_ddr/u_xlnx_mig_7_ddr3_mig/u_ddr3_clk_ibuf/sys_clk_p
    AD12                 IBUFDS (Prop_ibufds_I_O)     0.832     0.832 r  i_ddr/u_xlnx_mig_7_ddr3_mig/u_ddr3_clk_ibuf/diff_input_clk.u_ibufg_sys_clk/O
                         net (fo=3, routed)           1.098     1.930    i_ddr/u_xlnx_mig_7_ddr3_mig/u_ddr3_infrastructure/out
    PLLE2_ADV_X1Y1       PLLE2_ADV (Prop_plle2_adv_CLKIN1_CLKOUT1)
                                                      0.077     2.007 r  i_ddr/u_xlnx_mig_7_ddr3_mig/u_ddr3_infrastructure/plle2_i/CLKOUT1
                         net (fo=14, routed)          1.188     3.195    i_ddr/u_xlnx_mig_7_ddr3_mig/u_memc_ui_top_axi/mem_intfc0/ddr_phy_top0/u_ddr_mc_phy_wrapper/u_ddr_mc_phy/ddr_phy_4lanes_0.u_ddr_phy_4lanes/ddr_byte_lane_D.ddr_byte_lane_D/mem_refclk
    PHASER_OUT_PHY_X1Y11 PHASER_OUT_PHY (Prop_phaser_out_phy_MEMREFCLK_OCLK)
                                                      2.083     5.278 r  i_ddr/u_xlnx_mig_7_ddr3_mig/u_memc_ui_top_axi/mem_intfc0/ddr_phy_top0/u_ddr_mc_phy_wrapper/u_ddr_mc_phy/ddr_phy_4lanes_0.u_ddr_phy_4lanes/ddr_byte_lane_D.ddr_byte_lane_D/phaser_out/OCLK
  -------------------------------------------------------------------    -------------------
    PHASER_OUT_PHY_X1Y11 PHASER_OUT_PHY (Prop_phaser_out_phy_OCLK_OSERDESRST)
                                                      0.466     5.744 r  i_ddr/u_xlnx_mig_7_ddr3_mig/u_memc_ui_top_axi/mem_intfc0/ddr_phy_top0/u_ddr_mc_phy_wrapper/u_ddr_mc_phy/ddr_phy_4lanes_0.u_ddr_phy_4lanes/ddr_byte_lane_D.ddr_byte_lane_D/phaser_out/OSERDESRST
                         net (fo=10, routed)          1.625     7.369    i_ddr/u_xlnx_mig_7_ddr3_mig/u_memc_ui_top_axi/mem_intfc0/ddr_phy_top0/u_ddr_mc_phy_wrapper/u_ddr_mc_phy/ddr_phy_4lanes_0.u_ddr_phy_4lanes/ddr_byte_lane_D.ddr_byte_lane_D/ddr_byte_group_io/po_oserdes_rst
    OLOGIC_X1Y145        OSERDESE2                                    r  i_ddr/u_xlnx_mig_7_ddr3_mig/u_memc_ui_top_axi/mem_intfc0/ddr_phy_top0/u_ddr_mc_phy_wrapper/u_ddr_mc_phy/ddr_phy_4lanes_0.u_ddr_phy_4lanes/ddr_byte_lane_D.ddr_byte_lane_D/ddr_byte_group_io/output_[6].oserdes_dq_.ddr.oserdes_dq_i/RST
  -------------------------------------------------------------------    -------------------

                         (clock oserdes_clkdiv_3 rise edge)
                                                      2.500     2.500 r  
    AD12                                              0.000     2.500 r  sys_clk_p (IN)
                         net (fo=0)                   0.000     2.500    i_ddr/u_xlnx_mig_7_ddr3_mig/u_ddr3_clk_ibuf/sys_clk_p
    AD12                 IBUFDS (Prop_ibufds_I_O)     0.735     3.235 r  i_ddr/u_xlnx_mig_7_ddr3_mig/u_ddr3_clk_ibuf/diff_input_clk.u_ibufg_sys_clk/O
                         net (fo=3, routed)           1.001     4.236    i_ddr/u_xlnx_mig_7_ddr3_mig/u_ddr3_infrastructure/out
    PLLE2_ADV_X1Y1       PLLE2_ADV (Prop_plle2_adv_CLKIN1_CLKOUT1)
                                                      0.073     4.309 r  i_ddr/u_xlnx_mig_7_ddr3_mig/u_ddr3_infrastructure/plle2_i/CLKOUT1
                         net (fo=14, routed)          1.061     5.370    i_ddr/u_xlnx_mig_7_ddr3_mig/u_memc_ui_top_axi/mem_intfc0/ddr_phy_top0/u_ddr_mc_phy_wrapper/u_ddr_mc_phy/ddr_phy_4lanes_0.u_ddr_phy_4lanes/ddr_byte_lane_D.ddr_byte_lane_D/mem_refclk
    PHASER_OUT_PHY_X1Y11 PHASER_OUT_PHY (Prop_phaser_out_phy_MEMREFCLK_OCLK)
                                                      2.027     7.397 r  i_ddr/u_xlnx_mig_7_ddr3_mig/u_memc_ui_top_axi/mem_intfc0/ddr_phy_top0/u_ddr_mc_phy_wrapper/u_ddr_mc_phy/ddr_phy_4lanes_0.u_ddr_phy_4lanes/ddr_byte_lane_D.ddr_byte_lane_D/phaser_out/OCLK
    PHASER_OUT_PHY_X1Y11 PHASER_OUT_PHY (Prop_phaser_out_phy_OCLK_OCLKDIV)
                                                      0.133     7.530 r  i_ddr/u_xlnx_mig_7_ddr3_mig/u_memc_ui_top_axi/mem_intfc0/ddr_phy_top0/u_ddr_mc_phy_wrapper/u_ddr_mc_phy/ddr_phy_4lanes_0.u_ddr_phy_4lanes/ddr_byte_lane_D.ddr_byte_lane_D/phaser_out/OCLKDIV
                         net (fo=11, routed)          0.307     7.837    i_ddr/u_xlnx_mig_7_ddr3_mig/u_memc_ui_top_axi/mem_intfc0/ddr_phy_top0/u_ddr_mc_phy_wrapper/u_ddr_mc_phy/ddr_phy_4lanes_0.u_ddr_phy_4lanes/ddr_byte_lane_D.ddr_byte_lane_D/ddr_byte_group_io/oserdes_clkdiv
    OLOGIC_X1Y145        OSERDESE2                                    r  i_ddr/u_xlnx_mig_7_ddr3_mig/u_memc_ui_top_axi/mem_intfc0/ddr_phy_top0/u_ddr_mc_phy_wrapper/u_ddr_mc_phy/ddr_phy_4lanes_0.u_ddr_phy_4lanes/ddr_byte_lane_D.ddr_byte_lane_D/ddr_byte_group_io/output_[6].oserdes_dq_.ddr.oserdes_dq_i/CLKDIV
                         clock pessimism              0.380     8.218    
                         clock uncertainty           -0.047     8.171    
    OLOGIC_X1Y145        OSERDESE2 (Setup_oserdese2_CLKDIV_RST)
                                                     -0.453     7.718    i_ddr/u_xlnx_mig_7_ddr3_mig/u_memc_ui_top_axi/mem_intfc0/ddr_phy_top0/u_ddr_mc_phy_wrapper/u_ddr_mc_phy/ddr_phy_4lanes_0.u_ddr_phy_4lanes/ddr_byte_lane_D.ddr_byte_lane_D/ddr_byte_group_io/output_[6].oserdes_dq_.ddr.oserdes_dq_i
  -------------------------------------------------------------------
                         required time                          7.718    
                         arrival time                          -7.369    
  -------------------------------------------------------------------
                         slack                                  0.349    

Slack (MET) :             0.349ns  (required time - arrival time)
  Source:                 i_ddr/u_xlnx_mig_7_ddr3_mig/u_memc_ui_top_axi/mem_intfc0/ddr_phy_top0/u_ddr_mc_phy_wrapper/u_ddr_mc_phy/ddr_phy_4lanes_1.u_ddr_phy_4lanes/ddr_byte_lane_D.ddr_byte_lane_D/phaser_out/OCLK
                            (rising edge-triggered cell PHASER_OUT_PHY clocked by oserdes_clk_7  {rise@0.000ns fall@0.625ns period=1.250ns})
  Destination:            i_ddr/u_xlnx_mig_7_ddr3_mig/u_memc_ui_top_axi/mem_intfc0/ddr_phy_top0/u_ddr_mc_phy_wrapper/u_ddr_mc_phy/ddr_phy_4lanes_1.u_ddr_phy_4lanes/ddr_byte_lane_D.ddr_byte_lane_D/ddr_byte_group_io/output_[6].oserdes_dq_.sdr.oserdes_dq_i/RST
                            (rising edge-triggered cell OSERDESE2 clocked by oserdes_clkdiv_7  {rise@0.000ns fall@2.500ns period=5.000ns})
  Path Group:             oserdes_clkdiv_7
  Path Type:              Setup (Max at Slow Process Corner)
  Requirement:            2.500ns  (oserdes_clkdiv_7 rise@5.000ns - oserdes_clk_7 rise@2.500ns)
  Data Path Delay:        2.091ns  (logic 0.466ns (22.286%)  route 1.625ns (77.714%))
  Logic Levels:           0  
  Clock Path Skew:        0.440ns (DCD - SCD + CPR)
    Destination Clock Delay (DCD):    5.127ns = ( 10.127 - 5.000 ) 
    Source Clock Delay      (SCD):    5.042ns = ( 8.792 - 3.750 ) 
    Clock Pessimism Removal (CPR):    0.354ns
  Clock Uncertainty:      0.047ns  ((TSJ^2 + DJ^2)^1/2) / 2 + PE
    Total System Jitter     (TSJ):    0.071ns
    Discrete Jitter          (DJ):    0.061ns
    Phase Error              (PE):    0.000ns
  Timing Exception:       MultiCycle Path   Setup -start 2    

    Location             Delay type                Incr(ns)  Path(ns)    Netlist Resource(s)
  -------------------------------------------------------------------    -------------------
                         (clock oserdes_clk_7 rise edge)
                                                      2.500     2.500 r  
    AD12                                              0.000     2.500 r  sys_clk_p (IN)
                         net (fo=0)                   0.000     2.500    i_ddr/u_xlnx_mig_7_ddr3_mig/u_ddr3_clk_ibuf/sys_clk_p
    AD12                 IBUFDS (Prop_ibufds_I_O)     0.832     3.332 r  i_ddr/u_xlnx_mig_7_ddr3_mig/u_ddr3_clk_ibuf/diff_input_clk.u_ibufg_sys_clk/O
                         net (fo=3, routed)           1.098     4.430    i_ddr/u_xlnx_mig_7_ddr3_mig/u_ddr3_infrastructure/out
    PLLE2_ADV_X1Y1       PLLE2_ADV (Prop_plle2_adv_CLKIN1_CLKOUT1)
                                                      0.077     4.507 r  i_ddr/u_xlnx_mig_7_ddr3_mig/u_ddr3_infrastructure/plle2_i/CLKOUT1
                         net (fo=14, routed)          0.952     5.459    i_ddr/u_xlnx_mig_7_ddr3_mig/u_memc_ui_top_axi/mem_intfc0/ddr_phy_top0/u_ddr_mc_phy_wrapper/u_ddr_mc_phy/ddr_phy_4lanes_1.u_ddr_phy_4lanes/ddr_byte_lane_D.ddr_byte_lane_D/mem_refclk
    PHASER_OUT_PHY_X1Y7  PHASER_OUT_PHY (Prop_phaser_out_phy_MEMREFCLK_OCLK)
                                                      2.083     7.542 r  i_ddr/u_xlnx_mig_7_ddr3_mig/u_memc_ui_top_axi/mem_intfc0/ddr_phy_top0/u_ddr_mc_phy_wrapper/u_ddr_mc_phy/ddr_phy_4lanes_1.u_ddr_phy_4lanes/ddr_byte_lane_D.ddr_byte_lane_D/phaser_out/OCLK
  -------------------------------------------------------------------    -------------------
    PHASER_OUT_PHY_X1Y7  PHASER_OUT_PHY (Prop_phaser_out_phy_OCLK_OSERDESRST)
                                                      0.466     8.008 r  i_ddr/u_xlnx_mig_7_ddr3_mig/u_memc_ui_top_axi/mem_intfc0/ddr_phy_top0/u_ddr_mc_phy_wrapper/u_ddr_mc_phy/ddr_phy_4lanes_1.u_ddr_phy_4lanes/ddr_byte_lane_D.ddr_byte_lane_D/phaser_out/OSERDESRST
                         net (fo=9, routed)           1.625     9.633    i_ddr/u_xlnx_mig_7_ddr3_mig/u_memc_ui_top_axi/mem_intfc0/ddr_phy_top0/u_ddr_mc_phy_wrapper/u_ddr_mc_phy/ddr_phy_4lanes_1.u_ddr_phy_4lanes/ddr_byte_lane_D.ddr_byte_lane_D/ddr_byte_group_io/po_oserdes_rst
    OLOGIC_X1Y95         OSERDESE2                                    r  i_ddr/u_xlnx_mig_7_ddr3_mig/u_memc_ui_top_axi/mem_intfc0/ddr_phy_top0/u_ddr_mc_phy_wrapper/u_ddr_mc_phy/ddr_phy_4lanes_1.u_ddr_phy_4lanes/ddr_byte_lane_D.ddr_byte_lane_D/ddr_byte_group_io/output_[6].oserdes_dq_.sdr.oserdes_dq_i/RST
  -------------------------------------------------------------------    -------------------

                         (clock oserdes_clkdiv_7 rise edge)
                                                      5.000     5.000 r  
    AD12                                              0.000     5.000 r  sys_clk_p (IN)
                         net (fo=0)                   0.000     5.000    i_ddr/u_xlnx_mig_7_ddr3_mig/u_ddr3_clk_ibuf/sys_clk_p
    AD12                 IBUFDS (Prop_ibufds_I_O)     0.735     5.735 r  i_ddr/u_xlnx_mig_7_ddr3_mig/u_ddr3_clk_ibuf/diff_input_clk.u_ibufg_sys_clk/O
                         net (fo=3, routed)           1.001     6.736    i_ddr/u_xlnx_mig_7_ddr3_mig/u_ddr3_infrastructure/out
    PLLE2_ADV_X1Y1       PLLE2_ADV (Prop_plle2_adv_CLKIN1_CLKOUT1)
                                                      0.073     6.809 r  i_ddr/u_xlnx_mig_7_ddr3_mig/u_ddr3_infrastructure/plle2_i/CLKOUT1
                         net (fo=14, routed)          0.851     7.660    i_ddr/u_xlnx_mig_7_ddr3_mig/u_memc_ui_top_axi/mem_intfc0/ddr_phy_top0/u_ddr_mc_phy_wrapper/u_ddr_mc_phy/ddr_phy_4lanes_1.u_ddr_phy_4lanes/ddr_byte_lane_D.ddr_byte_lane_D/mem_refclk
    PHASER_OUT_PHY_X1Y7  PHASER_OUT_PHY (Prop_phaser_out_phy_MEMREFCLK_OCLK)
                                                      2.027     9.687 r  i_ddr/u_xlnx_mig_7_ddr3_mig/u_memc_ui_top_axi/mem_intfc0/ddr_phy_top0/u_ddr_mc_phy_wrapper/u_ddr_mc_phy/ddr_phy_4lanes_1.u_ddr_phy_4lanes/ddr_byte_lane_D.ddr_byte_lane_D/phaser_out/OCLK
    PHASER_OUT_PHY_X1Y7  PHASER_OUT_PHY (Prop_phaser_out_phy_OCLK_OCLKDIV)
                                                      0.133     9.820 r  i_ddr/u_xlnx_mig_7_ddr3_mig/u_memc_ui_top_axi/mem_intfc0/ddr_phy_top0/u_ddr_mc_phy_wrapper/u_ddr_mc_phy/ddr_phy_4lanes_1.u_ddr_phy_4lanes/ddr_byte_lane_D.ddr_byte_lane_D/phaser_out/OCLKDIV
                         net (fo=10, routed)          0.307    10.127    i_ddr/u_xlnx_mig_7_ddr3_mig/u_memc_ui_top_axi/mem_intfc0/ddr_phy_top0/u_ddr_mc_phy_wrapper/u_ddr_mc_phy/ddr_phy_4lanes_1.u_ddr_phy_4lanes/ddr_byte_lane_D.ddr_byte_lane_D/ddr_byte_group_io/oserdes_clkdiv
    OLOGIC_X1Y95         OSERDESE2                                    r  i_ddr/u_xlnx_mig_7_ddr3_mig/u_memc_ui_top_axi/mem_intfc0/ddr_phy_top0/u_ddr_mc_phy_wrapper/u_ddr_mc_phy/ddr_phy_4lanes_1.u_ddr_phy_4lanes/ddr_byte_lane_D.ddr_byte_lane_D/ddr_byte_group_io/output_[6].oserdes_dq_.sdr.oserdes_dq_i/CLKDIV
                         clock pessimism              0.354    10.482    
                         clock uncertainty           -0.047    10.435    
    OLOGIC_X1Y95         OSERDESE2 (Setup_oserdese2_CLKDIV_RST)
                                                     -0.453     9.982    i_ddr/u_xlnx_mig_7_ddr3_mig/u_memc_ui_top_axi/mem_intfc0/ddr_phy_top0/u_ddr_mc_phy_wrapper/u_ddr_mc_phy/ddr_phy_4lanes_1.u_ddr_phy_4lanes/ddr_byte_lane_D.ddr_byte_lane_D/ddr_byte_group_io/output_[6].oserdes_dq_.sdr.oserdes_dq_i
  -------------------------------------------------------------------
                         required time                          9.982    
                         arrival time                          -9.633    
  -------------------------------------------------------------------
                         slack                                  0.349    

Slack (MET) :             0.356ns  (required time - arrival time)
  Source:                 i_ddr/u_xlnx_mig_7_ddr3_mig/u_memc_ui_top_axi/mem_intfc0/ddr_phy_top0/u_ddr_mc_phy_wrapper/u_ddr_mc_phy/ddr_phy_4lanes_0.u_ddr_phy_4lanes/ddr_byte_lane_A.ddr_byte_lane_A/phaser_out/OCLK
                            (rising edge-triggered cell PHASER_OUT_PHY clocked by oserdes_clk  {rise@0.000ns fall@0.625ns period=1.250ns})
  Destination:            i_ddr/u_xlnx_mig_7_ddr3_mig/u_memc_ui_top_axi/mem_intfc0/ddr_phy_top0/u_ddr_mc_phy_wrapper/u_ddr_mc_phy/ddr_phy_4lanes_0.u_ddr_phy_4lanes/ddr_byte_lane_A.ddr_byte_lane_A/ddr_byte_group_io/output_[4].oserdes_dq_.ddr.oserdes_dq_i/RST
                            (rising edge-triggered cell OSERDESE2 clocked by oserdes_clkdiv  {rise@0.000ns fall@1.250ns period=2.500ns})
  Path Group:             oserdes_clkdiv
  Path Type:              Setup (Max at Slow Process Corner)
  Requirement:            2.500ns  (oserdes_clkdiv rise@2.500ns - oserdes_clk rise@0.000ns)
  Data Path Delay:        2.078ns  (logic 0.466ns (22.431%)  route 1.612ns (77.569%))
  Logic Levels:           0  
  Clock Path Skew:        0.433ns (DCD - SCD + CPR)
    Destination Clock Delay (DCD):    5.339ns = ( 7.839 - 2.500 ) 
    Source Clock Delay      (SCD):    5.288ns = ( 6.538 - 1.250 ) 
    Clock Pessimism Removal (CPR):    0.381ns
  Clock Uncertainty:      0.047ns  ((TSJ^2 + DJ^2)^1/2) / 2 + PE
    Total System Jitter     (TSJ):    0.071ns
    Discrete Jitter          (DJ):    0.061ns
    Phase Error              (PE):    0.000ns
  Timing Exception:       MultiCycle Path   Setup -start 2    

    Location             Delay type                Incr(ns)  Path(ns)    Netlist Resource(s)
  -------------------------------------------------------------------    -------------------
                         (clock oserdes_clk rise edge)
                                                      0.000     0.000 r  
    AD12                                              0.000     0.000 r  sys_clk_p (IN)
                         net (fo=0)                   0.000     0.000    i_ddr/u_xlnx_mig_7_ddr3_mig/u_ddr3_clk_ibuf/sys_clk_p
    AD12                 IBUFDS (Prop_ibufds_I_O)     0.832     0.832 r  i_ddr/u_xlnx_mig_7_ddr3_mig/u_ddr3_clk_ibuf/diff_input_clk.u_ibufg_sys_clk/O
                         net (fo=3, routed)           1.098     1.930    i_ddr/u_xlnx_mig_7_ddr3_mig/u_ddr3_infrastructure/out
    PLLE2_ADV_X1Y1       PLLE2_ADV (Prop_plle2_adv_CLKIN1_CLKOUT1)
                                                      0.077     2.007 r  i_ddr/u_xlnx_mig_7_ddr3_mig/u_ddr3_infrastructure/plle2_i/CLKOUT1
                         net (fo=14, routed)          1.198     3.205    i_ddr/u_xlnx_mig_7_ddr3_mig/u_memc_ui_top_axi/mem_intfc0/ddr_phy_top0/u_ddr_mc_phy_wrapper/u_ddr_mc_phy/ddr_phy_4lanes_0.u_ddr_phy_4lanes/ddr_byte_lane_A.ddr_byte_lane_A/mem_refclk
    PHASER_OUT_PHY_X1Y8  PHASER_OUT_PHY (Prop_phaser_out_phy_MEMREFCLK_OCLK)
                                                      2.083     5.288 r  i_ddr/u_xlnx_mig_7_ddr3_mig/u_memc_ui_top_axi/mem_intfc0/ddr_phy_top0/u_ddr_mc_phy_wrapper/u_ddr_mc_phy/ddr_phy_4lanes_0.u_ddr_phy_4lanes/ddr_byte_lane_A.ddr_byte_lane_A/phaser_out/OCLK
  -------------------------------------------------------------------    -------------------
    PHASER_OUT_PHY_X1Y8  PHASER_OUT_PHY (Prop_phaser_out_phy_OCLK_OSERDESRST)
                                                      0.466     5.754 r  i_ddr/u_xlnx_mig_7_ddr3_mig/u_memc_ui_top_axi/mem_intfc0/ddr_phy_top0/u_ddr_mc_phy_wrapper/u_ddr_mc_phy/ddr_phy_4lanes_0.u_ddr_phy_4lanes/ddr_byte_lane_A.ddr_byte_lane_A/phaser_out/OSERDESRST
                         net (fo=10, routed)          1.612     7.365    i_ddr/u_xlnx_mig_7_ddr3_mig/u_memc_ui_top_axi/mem_intfc0/ddr_phy_top0/u_ddr_mc_phy_wrapper/u_ddr_mc_phy/ddr_phy_4lanes_0.u_ddr_phy_4lanes/ddr_byte_lane_A.ddr_byte_lane_A/ddr_byte_group_io/po_oserdes_rst
    OLOGIC_X1Y105        OSERDESE2                                    r  i_ddr/u_xlnx_mig_7_ddr3_mig/u_memc_ui_top_axi/mem_intfc0/ddr_phy_top0/u_ddr_mc_phy_wrapper/u_ddr_mc_phy/ddr_phy_4lanes_0.u_ddr_phy_4lanes/ddr_byte_lane_A.ddr_byte_lane_A/ddr_byte_group_io/output_[4].oserdes_dq_.ddr.oserdes_dq_i/RST
  -------------------------------------------------------------------    -------------------

                         (clock oserdes_clkdiv rise edge)
                                                      2.500     2.500 r  
    AD12                                              0.000     2.500 r  sys_clk_p (IN)
                         net (fo=0)                   0.000     2.500    i_ddr/u_xlnx_mig_7_ddr3_mig/u_ddr3_clk_ibuf/sys_clk_p
    AD12                 IBUFDS (Prop_ibufds_I_O)     0.735     3.235 r  i_ddr/u_xlnx_mig_7_ddr3_mig/u_ddr3_clk_ibuf/diff_input_clk.u_ibufg_sys_clk/O
                         net (fo=3, routed)           1.001     4.236    i_ddr/u_xlnx_mig_7_ddr3_mig/u_ddr3_infrastructure/out
    PLLE2_ADV_X1Y1       PLLE2_ADV (Prop_plle2_adv_CLKIN1_CLKOUT1)
                                                      0.073     4.309 r  i_ddr/u_xlnx_mig_7_ddr3_mig/u_ddr3_infrastructure/plle2_i/CLKOUT1
                         net (fo=14, routed)          1.070     5.379    i_ddr/u_xlnx_mig_7_ddr3_mig/u_memc_ui_top_axi/mem_intfc0/ddr_phy_top0/u_ddr_mc_phy_wrapper/u_ddr_mc_phy/ddr_phy_4lanes_0.u_ddr_phy_4lanes/ddr_byte_lane_A.ddr_byte_lane_A/mem_refclk
    PHASER_OUT_PHY_X1Y8  PHASER_OUT_PHY (Prop_phaser_out_phy_MEMREFCLK_OCLK)
                                                      2.027     7.406 r  i_ddr/u_xlnx_mig_7_ddr3_mig/u_memc_ui_top_axi/mem_intfc0/ddr_phy_top0/u_ddr_mc_phy_wrapper/u_ddr_mc_phy/ddr_phy_4lanes_0.u_ddr_phy_4lanes/ddr_byte_lane_A.ddr_byte_lane_A/phaser_out/OCLK
    PHASER_OUT_PHY_X1Y8  PHASER_OUT_PHY (Prop_phaser_out_phy_OCLK_OCLKDIV)
                                                      0.133     7.539 r  i_ddr/u_xlnx_mig_7_ddr3_mig/u_memc_ui_top_axi/mem_intfc0/ddr_phy_top0/u_ddr_mc_phy_wrapper/u_ddr_mc_phy/ddr_phy_4lanes_0.u_ddr_phy_4lanes/ddr_byte_lane_A.ddr_byte_lane_A/phaser_out/OCLKDIV
                         net (fo=11, routed)          0.300     7.839    i_ddr/u_xlnx_mig_7_ddr3_mig/u_memc_ui_top_axi/mem_intfc0/ddr_phy_top0/u_ddr_mc_phy_wrapper/u_ddr_mc_phy/ddr_phy_4lanes_0.u_ddr_phy_4lanes/ddr_byte_lane_A.ddr_byte_lane_A/ddr_byte_group_io/oserdes_clkdiv
    OLOGIC_X1Y105        OSERDESE2                                    r  i_ddr/u_xlnx_mig_7_ddr3_mig/u_memc_ui_top_axi/mem_intfc0/ddr_phy_top0/u_ddr_mc_phy_wrapper/u_ddr_mc_phy/ddr_phy_4lanes_0.u_ddr_phy_4lanes/ddr_byte_lane_A.ddr_byte_lane_A/ddr_byte_group_io/output_[4].oserdes_dq_.ddr.oserdes_dq_i/CLKDIV
                         clock pessimism              0.381     8.221    
                         clock uncertainty           -0.047     8.174    
    OLOGIC_X1Y105        OSERDESE2 (Setup_oserdese2_CLKDIV_RST)
                                                     -0.453     7.721    i_ddr/u_xlnx_mig_7_ddr3_mig/u_memc_ui_top_axi/mem_intfc0/ddr_phy_top0/u_ddr_mc_phy_wrapper/u_ddr_mc_phy/ddr_phy_4lanes_0.u_ddr_phy_4lanes/ddr_byte_lane_A.ddr_byte_lane_A/ddr_byte_group_io/output_[4].oserdes_dq_.ddr.oserdes_dq_i
  -------------------------------------------------------------------
                         required time                          7.721    
                         arrival time                          -7.365    
  -------------------------------------------------------------------
                         slack                                  0.356    

Slack (MET) :             0.358ns  (required time - arrival time)
  Source:                 i_ddr/u_xlnx_mig_7_ddr3_mig/u_memc_ui_top_axi/mem_intfc0/ddr_phy_top0/u_ddr_mc_phy_wrapper/u_ddr_mc_phy/ddr_phy_4lanes_0.u_ddr_phy_4lanes/ddr_byte_lane_C.ddr_byte_lane_C/phaser_out/OCLK
                            (rising edge-triggered cell PHASER_OUT_PHY clocked by oserdes_clk_2  {rise@0.000ns fall@0.625ns period=1.250ns})
  Destination:            i_ddr/u_xlnx_mig_7_ddr3_mig/u_memc_ui_top_axi/mem_intfc0/ddr_phy_top0/u_ddr_mc_phy_wrapper/u_ddr_mc_phy/ddr_phy_4lanes_0.u_ddr_phy_4lanes/ddr_byte_lane_C.ddr_byte_lane_C/ddr_byte_group_io/output_[8].oserdes_dq_.ddr.oserdes_dq_i/RST
                            (rising edge-triggered cell OSERDESE2 clocked by oserdes_clkdiv_2  {rise@0.000ns fall@1.250ns period=2.500ns})
  Path Group:             oserdes_clkdiv_2
  Path Type:              Setup (Max at Slow Process Corner)
  Requirement:            2.500ns  (oserdes_clkdiv_2 rise@2.500ns - oserdes_clk_2 rise@0.000ns)
  Data Path Delay:        2.071ns  (logic 0.466ns (22.499%)  route 1.605ns (77.501%))
  Logic Levels:           0  
  Clock Path Skew:        0.429ns (DCD - SCD + CPR)
    Destination Clock Delay (DCD):    5.335ns = ( 7.835 - 2.500 ) 
    Source Clock Delay      (SCD):    5.288ns = ( 6.538 - 1.250 ) 
    Clock Pessimism Removal (CPR):    0.381ns
  Clock Uncertainty:      0.047ns  ((TSJ^2 + DJ^2)^1/2) / 2 + PE
    Total System Jitter     (TSJ):    0.071ns
    Discrete Jitter          (DJ):    0.061ns
    Phase Error              (PE):    0.000ns
  Timing Exception:       MultiCycle Path   Setup -start 2    

    Location             Delay type                Incr(ns)  Path(ns)    Netlist Resource(s)
  -------------------------------------------------------------------    -------------------
                         (clock oserdes_clk_2 rise edge)
                                                      0.000     0.000 r  
    AD12                                              0.000     0.000 r  sys_clk_p (IN)
                         net (fo=0)                   0.000     0.000    i_ddr/u_xlnx_mig_7_ddr3_mig/u_ddr3_clk_ibuf/sys_clk_p
    AD12                 IBUFDS (Prop_ibufds_I_O)     0.832     0.832 r  i_ddr/u_xlnx_mig_7_ddr3_mig/u_ddr3_clk_ibuf/diff_input_clk.u_ibufg_sys_clk/O
                         net (fo=3, routed)           1.098     1.930    i_ddr/u_xlnx_mig_7_ddr3_mig/u_ddr3_infrastructure/out
    PLLE2_ADV_X1Y1       PLLE2_ADV (Prop_plle2_adv_CLKIN1_CLKOUT1)
                                                      0.077     2.007 r  i_ddr/u_xlnx_mig_7_ddr3_mig/u_ddr3_infrastructure/plle2_i/CLKOUT1
                         net (fo=14, routed)          1.198     3.205    i_ddr/u_xlnx_mig_7_ddr3_mig/u_memc_ui_top_axi/mem_intfc0/ddr_phy_top0/u_ddr_mc_phy_wrapper/u_ddr_mc_phy/ddr_phy_4lanes_0.u_ddr_phy_4lanes/ddr_byte_lane_C.ddr_byte_lane_C/mem_refclk
    PHASER_OUT_PHY_X1Y10 PHASER_OUT_PHY (Prop_phaser_out_phy_MEMREFCLK_OCLK)
                                                      2.083     5.288 r  i_ddr/u_xlnx_mig_7_ddr3_mig/u_memc_ui_top_axi/mem_intfc0/ddr_phy_top0/u_ddr_mc_phy_wrapper/u_ddr_mc_phy/ddr_phy_4lanes_0.u_ddr_phy_4lanes/ddr_byte_lane_C.ddr_byte_lane_C/phaser_out/OCLK
  -------------------------------------------------------------------    -------------------
    PHASER_OUT_PHY_X1Y10 PHASER_OUT_PHY (Prop_phaser_out_phy_OCLK_OSERDESRST)
                                                      0.466     5.754 r  i_ddr/u_xlnx_mig_7_ddr3_mig/u_memc_ui_top_axi/mem_intfc0/ddr_phy_top0/u_ddr_mc_phy_wrapper/u_ddr_mc_phy/ddr_phy_4lanes_0.u_ddr_phy_4lanes/ddr_byte_lane_C.ddr_byte_lane_C/phaser_out/OSERDESRST
                         net (fo=10, routed)          1.605     7.359    i_ddr/u_xlnx_mig_7_ddr3_mig/u_memc_ui_top_axi/mem_intfc0/ddr_phy_top0/u_ddr_mc_phy_wrapper/u_ddr_mc_phy/ddr_phy_4lanes_0.u_ddr_phy_4lanes/ddr_byte_lane_C.ddr_byte_lane_C/ddr_byte_group_io/po_oserdes_rst
    OLOGIC_X1Y135        OSERDESE2                                    r  i_ddr/u_xlnx_mig_7_ddr3_mig/u_memc_ui_top_axi/mem_intfc0/ddr_phy_top0/u_ddr_mc_phy_wrapper/u_ddr_mc_phy/ddr_phy_4lanes_0.u_ddr_phy_4lanes/ddr_byte_lane_C.ddr_byte_lane_C/ddr_byte_group_io/output_[8].oserdes_dq_.ddr.oserdes_dq_i/RST
  -------------------------------------------------------------------    -------------------

                         (clock oserdes_clkdiv_2 rise edge)
                                                      2.500     2.500 r  
    AD12                                              0.000     2.500 r  sys_clk_p (IN)
                         net (fo=0)                   0.000     2.500    i_ddr/u_xlnx_mig_7_ddr3_mig/u_ddr3_clk_ibuf/sys_clk_p
    AD12                 IBUFDS (Prop_ibufds_I_O)     0.735     3.235 r  i_ddr/u_xlnx_mig_7_ddr3_mig/u_ddr3_clk_ibuf/diff_input_clk.u_ibufg_sys_clk/O
                         net (fo=3, routed)           1.001     4.236    i_ddr/u_xlnx_mig_7_ddr3_mig/u_ddr3_infrastructure/out
    PLLE2_ADV_X1Y1       PLLE2_ADV (Prop_plle2_adv_CLKIN1_CLKOUT1)
                                                      0.073     4.309 r  i_ddr/u_xlnx_mig_7_ddr3_mig/u_ddr3_infrastructure/plle2_i/CLKOUT1
                         net (fo=14, routed)          1.070     5.379    i_ddr/u_xlnx_mig_7_ddr3_mig/u_memc_ui_top_axi/mem_intfc0/ddr_phy_top0/u_ddr_mc_phy_wrapper/u_ddr_mc_phy/ddr_phy_4lanes_0.u_ddr_phy_4lanes/ddr_byte_lane_C.ddr_byte_lane_C/mem_refclk
    PHASER_OUT_PHY_X1Y10 PHASER_OUT_PHY (Prop_phaser_out_phy_MEMREFCLK_OCLK)
                                                      2.027     7.406 r  i_ddr/u_xlnx_mig_7_ddr3_mig/u_memc_ui_top_axi/mem_intfc0/ddr_phy_top0/u_ddr_mc_phy_wrapper/u_ddr_mc_phy/ddr_phy_4lanes_0.u_ddr_phy_4lanes/ddr_byte_lane_C.ddr_byte_lane_C/phaser_out/OCLK
    PHASER_OUT_PHY_X1Y10 PHASER_OUT_PHY (Prop_phaser_out_phy_OCLK_OCLKDIV)
                                                      0.133     7.539 r  i_ddr/u_xlnx_mig_7_ddr3_mig/u_memc_ui_top_axi/mem_intfc0/ddr_phy_top0/u_ddr_mc_phy_wrapper/u_ddr_mc_phy/ddr_phy_4lanes_0.u_ddr_phy_4lanes/ddr_byte_lane_C.ddr_byte_lane_C/phaser_out/OCLKDIV
                         net (fo=11, routed)          0.296     7.835    i_ddr/u_xlnx_mig_7_ddr3_mig/u_memc_ui_top_axi/mem_intfc0/ddr_phy_top0/u_ddr_mc_phy_wrapper/u_ddr_mc_phy/ddr_phy_4lanes_0.u_ddr_phy_4lanes/ddr_byte_lane_C.ddr_byte_lane_C/ddr_byte_group_io/oserdes_clkdiv
    OLOGIC_X1Y135        OSERDESE2                                    r  i_ddr/u_xlnx_mig_7_ddr3_mig/u_memc_ui_top_axi/mem_intfc0/ddr_phy_top0/u_ddr_mc_phy_wrapper/u_ddr_mc_phy/ddr_phy_4lanes_0.u_ddr_phy_4lanes/ddr_byte_lane_C.ddr_byte_lane_C/ddr_byte_group_io/output_[8].oserdes_dq_.ddr.oserdes_dq_i/CLKDIV
                         clock pessimism              0.381     8.217    
                         clock uncertainty           -0.047     8.170    
    OLOGIC_X1Y135        OSERDESE2 (Setup_oserdese2_CLKDIV_RST)
                                                     -0.453     7.717    i_ddr/u_xlnx_mig_7_ddr3_mig/u_memc_ui_top_axi/mem_intfc0/ddr_phy_top0/u_ddr_mc_phy_wrapper/u_ddr_mc_phy/ddr_phy_4lanes_0.u_ddr_phy_4lanes/ddr_byte_lane_C.ddr_byte_lane_C/ddr_byte_group_io/output_[8].oserdes_dq_.ddr.oserdes_dq_i
  -------------------------------------------------------------------
                         required time                          7.717    
                         arrival time                          -7.359    
  -------------------------------------------------------------------
                         slack                                  0.358    

Slack (MET) :             0.373ns  (required time - arrival time)
  Source:                 i_ddr/u_xlnx_mig_7_ddr3_mig/u_memc_ui_top_axi/mem_intfc0/ddr_phy_top0/u_ddr_mc_phy_wrapper/u_ddr_mc_phy/ddr_phy_4lanes_0.u_ddr_phy_4lanes/ddr_byte_lane_B.ddr_byte_lane_B/phaser_out/OCLK
                            (rising edge-triggered cell PHASER_OUT_PHY clocked by oserdes_clk_1  {rise@0.000ns fall@0.625ns period=1.250ns})
  Destination:            i_ddr/u_xlnx_mig_7_ddr3_mig/u_memc_ui_top_axi/mem_intfc0/ddr_phy_top0/u_ddr_mc_phy_wrapper/u_ddr_mc_phy/ddr_phy_4lanes_0.u_ddr_phy_4lanes/ddr_byte_lane_B.ddr_byte_lane_B/ddr_byte_group_io/output_[1].oserdes_dq_.ddr.oserdes_dq_i/RST
                            (rising edge-triggered cell OSERDESE2 clocked by oserdes_clkdiv_1  {rise@0.000ns fall@1.250ns period=2.500ns})
  Path Group:             oserdes_clkdiv_1
  Path Type:              Setup (Max at Slow Process Corner)
  Requirement:            2.500ns  (oserdes_clkdiv_1 rise@2.500ns - oserdes_clk_1 rise@0.000ns)
  Data Path Delay:        2.051ns  (logic 0.466ns (22.715%)  route 1.585ns (77.285%))
  Logic Levels:           0  
  Clock Path Skew:        0.424ns (DCD - SCD + CPR)
    Destination Clock Delay (DCD):    5.321ns = ( 7.821 - 2.500 ) 
    Source Clock Delay      (SCD):    5.278ns = ( 6.528 - 1.250 ) 
    Clock Pessimism Removal (CPR):    0.380ns
  Clock Uncertainty:      0.047ns  ((TSJ^2 + DJ^2)^1/2) / 2 + PE
    Total System Jitter     (TSJ):    0.071ns
    Discrete Jitter          (DJ):    0.061ns
    Phase Error              (PE):    0.000ns
  Timing Exception:       MultiCycle Path   Setup -start 2    

    Location             Delay type                Incr(ns)  Path(ns)    Netlist Resource(s)
  -------------------------------------------------------------------    -------------------
                         (clock oserdes_clk_1 rise edge)
                                                      0.000     0.000 r  
    AD12                                              0.000     0.000 r  sys_clk_p (IN)
                         net (fo=0)                   0.000     0.000    i_ddr/u_xlnx_mig_7_ddr3_mig/u_ddr3_clk_ibuf/sys_clk_p
    AD12                 IBUFDS (Prop_ibufds_I_O)     0.832     0.832 r  i_ddr/u_xlnx_mig_7_ddr3_mig/u_ddr3_clk_ibuf/diff_input_clk.u_ibufg_sys_clk/O
                         net (fo=3, routed)           1.098     1.930    i_ddr/u_xlnx_mig_7_ddr3_mig/u_ddr3_infrastructure/out
    PLLE2_ADV_X1Y1       PLLE2_ADV (Prop_plle2_adv_CLKIN1_CLKOUT1)
                                                      0.077     2.007 r  i_ddr/u_xlnx_mig_7_ddr3_mig/u_ddr3_infrastructure/plle2_i/CLKOUT1
                         net (fo=14, routed)          1.188     3.195    i_ddr/u_xlnx_mig_7_ddr3_mig/u_memc_ui_top_axi/mem_intfc0/ddr_phy_top0/u_ddr_mc_phy_wrapper/u_ddr_mc_phy/ddr_phy_4lanes_0.u_ddr_phy_4lanes/ddr_byte_lane_B.ddr_byte_lane_B/mem_refclk
    PHASER_OUT_PHY_X1Y9  PHASER_OUT_PHY (Prop_phaser_out_phy_MEMREFCLK_OCLK)
                                                      2.083     5.278 r  i_ddr/u_xlnx_mig_7_ddr3_mig/u_memc_ui_top_axi/mem_intfc0/ddr_phy_top0/u_ddr_mc_phy_wrapper/u_ddr_mc_phy/ddr_phy_4lanes_0.u_ddr_phy_4lanes/ddr_byte_lane_B.ddr_byte_lane_B/phaser_out/OCLK
  -------------------------------------------------------------------    -------------------
    PHASER_OUT_PHY_X1Y9  PHASER_OUT_PHY (Prop_phaser_out_phy_OCLK_OSERDESRST)
                                                      0.466     5.744 r  i_ddr/u_xlnx_mig_7_ddr3_mig/u_memc_ui_top_axi/mem_intfc0/ddr_phy_top0/u_ddr_mc_phy_wrapper/u_ddr_mc_phy/ddr_phy_4lanes_0.u_ddr_phy_4lanes/ddr_byte_lane_B.ddr_byte_lane_B/phaser_out/OSERDESRST
                         net (fo=10, routed)          1.585     7.329    i_ddr/u_xlnx_mig_7_ddr3_mig/u_memc_ui_top_axi/mem_intfc0/ddr_phy_top0/u_ddr_mc_phy_wrapper/u_ddr_mc_phy/ddr_phy_4lanes_0.u_ddr_phy_4lanes/ddr_byte_lane_B.ddr_byte_lane_B/ddr_byte_group_io/po_oserdes_rst
    OLOGIC_X1Y114        OSERDESE2                                    r  i_ddr/u_xlnx_mig_7_ddr3_mig/u_memc_ui_top_axi/mem_intfc0/ddr_phy_top0/u_ddr_mc_phy_wrapper/u_ddr_mc_phy/ddr_phy_4lanes_0.u_ddr_phy_4lanes/ddr_byte_lane_B.ddr_byte_lane_B/ddr_byte_group_io/output_[1].oserdes_dq_.ddr.oserdes_dq_i/RST
  -------------------------------------------------------------------    -------------------

                         (clock oserdes_clkdiv_1 rise edge)
                                                      2.500     2.500 r  
    AD12                                              0.000     2.500 r  sys_clk_p (IN)
                         net (fo=0)                   0.000     2.500    i_ddr/u_xlnx_mig_7_ddr3_mig/u_ddr3_clk_ibuf/sys_clk_p
    AD12                 IBUFDS (Prop_ibufds_I_O)     0.735     3.235 r  i_ddr/u_xlnx_mig_7_ddr3_mig/u_ddr3_clk_ibuf/diff_input_clk.u_ibufg_sys_clk/O
                         net (fo=3, routed)           1.001     4.236    i_ddr/u_xlnx_mig_7_ddr3_mig/u_ddr3_infrastructure/out
    PLLE2_ADV_X1Y1       PLLE2_ADV (Prop_plle2_adv_CLKIN1_CLKOUT1)
                                                      0.073     4.309 r  i_ddr/u_xlnx_mig_7_ddr3_mig/u_ddr3_infrastructure/plle2_i/CLKOUT1
                         net (fo=14, routed)          1.061     5.370    i_ddr/u_xlnx_mig_7_ddr3_mig/u_memc_ui_top_axi/mem_intfc0/ddr_phy_top0/u_ddr_mc_phy_wrapper/u_ddr_mc_phy/ddr_phy_4lanes_0.u_ddr_phy_4lanes/ddr_byte_lane_B.ddr_byte_lane_B/mem_refclk
    PHASER_OUT_PHY_X1Y9  PHASER_OUT_PHY (Prop_phaser_out_phy_MEMREFCLK_OCLK)
                                                      2.027     7.397 r  i_ddr/u_xlnx_mig_7_ddr3_mig/u_memc_ui_top_axi/mem_intfc0/ddr_phy_top0/u_ddr_mc_phy_wrapper/u_ddr_mc_phy/ddr_phy_4lanes_0.u_ddr_phy_4lanes/ddr_byte_lane_B.ddr_byte_lane_B/phaser_out/OCLK
    PHASER_OUT_PHY_X1Y9  PHASER_OUT_PHY (Prop_phaser_out_phy_OCLK_OCLKDIV)
                                                      0.133     7.530 r  i_ddr/u_xlnx_mig_7_ddr3_mig/u_memc_ui_top_axi/mem_intfc0/ddr_phy_top0/u_ddr_mc_phy_wrapper/u_ddr_mc_phy/ddr_phy_4lanes_0.u_ddr_phy_4lanes/ddr_byte_lane_B.ddr_byte_lane_B/phaser_out/OCLKDIV
                         net (fo=11, routed)          0.291     7.821    i_ddr/u_xlnx_mig_7_ddr3_mig/u_memc_ui_top_axi/mem_intfc0/ddr_phy_top0/u_ddr_mc_phy_wrapper/u_ddr_mc_phy/ddr_phy_4lanes_0.u_ddr_phy_4lanes/ddr_byte_lane_B.ddr_byte_lane_B/ddr_byte_group_io/oserdes_clkdiv
    OLOGIC_X1Y114        OSERDESE2                                    r  i_ddr/u_xlnx_mig_7_ddr3_mig/u_memc_ui_top_axi/mem_intfc0/ddr_phy_top0/u_ddr_mc_phy_wrapper/u_ddr_mc_phy/ddr_phy_4lanes_0.u_ddr_phy_4lanes/ddr_byte_lane_B.ddr_byte_lane_B/ddr_byte_group_io/output_[1].oserdes_dq_.ddr.oserdes_dq_i/CLKDIV
                         clock pessimism              0.380     8.202    
                         clock uncertainty           -0.047     8.155    
    OLOGIC_X1Y114        OSERDESE2 (Setup_oserdese2_CLKDIV_RST)
                                                     -0.453     7.702    i_ddr/u_xlnx_mig_7_ddr3_mig/u_memc_ui_top_axi/mem_intfc0/ddr_phy_top0/u_ddr_mc_phy_wrapper/u_ddr_mc_phy/ddr_phy_4lanes_0.u_ddr_phy_4lanes/ddr_byte_lane_B.ddr_byte_lane_B/ddr_byte_group_io/output_[1].oserdes_dq_.ddr.oserdes_dq_i
  -------------------------------------------------------------------
                         required time                          7.702    
                         arrival time                          -7.329    
  -------------------------------------------------------------------
                         slack                                  0.373    

Slack (MET) :             0.430ns  (required time - arrival time)
  Source:                 i_ddr/u_xlnx_mig_7_ddr3_mig/u_memc_ui_top_axi/mem_intfc0/ddr_phy_top0/u_ddr_mc_phy_wrapper/u_ddr_mc_phy/ddr_phy_4lanes_1.u_ddr_phy_4lanes/ddr_byte_lane_B.ddr_byte_lane_B/phaser_out/OCLK
                            (rising edge-triggered cell PHASER_OUT_PHY clocked by oserdes_clk_5  {rise@0.000ns fall@0.625ns period=1.250ns})
  Destination:            i_ddr/u_xlnx_mig_7_ddr3_mig/u_memc_ui_top_axi/mem_intfc0/ddr_phy_top0/u_ddr_mc_phy_wrapper/u_ddr_mc_phy/ddr_phy_4lanes_1.u_ddr_phy_4lanes/ddr_byte_lane_B.ddr_byte_lane_B/ddr_byte_group_io/output_[10].oserdes_dq_.sdr.oserdes_dq_i/RST
                            (rising edge-triggered cell OSERDESE2 clocked by oserdes_clkdiv_5  {rise@0.000ns fall@2.500ns period=5.000ns})
  Path Group:             oserdes_clkdiv_5
  Path Type:              Setup (Max at Slow Process Corner)
  Requirement:            2.500ns  (oserdes_clkdiv_5 rise@5.000ns - oserdes_clk_5 rise@2.500ns)
  Data Path Delay:        1.993ns  (logic 0.466ns (23.386%)  route 1.527ns (76.614%))
  Logic Levels:           0  
  Clock Path Skew:        0.422ns (DCD - SCD + CPR)
    Destination Clock Delay (DCD):    5.109ns = ( 10.109 - 5.000 ) 
    Source Clock Delay      (SCD):    5.042ns = ( 8.792 - 3.750 ) 
    Clock Pessimism Removal (CPR):    0.354ns
  Clock Uncertainty:      0.047ns  ((TSJ^2 + DJ^2)^1/2) / 2 + PE
    Total System Jitter     (TSJ):    0.071ns
    Discrete Jitter          (DJ):    0.061ns
    Phase Error              (PE):    0.000ns
  Timing Exception:       MultiCycle Path   Setup -start 2    

    Location             Delay type                Incr(ns)  Path(ns)    Netlist Resource(s)
  -------------------------------------------------------------------    -------------------
                         (clock oserdes_clk_5 rise edge)
                                                      2.500     2.500 r  
    AD12                                              0.000     2.500 r  sys_clk_p (IN)
                         net (fo=0)                   0.000     2.500    i_ddr/u_xlnx_mig_7_ddr3_mig/u_ddr3_clk_ibuf/sys_clk_p
    AD12                 IBUFDS (Prop_ibufds_I_O)     0.832     3.332 r  i_ddr/u_xlnx_mig_7_ddr3_mig/u_ddr3_clk_ibuf/diff_input_clk.u_ibufg_sys_clk/O
                         net (fo=3, routed)           1.098     4.430    i_ddr/u_xlnx_mig_7_ddr3_mig/u_ddr3_infrastructure/out
    PLLE2_ADV_X1Y1       PLLE2_ADV (Prop_plle2_adv_CLKIN1_CLKOUT1)
                                                      0.077     4.507 r  i_ddr/u_xlnx_mig_7_ddr3_mig/u_ddr3_infrastructure/plle2_i/CLKOUT1
                         net (fo=14, routed)          0.952     5.459    i_ddr/u_xlnx_mig_7_ddr3_mig/u_memc_ui_top_axi/mem_intfc0/ddr_phy_top0/u_ddr_mc_phy_wrapper/u_ddr_mc_phy/ddr_phy_4lanes_1.u_ddr_phy_4lanes/ddr_byte_lane_B.ddr_byte_lane_B/mem_refclk
    PHASER_OUT_PHY_X1Y5  PHASER_OUT_PHY (Prop_phaser_out_phy_MEMREFCLK_OCLK)
                                                      2.083     7.542 r  i_ddr/u_xlnx_mig_7_ddr3_mig/u_memc_ui_top_axi/mem_intfc0/ddr_phy_top0/u_ddr_mc_phy_wrapper/u_ddr_mc_phy/ddr_phy_4lanes_1.u_ddr_phy_4lanes/ddr_byte_lane_B.ddr_byte_lane_B/phaser_out/OCLK
  -------------------------------------------------------------------    -------------------
    PHASER_OUT_PHY_X1Y5  PHASER_OUT_PHY (Prop_phaser_out_phy_OCLK_OSERDESRST)
                                                      0.466     8.008 r  i_ddr/u_xlnx_mig_7_ddr3_mig/u_memc_ui_top_axi/mem_intfc0/ddr_phy_top0/u_ddr_mc_phy_wrapper/u_ddr_mc_phy/ddr_phy_4lanes_1.u_ddr_phy_4lanes/ddr_byte_lane_B.ddr_byte_lane_B/phaser_out/OSERDESRST
                         net (fo=3, routed)           1.527     9.534    i_ddr/u_xlnx_mig_7_ddr3_mig/u_memc_ui_top_axi/mem_intfc0/ddr_phy_top0/u_ddr_mc_phy_wrapper/u_ddr_mc_phy/ddr_phy_4lanes_1.u_ddr_phy_4lanes/ddr_byte_lane_B.ddr_byte_lane_B/ddr_byte_group_io/oserdes_rst
    OLOGIC_X1Y69         OSERDESE2                                    r  i_ddr/u_xlnx_mig_7_ddr3_mig/u_memc_ui_top_axi/mem_intfc0/ddr_phy_top0/u_ddr_mc_phy_wrapper/u_ddr_mc_phy/ddr_phy_4lanes_1.u_ddr_phy_4lanes/ddr_byte_lane_B.ddr_byte_lane_B/ddr_byte_group_io/output_[10].oserdes_dq_.sdr.oserdes_dq_i/RST
  -------------------------------------------------------------------    -------------------

                         (clock oserdes_clkdiv_5 rise edge)
                                                      5.000     5.000 r  
    AD12                                              0.000     5.000 r  sys_clk_p (IN)
                         net (fo=0)                   0.000     5.000    i_ddr/u_xlnx_mig_7_ddr3_mig/u_ddr3_clk_ibuf/sys_clk_p
    AD12                 IBUFDS (Prop_ibufds_I_O)     0.735     5.735 r  i_ddr/u_xlnx_mig_7_ddr3_mig/u_ddr3_clk_ibuf/diff_input_clk.u_ibufg_sys_clk/O
                         net (fo=3, routed)           1.001     6.736    i_ddr/u_xlnx_mig_7_ddr3_mig/u_ddr3_infrastructure/out
    PLLE2_ADV_X1Y1       PLLE2_ADV (Prop_plle2_adv_CLKIN1_CLKOUT1)
                                                      0.073     6.809 r  i_ddr/u_xlnx_mig_7_ddr3_mig/u_ddr3_infrastructure/plle2_i/CLKOUT1
                         net (fo=14, routed)          0.851     7.660    i_ddr/u_xlnx_mig_7_ddr3_mig/u_memc_ui_top_axi/mem_intfc0/ddr_phy_top0/u_ddr_mc_phy_wrapper/u_ddr_mc_phy/ddr_phy_4lanes_1.u_ddr_phy_4lanes/ddr_byte_lane_B.ddr_byte_lane_B/mem_refclk
    PHASER_OUT_PHY_X1Y5  PHASER_OUT_PHY (Prop_phaser_out_phy_MEMREFCLK_OCLK)
                                                      2.027     9.687 r  i_ddr/u_xlnx_mig_7_ddr3_mig/u_memc_ui_top_axi/mem_intfc0/ddr_phy_top0/u_ddr_mc_phy_wrapper/u_ddr_mc_phy/ddr_phy_4lanes_1.u_ddr_phy_4lanes/ddr_byte_lane_B.ddr_byte_lane_B/phaser_out/OCLK
    PHASER_OUT_PHY_X1Y5  PHASER_OUT_PHY (Prop_phaser_out_phy_OCLK_OCLKDIV)
                                                      0.133     9.820 r  i_ddr/u_xlnx_mig_7_ddr3_mig/u_memc_ui_top_axi/mem_intfc0/ddr_phy_top0/u_ddr_mc_phy_wrapper/u_ddr_mc_phy/ddr_phy_4lanes_1.u_ddr_phy_4lanes/ddr_byte_lane_B.ddr_byte_lane_B/phaser_out/OCLKDIV
                         net (fo=4, routed)           0.289    10.109    i_ddr/u_xlnx_mig_7_ddr3_mig/u_memc_ui_top_axi/mem_intfc0/ddr_phy_top0/u_ddr_mc_phy_wrapper/u_ddr_mc_phy/ddr_phy_4lanes_1.u_ddr_phy_4lanes/ddr_byte_lane_B.ddr_byte_lane_B/ddr_byte_group_io/oserdes_clkdiv
    OLOGIC_X1Y69         OSERDESE2                                    r  i_ddr/u_xlnx_mig_7_ddr3_mig/u_memc_ui_top_axi/mem_intfc0/ddr_phy_top0/u_ddr_mc_phy_wrapper/u_ddr_mc_phy/ddr_phy_4lanes_1.u_ddr_phy_4lanes/ddr_byte_lane_B.ddr_byte_lane_B/ddr_byte_group_io/output_[10].oserdes_dq_.sdr.oserdes_dq_i/CLKDIV
                         clock pessimism              0.354    10.464    
                         clock uncertainty           -0.047    10.417    
    OLOGIC_X1Y69         OSERDESE2 (Setup_oserdese2_CLKDIV_RST)
                                                     -0.453     9.964    i_ddr/u_xlnx_mig_7_ddr3_mig/u_memc_ui_top_axi/mem_intfc0/ddr_phy_top0/u_ddr_mc_phy_wrapper/u_ddr_mc_phy/ddr_phy_4lanes_1.u_ddr_phy_4lanes/ddr_byte_lane_B.ddr_byte_lane_B/ddr_byte_group_io/output_[10].oserdes_dq_.sdr.oserdes_dq_i
  -------------------------------------------------------------------
                         required time                          9.964    
                         arrival time                          -9.534    
  -------------------------------------------------------------------
                         slack                                  0.430    

Slack (MET) :             0.505ns  (required time - arrival time)
  Source:                 i_ddr/u_xlnx_mig_7_ddr3_mig/u_memc_ui_top_axi/mem_intfc0/ddr_phy_top0/u_ddr_mc_phy_wrapper/u_ddr_mc_phy/ddr_phy_4lanes_1.u_ddr_phy_4lanes/ddr_byte_lane_A.ddr_byte_lane_A/phaser_out/OCLK
                            (rising edge-triggered cell PHASER_OUT_PHY clocked by oserdes_clk_4  {rise@0.000ns fall@0.625ns period=1.250ns})
  Destination:            i_ddr/u_xlnx_mig_7_ddr3_mig/u_memc_ui_top_axi/mem_intfc0/ddr_phy_top0/u_ddr_mc_phy_wrapper/u_ddr_mc_phy/ddr_phy_4lanes_1.u_ddr_phy_4lanes/ddr_byte_lane_A.ddr_byte_lane_A/out_fifo/RDEN
                            (rising edge-triggered cell OUT_FIFO clocked by oserdes_clkdiv_4  {rise@0.000ns fall@2.500ns period=5.000ns})
  Path Group:             oserdes_clkdiv_4
  Path Type:              Setup (Max at Slow Process Corner)
  Requirement:            1.250ns  (oserdes_clkdiv_4 rise@5.000ns - oserdes_clk_4 rise@3.750ns)
  Data Path Delay:        0.301ns  (logic 0.301ns (100.000%)  route 0.000ns (0.000%))
  Logic Levels:           0  
  Clock Path Skew:        0.133ns (DCD - SCD + CPR)
    Destination Clock Delay (DCD):    4.829ns = ( 9.829 - 5.000 ) 
    Source Clock Delay      (SCD):    5.052ns = ( 8.802 - 3.750 ) 
    Clock Pessimism Removal (CPR):    0.355ns
  Clock Uncertainty:      0.047ns  ((TSJ^2 + DJ^2)^1/2) / 2 + PE
    Total System Jitter     (TSJ):    0.071ns
    Discrete Jitter          (DJ):    0.061ns
    Phase Error              (PE):    0.000ns

    Location             Delay type                Incr(ns)  Path(ns)    Netlist Resource(s)
  -------------------------------------------------------------------    -------------------
                         (clock oserdes_clk_4 rise edge)
                                                      3.750     3.750 r  
    AD12                                              0.000     3.750 r  sys_clk_p (IN)
                         net (fo=0)                   0.000     3.750    i_ddr/u_xlnx_mig_7_ddr3_mig/u_ddr3_clk_ibuf/sys_clk_p
    AD12                 IBUFDS (Prop_ibufds_I_O)     0.832     4.582 r  i_ddr/u_xlnx_mig_7_ddr3_mig/u_ddr3_clk_ibuf/diff_input_clk.u_ibufg_sys_clk/O
                         net (fo=3, routed)           1.098     5.680    i_ddr/u_xlnx_mig_7_ddr3_mig/u_ddr3_infrastructure/out
    PLLE2_ADV_X1Y1       PLLE2_ADV (Prop_plle2_adv_CLKIN1_CLKOUT1)
                                                      0.077     5.757 r  i_ddr/u_xlnx_mig_7_ddr3_mig/u_ddr3_infrastructure/plle2_i/CLKOUT1
                         net (fo=14, routed)          0.962     6.719    i_ddr/u_xlnx_mig_7_ddr3_mig/u_memc_ui_top_axi/mem_intfc0/ddr_phy_top0/u_ddr_mc_phy_wrapper/u_ddr_mc_phy/ddr_phy_4lanes_1.u_ddr_phy_4lanes/ddr_byte_lane_A.ddr_byte_lane_A/mem_refclk
    PHASER_OUT_PHY_X1Y4  PHASER_OUT_PHY (Prop_phaser_out_phy_MEMREFCLK_OCLK)
                                                      2.083     8.802 r  i_ddr/u_xlnx_mig_7_ddr3_mig/u_memc_ui_top_axi/mem_intfc0/ddr_phy_top0/u_ddr_mc_phy_wrapper/u_ddr_mc_phy/ddr_phy_4lanes_1.u_ddr_phy_4lanes/ddr_byte_lane_A.ddr_byte_lane_A/phaser_out/OCLK
  -------------------------------------------------------------------    -------------------
    PHASER_OUT_PHY_X1Y4  PHASER_OUT_PHY (Prop_phaser_out_phy_OCLK_RDENABLE)
                                                      0.301     9.103 r  i_ddr/u_xlnx_mig_7_ddr3_mig/u_memc_ui_top_axi/mem_intfc0/ddr_phy_top0/u_ddr_mc_phy_wrapper/u_ddr_mc_phy/ddr_phy_4lanes_1.u_ddr_phy_4lanes/ddr_byte_lane_A.ddr_byte_lane_A/phaser_out/RDENABLE
                         net (fo=1, routed)           0.000     9.103    i_ddr/u_xlnx_mig_7_ddr3_mig/u_memc_ui_top_axi/mem_intfc0/ddr_phy_top0/u_ddr_mc_phy_wrapper/u_ddr_mc_phy/ddr_phy_4lanes_1.u_ddr_phy_4lanes/ddr_byte_lane_A.ddr_byte_lane_A/po_rd_enable
    OUT_FIFO_X1Y4        OUT_FIFO                                     r  i_ddr/u_xlnx_mig_7_ddr3_mig/u_memc_ui_top_axi/mem_intfc0/ddr_phy_top0/u_ddr_mc_phy_wrapper/u_ddr_mc_phy/ddr_phy_4lanes_1.u_ddr_phy_4lanes/ddr_byte_lane_A.ddr_byte_lane_A/out_fifo/RDEN
  -------------------------------------------------------------------    -------------------

                         (clock oserdes_clkdiv_4 rise edge)
                                                      5.000     5.000 r  
    AD12                                              0.000     5.000 r  sys_clk_p (IN)
                         net (fo=0)                   0.000     5.000    i_ddr/u_xlnx_mig_7_ddr3_mig/u_ddr3_clk_ibuf/sys_clk_p
    AD12                 IBUFDS (Prop_ibufds_I_O)     0.735     5.735 r  i_ddr/u_xlnx_mig_7_ddr3_mig/u_ddr3_clk_ibuf/diff_input_clk.u_ibufg_sys_clk/O
                         net (fo=3, routed)           1.001     6.736    i_ddr/u_xlnx_mig_7_ddr3_mig/u_ddr3_infrastructure/out
    PLLE2_ADV_X1Y1       PLLE2_ADV (Prop_plle2_adv_CLKIN1_CLKOUT1)
                                                      0.073     6.809 r  i_ddr/u_xlnx_mig_7_ddr3_mig/u_ddr3_infrastructure/plle2_i/CLKOUT1
                         net (fo=14, routed)          0.860     7.669    i_ddr/u_xlnx_mig_7_ddr3_mig/u_memc_ui_top_axi/mem_intfc0/ddr_phy_top0/u_ddr_mc_phy_wrapper/u_ddr_mc_phy/ddr_phy_4lanes_1.u_ddr_phy_4lanes/ddr_byte_lane_A.ddr_byte_lane_A/mem_refclk
    PHASER_OUT_PHY_X1Y4  PHASER_OUT_PHY (Prop_phaser_out_phy_MEMREFCLK_OCLK)
                                                      2.027     9.696 r  i_ddr/u_xlnx_mig_7_ddr3_mig/u_memc_ui_top_axi/mem_intfc0/ddr_phy_top0/u_ddr_mc_phy_wrapper/u_ddr_mc_phy/ddr_phy_4lanes_1.u_ddr_phy_4lanes/ddr_byte_lane_A.ddr_byte_lane_A/phaser_out/OCLK
    PHASER_OUT_PHY_X1Y4  PHASER_OUT_PHY (Prop_phaser_out_phy_OCLK_OCLKDIV)
                                                      0.133     9.829 r  i_ddr/u_xlnx_mig_7_ddr3_mig/u_memc_ui_top_axi/mem_intfc0/ddr_phy_top0/u_ddr_mc_phy_wrapper/u_ddr_mc_phy/ddr_phy_4lanes_1.u_ddr_phy_4lanes/ddr_byte_lane_A.ddr_byte_lane_A/phaser_out/OCLKDIV
                         net (fo=3, routed)           0.000     9.829    i_ddr/u_xlnx_mig_7_ddr3_mig/u_memc_ui_top_axi/mem_intfc0/ddr_phy_top0/u_ddr_mc_phy_wrapper/u_ddr_mc_phy/ddr_phy_4lanes_1.u_ddr_phy_4lanes/ddr_byte_lane_A.ddr_byte_lane_A/oserdes_clkdiv
    OUT_FIFO_X1Y4        OUT_FIFO                                     r  i_ddr/u_xlnx_mig_7_ddr3_mig/u_memc_ui_top_axi/mem_intfc0/ddr_phy_top0/u_ddr_mc_phy_wrapper/u_ddr_mc_phy/ddr_phy_4lanes_1.u_ddr_phy_4lanes/ddr_byte_lane_A.ddr_byte_lane_A/out_fifo/RDCLK
                         clock pessimism              0.355    10.185    
                         clock uncertainty           -0.047    10.138    
    OUT_FIFO_X1Y4        OUT_FIFO (Setup_out_fifo_RDCLK_RDEN)
                                                     -0.530     9.608    i_ddr/u_xlnx_mig_7_ddr3_mig/u_memc_ui_top_axi/mem_intfc0/ddr_phy_top0/u_ddr_mc_phy_wrapper/u_ddr_mc_phy/ddr_phy_4lanes_1.u_ddr_phy_4lanes/ddr_byte_lane_A.ddr_byte_lane_A/out_fifo
  -------------------------------------------------------------------
                         required time                          9.608    
                         arrival time                          -9.103    
  -------------------------------------------------------------------
                         slack                                  0.505    

Slack (MET) :             0.635ns  (required time - arrival time)
  Source:                 i_ddr/u_xlnx_mig_7_ddr3_mig/u_memc_ui_top_axi/mem_intfc0/ddr_phy_top0/u_ddr_calib_top/init_calib_complete_reg_rep__2/C
                            (rising edge-triggered cell FDRE clocked by clk_pll_i  {rise@0.000ns fall@2.500ns period=5.000ns})
  Destination:            i_ddr/u_xlnx_mig_7_ddr3_mig/u_memc_ui_top_axi/mem_intfc0/ddr_phy_top0/u_ddr_mc_phy_wrapper/u_ddr_mc_phy/ddr_phy_4lanes_0.u_ddr_phy_4lanes/ddr_byte_lane_A.ddr_byte_lane_A/out_fifo/D2[3]
                            (rising edge-triggered cell OUT_FIFO clocked by clk_pll_i  {rise@0.000ns fall@2.500ns period=5.000ns})
  Path Group:             clk_pll_i
  Path Type:              Setup (Max at Slow Process Corner)
  Requirement:            5.000ns  (clk_pll_i rise@5.000ns - clk_pll_i rise@0.000ns)
  Data Path Delay:        3.936ns  (logic 0.266ns (6.758%)  route 3.670ns (93.242%))
  Logic Levels:           1  (LUT5=1)
  Clock Path Skew:        -0.030ns (DCD - SCD + CPR)
    Destination Clock Delay (DCD):    3.440ns = ( 8.440 - 5.000 ) 
    Source Clock Delay      (SCD):    3.815ns
    Clock Pessimism Removal (CPR):    0.344ns
  Clock Uncertainty:      0.052ns  ((TSJ^2 + DJ^2)^1/2) / 2 + PE
    Total System Jitter     (TSJ):    0.071ns
    Discrete Jitter          (DJ):    0.077ns
    Phase Error              (PE):    0.000ns

    Location             Delay type                Incr(ns)  Path(ns)    Netlist Resource(s)
  -------------------------------------------------------------------    -------------------
                         (clock clk_pll_i rise edge)
                                                      0.000     0.000 r  
    AD12                                              0.000     0.000 r  sys_clk_p (IN)
                         net (fo=0)                   0.000     0.000    i_ddr/u_xlnx_mig_7_ddr3_mig/u_ddr3_clk_ibuf/sys_clk_p
    AD12                 IBUFDS (Prop_ibufds_I_O)     0.832     0.832 r  i_ddr/u_xlnx_mig_7_ddr3_mig/u_ddr3_clk_ibuf/diff_input_clk.u_ibufg_sys_clk/O
                         net (fo=3, routed)           1.098     1.930    i_ddr/u_xlnx_mig_7_ddr3_mig/u_ddr3_infrastructure/out
    PLLE2_ADV_X1Y1       PLLE2_ADV (Prop_plle2_adv_CLKIN1_CLKOUT3)
                                                      0.077     2.007 r  i_ddr/u_xlnx_mig_7_ddr3_mig/u_ddr3_infrastructure/plle2_i/CLKOUT3
                         net (fo=1, routed)           1.155     3.162    i_ddr/u_xlnx_mig_7_ddr3_mig/u_ddr3_infrastructure/pll_clk3_out
    BUFHCE_X1Y12         BUFH (Prop_bufh_I_O)         0.103     3.265 r  i_ddr/u_xlnx_mig_7_ddr3_mig/u_ddr3_infrastructure/u_bufh_pll_clk3/O
                         net (fo=1, routed)           0.790     4.055    i_ddr/u_xlnx_mig_7_ddr3_mig/u_ddr3_infrastructure/pll_clk3
    MMCME2_ADV_X1Y1      MMCME2_ADV (Prop_mmcme2_adv_CLKIN1_CLKFBOUT)
                                                     -3.987     0.068 r  i_ddr/u_xlnx_mig_7_ddr3_mig/u_ddr3_infrastructure/gen_mmcm.mmcm_i/CLKFBOUT
                         net (fo=1, routed)           2.130     2.198    i_ddr/u_xlnx_mig_7_ddr3_mig/u_ddr3_infrastructure/clk_pll_i
    BUFGCTRL_X0Y1        BUFG (Prop_bufg_I_O)         0.093     2.291 r  i_ddr/u_xlnx_mig_7_ddr3_mig/u_ddr3_infrastructure/u_bufg_clkdiv0/O
                         net (fo=11414, routed)       1.524     3.815    i_ddr/u_xlnx_mig_7_ddr3_mig/u_memc_ui_top_axi/mem_intfc0/ddr_phy_top0/u_ddr_calib_top/CLK
    SLICE_X149Y138       FDRE                                         r  i_ddr/u_xlnx_mig_7_ddr3_mig/u_memc_ui_top_axi/mem_intfc0/ddr_phy_top0/u_ddr_calib_top/init_calib_complete_reg_rep__2/C
  -------------------------------------------------------------------    -------------------
    SLICE_X149Y138       FDRE (Prop_fdre_C_Q)         0.223     4.038 r  i_ddr/u_xlnx_mig_7_ddr3_mig/u_memc_ui_top_axi/mem_intfc0/ddr_phy_top0/u_ddr_calib_top/init_calib_complete_reg_rep__2/Q
                         net (fo=50, routed)          3.178     7.215    i_ddr/u_xlnx_mig_7_ddr3_mig/u_memc_ui_top_axi/mem_intfc0/ddr_phy_top0/u_ddr_calib_top/u_ddr_phy_init/out_fifo_16
    SLICE_X147Y102       LUT5 (Prop_lut5_I2_O)        0.043     7.258 r  i_ddr/u_xlnx_mig_7_ddr3_mig/u_memc_ui_top_axi/mem_intfc0/ddr_phy_top0/u_ddr_calib_top/u_ddr_phy_init/out_fifo_i_22__4/O
                         net (fo=1, routed)           0.493     7.751    i_ddr/u_xlnx_mig_7_ddr3_mig/u_memc_ui_top_axi/mem_intfc0/ddr_phy_top0/u_ddr_mc_phy_wrapper/u_ddr_mc_phy/ddr_phy_4lanes_0.u_ddr_phy_4lanes/ddr_byte_lane_A.ddr_byte_lane_A/my_empty_reg[7]_0[3]
    OUT_FIFO_X1Y8        OUT_FIFO                                     r  i_ddr/u_xlnx_mig_7_ddr3_mig/u_memc_ui_top_axi/mem_intfc0/ddr_phy_top0/u_ddr_mc_phy_wrapper/u_ddr_mc_phy/ddr_phy_4lanes_0.u_ddr_phy_4lanes/ddr_byte_lane_A.ddr_byte_lane_A/out_fifo/D2[3]
  -------------------------------------------------------------------    -------------------

                         (clock clk_pll_i rise edge)
                                                      5.000     5.000 r  
    AD12                                              0.000     5.000 r  sys_clk_p (IN)
                         net (fo=0)                   0.000     5.000    i_ddr/u_xlnx_mig_7_ddr3_mig/u_ddr3_clk_ibuf/sys_clk_p
    AD12                 IBUFDS (Prop_ibufds_I_O)     0.735     5.735 r  i_ddr/u_xlnx_mig_7_ddr3_mig/u_ddr3_clk_ibuf/diff_input_clk.u_ibufg_sys_clk/O
                         net (fo=3, routed)           1.001     6.736    i_ddr/u_xlnx_mig_7_ddr3_mig/u_ddr3_infrastructure/out
    PLLE2_ADV_X1Y1       PLLE2_ADV (Prop_plle2_adv_CLKIN1_CLKOUT3)
                                                      0.073     6.809 r  i_ddr/u_xlnx_mig_7_ddr3_mig/u_ddr3_infrastructure/plle2_i/CLKOUT3
                         net (fo=1, routed)           1.043     7.852    i_ddr/u_xlnx_mig_7_ddr3_mig/u_ddr3_infrastructure/pll_clk3_out
    BUFHCE_X1Y12         BUFH (Prop_bufh_I_O)         0.066     7.918 r  i_ddr/u_xlnx_mig_7_ddr3_mig/u_ddr3_infrastructure/u_bufh_pll_clk3/O
                         net (fo=1, routed)           0.722     8.640    i_ddr/u_xlnx_mig_7_ddr3_mig/u_ddr3_infrastructure/pll_clk3
    MMCME2_ADV_X1Y1      MMCME2_ADV (Prop_mmcme2_adv_CLKIN1_CLKFBOUT)
                                                     -3.694     4.946 r  i_ddr/u_xlnx_mig_7_ddr3_mig/u_ddr3_infrastructure/gen_mmcm.mmcm_i/CLKFBOUT
                         net (fo=1, routed)           2.005     6.951    i_ddr/u_xlnx_mig_7_ddr3_mig/u_ddr3_infrastructure/clk_pll_i
    BUFGCTRL_X0Y1        BUFG (Prop_bufg_I_O)         0.083     7.034 r  i_ddr/u_xlnx_mig_7_ddr3_mig/u_ddr3_infrastructure/u_bufg_clkdiv0/O
                         net (fo=11414, routed)       1.406     8.440    i_ddr/u_xlnx_mig_7_ddr3_mig/u_memc_ui_top_axi/mem_intfc0/ddr_phy_top0/u_ddr_mc_phy_wrapper/u_ddr_mc_phy/ddr_phy_4lanes_0.u_ddr_phy_4lanes/ddr_byte_lane_A.ddr_byte_lane_A/CLK
    OUT_FIFO_X1Y8        OUT_FIFO                                     r  i_ddr/u_xlnx_mig_7_ddr3_mig/u_memc_ui_top_axi/mem_intfc0/ddr_phy_top0/u_ddr_mc_phy_wrapper/u_ddr_mc_phy/ddr_phy_4lanes_0.u_ddr_phy_4lanes/ddr_byte_lane_A.ddr_byte_lane_A/out_fifo/WRCLK
                         clock pessimism              0.344     8.785    
                         clock uncertainty           -0.052     8.732    
    OUT_FIFO_X1Y8        OUT_FIFO (Setup_out_fifo_WRCLK_D2[3])
                                                     -0.346     8.386    i_ddr/u_xlnx_mig_7_ddr3_mig/u_memc_ui_top_axi/mem_intfc0/ddr_phy_top0/u_ddr_mc_phy_wrapper/u_ddr_mc_phy/ddr_phy_4lanes_0.u_ddr_phy_4lanes/ddr_byte_lane_A.ddr_byte_lane_A/out_fifo
  -------------------------------------------------------------------
                         required time                          8.386    
                         arrival time                          -7.751    
  -------------------------------------------------------------------
                         slack                                  0.635    

Slack (MET) :             0.851ns  (required time - arrival time)
  Source:                 i_ddr/u_xlnx_mig_7_ddr3_mig/u_memc_ui_top_axi/mem_intfc0/ddr_phy_top0/u_ddr_mc_phy_wrapper/u_ddr_mc_phy/ddr_phy_4lanes_0.u_ddr_phy_4lanes/ddr_byte_lane_C.ddr_byte_lane_C/ddr_byte_group_io/input_[8].iserdes_dq_.iserdesdq/CLKDIVP
                            (rising edge-triggered cell ISERDESE2 clocked by iserdes_clkdiv_2  {rise@1.172ns fall@2.422ns period=2.500ns})
  Destination:            i_ddr/u_xlnx_mig_7_ddr3_mig/u_memc_ui_top_axi/mem_intfc0/ddr_phy_top0/u_ddr_mc_phy_wrapper/u_ddr_mc_phy/ddr_phy_4lanes_0.u_ddr_phy_4lanes/ddr_byte_lane_C.ddr_byte_lane_C/in_fifo_gen.in_fifo/D8[2]
                            (rising edge-triggered cell IN_FIFO clocked by iserdes_clkdiv_2  {rise@1.172ns fall@2.422ns period=2.500ns})
  Path Group:             iserdes_clkdiv_2
  Path Type:              Setup (Max at Slow Process Corner)
  Requirement:            2.500ns  (iserdes_clkdiv_2 rise@3.672ns - iserdes_clkdiv_2 rise@1.172ns)
  Data Path Delay:        0.855ns  (logic 0.326ns (38.110%)  route 0.529ns (61.890%))
  Logic Levels:           0  
  Clock Path Skew:        -0.342ns (DCD - SCD + CPR)
    Destination Clock Delay (DCD):    4.413ns = ( 8.085 - 3.672 ) 
    Source Clock Delay      (SCD):    5.123ns = ( 6.295 - 1.172 ) 
    Clock Pessimism Removal (CPR):    0.367ns
  Clock Uncertainty:      0.047ns  ((TSJ^2 + DJ^2)^1/2) / 2 + PE
    Total System Jitter     (TSJ):    0.071ns
    Discrete Jitter          (DJ):    0.061ns
    Phase Error              (PE):    0.000ns

    Location             Delay type                Incr(ns)  Path(ns)    Netlist Resource(s)
  -------------------------------------------------------------------    -------------------
                         (clock iserdes_clkdiv_2 rise edge)
                                                      1.172     1.172 r  
    AD12                                              0.000     1.172 r  sys_clk_p (IN)
                         net (fo=0)                   0.000     1.172    i_ddr/u_xlnx_mig_7_ddr3_mig/u_ddr3_clk_ibuf/sys_clk_p
    AD12                 IBUFDS (Prop_ibufds_I_O)     0.832     2.004 r  i_ddr/u_xlnx_mig_7_ddr3_mig/u_ddr3_clk_ibuf/diff_input_clk.u_ibufg_sys_clk/O
                         net (fo=3, routed)           1.098     3.102    i_ddr/u_xlnx_mig_7_ddr3_mig/u_ddr3_infrastructure/out
    PLLE2_ADV_X1Y1       PLLE2_ADV (Prop_plle2_adv_CLKIN1_CLKOUT0)
                                                      0.077     3.179 r  i_ddr/u_xlnx_mig_7_ddr3_mig/u_ddr3_infrastructure/plle2_i/CLKOUT0
                         net (fo=14, routed)          1.192     4.371    i_ddr/u_xlnx_mig_7_ddr3_mig/u_memc_ui_top_axi/mem_intfc0/ddr_phy_top0/u_ddr_mc_phy_wrapper/u_ddr_mc_phy/ddr_phy_4lanes_0.u_ddr_phy_4lanes/ddr_byte_lane_C.ddr_byte_lane_C/freq_refclk
    PHASER_IN_PHY_X1Y10  PHASER_IN_PHY (Prop_phaser_in_phy_FREQREFCLK_ICLK)
                                                      1.428     5.799 r  i_ddr/u_xlnx_mig_7_ddr3_mig/u_memc_ui_top_axi/mem_intfc0/ddr_phy_top0/u_ddr_mc_phy_wrapper/u_ddr_mc_phy/ddr_phy_4lanes_0.u_ddr_phy_4lanes/ddr_byte_lane_C.ddr_byte_lane_C/phaser_in_gen.phaser_in/ICLK
    PHASER_IN_PHY_X1Y10  PHASER_IN_PHY (Prop_phaser_in_phy_ICLK_ICLKDIV)
                                                      0.154     5.953 r  i_ddr/u_xlnx_mig_7_ddr3_mig/u_memc_ui_top_axi/mem_intfc0/ddr_phy_top0/u_ddr_mc_phy_wrapper/u_ddr_mc_phy/ddr_phy_4lanes_0.u_ddr_phy_4lanes/ddr_byte_lane_C.ddr_byte_lane_C/phaser_in_gen.phaser_in/ICLKDIV
                         net (fo=9, routed)           0.342     6.295    i_ddr/u_xlnx_mig_7_ddr3_mig/u_memc_ui_top_axi/mem_intfc0/ddr_phy_top0/u_ddr_mc_phy_wrapper/u_ddr_mc_phy/ddr_phy_4lanes_0.u_ddr_phy_4lanes/ddr_byte_lane_C.ddr_byte_lane_C/ddr_byte_group_io/iserdes_clkdiv
    ILOGIC_X1Y135        ISERDESE2                                    r  i_ddr/u_xlnx_mig_7_ddr3_mig/u_memc_ui_top_axi/mem_intfc0/ddr_phy_top0/u_ddr_mc_phy_wrapper/u_ddr_mc_phy/ddr_phy_4lanes_0.u_ddr_phy_4lanes/ddr_byte_lane_C.ddr_byte_lane_C/ddr_byte_group_io/input_[8].iserdes_dq_.iserdesdq/CLKDIVP
  -------------------------------------------------------------------    -------------------
    ILOGIC_X1Y135        ISERDESE2 (Prop_iserdese2_CLKDIVP_Q2)
                                                      0.326     6.621 r  i_ddr/u_xlnx_mig_7_ddr3_mig/u_memc_ui_top_axi/mem_intfc0/ddr_phy_top0/u_ddr_mc_phy_wrapper/u_ddr_mc_phy/ddr_phy_4lanes_0.u_ddr_phy_4lanes/ddr_byte_lane_C.ddr_byte_lane_C/ddr_byte_group_io/input_[8].iserdes_dq_.iserdesdq/Q2
                         net (fo=1, routed)           0.529     7.150    i_ddr/u_xlnx_mig_7_ddr3_mig/u_memc_ui_top_axi/mem_intfc0/ddr_phy_top0/u_ddr_mc_phy_wrapper/u_ddr_mc_phy/ddr_phy_4lanes_0.u_ddr_phy_4lanes/ddr_byte_lane_C.ddr_byte_lane_C/if_d8[2]
    IN_FIFO_X1Y10        IN_FIFO                                      r  i_ddr/u_xlnx_mig_7_ddr3_mig/u_memc_ui_top_axi/mem_intfc0/ddr_phy_top0/u_ddr_mc_phy_wrapper/u_ddr_mc_phy/ddr_phy_4lanes_0.u_ddr_phy_4lanes/ddr_byte_lane_C.ddr_byte_lane_C/in_fifo_gen.in_fifo/D8[2]
  -------------------------------------------------------------------    -------------------

                         (clock iserdes_clkdiv_2 rise edge)
                                                      3.672     3.672 r  
    AD12                                              0.000     3.672 r  sys_clk_p (IN)
                         net (fo=0)                   0.000     3.672    i_ddr/u_xlnx_mig_7_ddr3_mig/u_ddr3_clk_ibuf/sys_clk_p
    AD12                 IBUFDS (Prop_ibufds_I_O)     0.735     4.407 r  i_ddr/u_xlnx_mig_7_ddr3_mig/u_ddr3_clk_ibuf/diff_input_clk.u_ibufg_sys_clk/O
                         net (fo=3, routed)           1.001     5.408    i_ddr/u_xlnx_mig_7_ddr3_mig/u_ddr3_infrastructure/out
    PLLE2_ADV_X1Y1       PLLE2_ADV (Prop_plle2_adv_CLKIN1_CLKOUT0)
                                                      0.073     5.481 r  i_ddr/u_xlnx_mig_7_ddr3_mig/u_ddr3_infrastructure/plle2_i/CLKOUT0
                         net (fo=14, routed)          1.065     6.546    i_ddr/u_xlnx_mig_7_ddr3_mig/u_memc_ui_top_axi/mem_intfc0/ddr_phy_top0/u_ddr_mc_phy_wrapper/u_ddr_mc_phy/ddr_phy_4lanes_0.u_ddr_phy_4lanes/ddr_byte_lane_C.ddr_byte_lane_C/freq_refclk
    PHASER_IN_PHY_X1Y10  PHASER_IN_PHY (Prop_phaser_in_phy_FREQREFCLK_ICLK)
                                                      1.394     7.940 r  i_ddr/u_xlnx_mig_7_ddr3_mig/u_memc_ui_top_axi/mem_intfc0/ddr_phy_top0/u_ddr_mc_phy_wrapper/u_ddr_mc_phy/ddr_phy_4lanes_0.u_ddr_phy_4lanes/ddr_byte_lane_C.ddr_byte_lane_C/phaser_in_gen.phaser_in/ICLK
    PHASER_IN_PHY_X1Y10  PHASER_IN_PHY (Prop_phaser_in_phy_ICLK_ICLKDIV)
                                                      0.145     8.085 r  i_ddr/u_xlnx_mig_7_ddr3_mig/u_memc_ui_top_axi/mem_intfc0/ddr_phy_top0/u_ddr_mc_phy_wrapper/u_ddr_mc_phy/ddr_phy_4lanes_0.u_ddr_phy_4lanes/ddr_byte_lane_C.ddr_byte_lane_C/phaser_in_gen.phaser_in/ICLKDIV
                         net (fo=9, routed)           0.000     8.085    i_ddr/u_xlnx_mig_7_ddr3_mig/u_memc_ui_top_axi/mem_intfc0/ddr_phy_top0/u_ddr_mc_phy_wrapper/u_ddr_mc_phy/ddr_phy_4lanes_0.u_ddr_phy_4lanes/ddr_byte_lane_C.ddr_byte_lane_C/iserdes_clkdiv
    IN_FIFO_X1Y10        IN_FIFO                                      r  i_ddr/u_xlnx_mig_7_ddr3_mig/u_memc_ui_top_axi/mem_intfc0/ddr_phy_top0/u_ddr_mc_phy_wrapper/u_ddr_mc_phy/ddr_phy_4lanes_0.u_ddr_phy_4lanes/ddr_byte_lane_C.ddr_byte_lane_C/in_fifo_gen.in_fifo/WRCLK
                         clock pessimism              0.367     8.453    
                         clock uncertainty           -0.047     8.406    
    IN_FIFO_X1Y10        IN_FIFO (Setup_in_fifo_WRCLK_D8[2])
                                                     -0.405     8.001    i_ddr/u_xlnx_mig_7_ddr3_mig/u_memc_ui_top_axi/mem_intfc0/ddr_phy_top0/u_ddr_mc_phy_wrapper/u_ddr_mc_phy/ddr_phy_4lanes_0.u_ddr_phy_4lanes/ddr_byte_lane_C.ddr_byte_lane_C/in_fifo_gen.in_fifo
  -------------------------------------------------------------------
                         required time                          8.001    
                         arrival time                          -7.150    
  -------------------------------------------------------------------
                         slack                                  0.851    

Slack (MET) :             0.893ns  (required time - arrival time)
  Source:                 i_ariane_peripherals/gen_ethernet.eth_rgmii/RAMB16_inst_tx/genblk1[1].RAMB16_S9_S36_inst/CLKARDCLK
                            (falling edge-triggered cell RAMB36E1 clocked by clk_out2_xlnx_clk_gen  {rise@0.000ns fall@4.000ns period=8.000ns})
  Destination:            i_ariane_peripherals/gen_ethernet.eth_rgmii/rgmii_soc1/core_inst/eth_mac_inst/eth_mac_1g_rgmii_inst/eth_mac_1g_inst/axis_gmii_tx_inst/s_tdata_reg_reg[2]/D
                            (rising edge-triggered cell FDRE clocked by clk_out2_xlnx_clk_gen  {rise@0.000ns fall@4.000ns period=8.000ns})
  Path Group:             clk_out2_xlnx_clk_gen
  Path Type:              Setup (Max at Slow Process Corner)
  Requirement:            4.000ns  (clk_out2_xlnx_clk_gen rise@8.000ns - clk_out2_xlnx_clk_gen fall@4.000ns)
  Data Path Delay:        3.058ns  (logic 1.843ns (60.272%)  route 1.215ns (39.728%))
  Logic Levels:           1  (LUT3=1)
  Clock Path Skew:        -0.019ns (DCD - SCD + CPR)
    Destination Clock Delay (DCD):    1.731ns = ( 9.731 - 8.000 ) 
    Source Clock Delay      (SCD):    1.842ns = ( 5.842 - 4.000 ) 
    Clock Pessimism Removal (CPR):    0.092ns
  Clock Uncertainty:      0.065ns  ((TSJ^2 + DJ^2)^1/2) / 2 + PE
    Total System Jitter     (TSJ):    0.071ns
    Discrete Jitter          (DJ):    0.109ns
    Phase Error              (PE):    0.000ns

    Location             Delay type                Incr(ns)  Path(ns)    Netlist Resource(s)
  -------------------------------------------------------------------    -------------------
                         (clock clk_out2_xlnx_clk_gen fall edge)
                                                      4.000     4.000 f  
    BUFGCTRL_X0Y1        BUFG                         0.000     4.000 f  i_ddr/u_xlnx_mig_7_ddr3_mig/u_ddr3_infrastructure/u_bufg_clkdiv0/O
                         net (fo=11414, routed)       1.936     5.936    i_xlnx_clk_gen/inst/clk_in1
    MMCME2_ADV_X1Y0      MMCME2_ADV (Prop_mmcme2_adv_CLKIN1_CLKOUT1)
                                                     -4.498     1.438 f  i_xlnx_clk_gen/inst/mmcm_adv_inst/CLKOUT1
                         net (fo=1, routed)           2.469     3.907    i_xlnx_clk_gen/inst/clk_out2_xlnx_clk_gen
    BUFGCTRL_X0Y2        BUFG (Prop_bufg_I_O)         0.093     4.000 f  i_xlnx_clk_gen/inst/clkout2_buf/O
                         net (fo=169, routed)         1.842     5.842    i_ariane_peripherals/gen_ethernet.eth_rgmii/RAMB16_inst_tx/clka
    RAMB36_X4Y9          RAMB36E1                                     r  i_ariane_peripherals/gen_ethernet.eth_rgmii/RAMB16_inst_tx/genblk1[1].RAMB16_S9_S36_inst/CLKARDCLK  (IS_INVERTED)
  -------------------------------------------------------------------    -------------------
    RAMB36_X4Y9          RAMB36E1 (Prop_ramb36e1_CLKARDCLK_DOADO[2])
                                                      1.800     7.642 r  i_ariane_peripherals/gen_ethernet.eth_rgmii/RAMB16_inst_tx/genblk1[1].RAMB16_S9_S36_inst/DOADO[2]
                         net (fo=1, routed)           1.215     8.856    i_ariane_peripherals/gen_ethernet.eth_rgmii/RAMB16_inst_tx/douta[10]
    SLICE_X146Y47        LUT3 (Prop_lut3_I0_O)        0.043     8.899 r  i_ariane_peripherals/gen_ethernet.eth_rgmii/RAMB16_inst_tx/s_tdata_reg[2]_i_1/O
                         net (fo=1, routed)           0.000     8.899    i_ariane_peripherals/gen_ethernet.eth_rgmii/rgmii_soc1/core_inst/eth_mac_inst/eth_mac_1g_rgmii_inst/eth_mac_1g_inst/axis_gmii_tx_inst/s_tdata_reg_reg[2]_0
    SLICE_X146Y47        FDRE                                         r  i_ariane_peripherals/gen_ethernet.eth_rgmii/rgmii_soc1/core_inst/eth_mac_inst/eth_mac_1g_rgmii_inst/eth_mac_1g_inst/axis_gmii_tx_inst/s_tdata_reg_reg[2]/D
  -------------------------------------------------------------------    -------------------

                         (clock clk_out2_xlnx_clk_gen rise edge)
                                                      8.000     8.000 r  
    BUFGCTRL_X0Y1        BUFG                         0.000     8.000 r  i_ddr/u_xlnx_mig_7_ddr3_mig/u_ddr3_infrastructure/u_bufg_clkdiv0/O
                         net (fo=11414, routed)       1.776     9.776    i_xlnx_clk_gen/inst/clk_in1
    MMCME2_ADV_X1Y0      MMCME2_ADV (Prop_mmcme2_adv_CLKIN1_CLKOUT1)
                                                     -4.195     5.581 r  i_xlnx_clk_gen/inst/mmcm_adv_inst/CLKOUT1
                         net (fo=1, routed)           2.336     7.917    i_xlnx_clk_gen/inst/clk_out2_xlnx_clk_gen
    BUFGCTRL_X0Y2        BUFG (Prop_bufg_I_O)         0.083     8.000 r  i_xlnx_clk_gen/inst/clkout2_buf/O
                         net (fo=169, routed)         1.731     9.731    i_ariane_peripherals/gen_ethernet.eth_rgmii/rgmii_soc1/core_inst/eth_mac_inst/eth_mac_1g_rgmii_inst/eth_mac_1g_inst/axis_gmii_tx_inst/clk_out2
    SLICE_X146Y47        FDRE                                         r  i_ariane_peripherals/gen_ethernet.eth_rgmii/rgmii_soc1/core_inst/eth_mac_inst/eth_mac_1g_rgmii_inst/eth_mac_1g_inst/axis_gmii_tx_inst/s_tdata_reg_reg[2]/C
                         clock pessimism              0.092     9.823    
                         clock uncertainty           -0.065     9.758    
    SLICE_X146Y47        FDRE (Setup_fdre_C_D)        0.034     9.792    i_ariane_peripherals/gen_ethernet.eth_rgmii/rgmii_soc1/core_inst/eth_mac_inst/eth_mac_1g_rgmii_inst/eth_mac_1g_inst/axis_gmii_tx_inst/s_tdata_reg_reg[2]
  -------------------------------------------------------------------
                         required time                          9.792    
                         arrival time                          -8.899    
  -------------------------------------------------------------------
                         slack                                  0.893    

Slack (MET) :             0.900ns  (required time - arrival time)
  Source:                 i_ddr/u_xlnx_mig_7_ddr3_mig/u_memc_ui_top_axi/mem_intfc0/ddr_phy_top0/u_ddr_mc_phy_wrapper/u_ddr_mc_phy/ddr_phy_4lanes_0.u_ddr_phy_4lanes/ddr_byte_lane_D.ddr_byte_lane_D/ddr_byte_group_io/input_[1].iserdes_dq_.iserdesdq/CLKDIVP
                            (rising edge-triggered cell ISERDESE2 clocked by iserdes_clkdiv_3  {rise@1.172ns fall@2.422ns period=2.500ns})
  Destination:            i_ddr/u_xlnx_mig_7_ddr3_mig/u_memc_ui_top_axi/mem_intfc0/ddr_phy_top0/u_ddr_mc_phy_wrapper/u_ddr_mc_phy/ddr_phy_4lanes_0.u_ddr_phy_4lanes/ddr_byte_lane_D.ddr_byte_lane_D/in_fifo_gen.in_fifo/D1[2]
                            (rising edge-triggered cell IN_FIFO clocked by iserdes_clkdiv_3  {rise@1.172ns fall@2.422ns period=2.500ns})
  Path Group:             iserdes_clkdiv_3
  Path Type:              Setup (Max at Slow Process Corner)
  Requirement:            2.500ns  (iserdes_clkdiv_3 rise@3.672ns - iserdes_clkdiv_3 rise@1.172ns)
  Data Path Delay:        0.732ns  (logic 0.326ns (44.542%)  route 0.406ns (55.458%))
  Logic Levels:           0  
  Clock Path Skew:        -0.352ns (DCD - SCD + CPR)
    Destination Clock Delay (DCD):    4.405ns = ( 8.077 - 3.672 ) 
    Source Clock Delay      (SCD):    5.125ns = ( 6.297 - 1.172 ) 
    Clock Pessimism Removal (CPR):    0.367ns
  Clock Uncertainty:      0.047ns  ((TSJ^2 + DJ^2)^1/2) / 2 + PE
    Total System Jitter     (TSJ):    0.071ns
    Discrete Jitter          (DJ):    0.061ns
    Phase Error              (PE):    0.000ns

    Location             Delay type                Incr(ns)  Path(ns)    Netlist Resource(s)
  -------------------------------------------------------------------    -------------------
                         (clock iserdes_clkdiv_3 rise edge)
                                                      1.172     1.172 r  
    AD12                                              0.000     1.172 r  sys_clk_p (IN)
                         net (fo=0)                   0.000     1.172    i_ddr/u_xlnx_mig_7_ddr3_mig/u_ddr3_clk_ibuf/sys_clk_p
    AD12                 IBUFDS (Prop_ibufds_I_O)     0.832     2.004 r  i_ddr/u_xlnx_mig_7_ddr3_mig/u_ddr3_clk_ibuf/diff_input_clk.u_ibufg_sys_clk/O
                         net (fo=3, routed)           1.098     3.102    i_ddr/u_xlnx_mig_7_ddr3_mig/u_ddr3_infrastructure/out
    PLLE2_ADV_X1Y1       PLLE2_ADV (Prop_plle2_adv_CLKIN1_CLKOUT0)
                                                      0.077     3.179 r  i_ddr/u_xlnx_mig_7_ddr3_mig/u_ddr3_infrastructure/plle2_i/CLKOUT0
                         net (fo=14, routed)          1.184     4.363    i_ddr/u_xlnx_mig_7_ddr3_mig/u_memc_ui_top_axi/mem_intfc0/ddr_phy_top0/u_ddr_mc_phy_wrapper/u_ddr_mc_phy/ddr_phy_4lanes_0.u_ddr_phy_4lanes/ddr_byte_lane_D.ddr_byte_lane_D/freq_refclk
    PHASER_IN_PHY_X1Y11  PHASER_IN_PHY (Prop_phaser_in_phy_FREQREFCLK_ICLK)
                                                      1.428     5.791 r  i_ddr/u_xlnx_mig_7_ddr3_mig/u_memc_ui_top_axi/mem_intfc0/ddr_phy_top0/u_ddr_mc_phy_wrapper/u_ddr_mc_phy/ddr_phy_4lanes_0.u_ddr_phy_4lanes/ddr_byte_lane_D.ddr_byte_lane_D/phaser_in_gen.phaser_in/ICLK
    PHASER_IN_PHY_X1Y11  PHASER_IN_PHY (Prop_phaser_in_phy_ICLK_ICLKDIV)
                                                      0.154     5.945 r  i_ddr/u_xlnx_mig_7_ddr3_mig/u_memc_ui_top_axi/mem_intfc0/ddr_phy_top0/u_ddr_mc_phy_wrapper/u_ddr_mc_phy/ddr_phy_4lanes_0.u_ddr_phy_4lanes/ddr_byte_lane_D.ddr_byte_lane_D/phaser_in_gen.phaser_in/ICLKDIV
                         net (fo=9, routed)           0.352     6.297    i_ddr/u_xlnx_mig_7_ddr3_mig/u_memc_ui_top_axi/mem_intfc0/ddr_phy_top0/u_ddr_mc_phy_wrapper/u_ddr_mc_phy/ddr_phy_4lanes_0.u_ddr_phy_4lanes/ddr_byte_lane_D.ddr_byte_lane_D/ddr_byte_group_io/iserdes_clkdiv
    ILOGIC_X1Y138        ISERDESE2                                    r  i_ddr/u_xlnx_mig_7_ddr3_mig/u_memc_ui_top_axi/mem_intfc0/ddr_phy_top0/u_ddr_mc_phy_wrapper/u_ddr_mc_phy/ddr_phy_4lanes_0.u_ddr_phy_4lanes/ddr_byte_lane_D.ddr_byte_lane_D/ddr_byte_group_io/input_[1].iserdes_dq_.iserdesdq/CLKDIVP
  -------------------------------------------------------------------    -------------------
    ILOGIC_X1Y138        ISERDESE2 (Prop_iserdese2_CLKDIVP_Q2)
                                                      0.326     6.623 r  i_ddr/u_xlnx_mig_7_ddr3_mig/u_memc_ui_top_axi/mem_intfc0/ddr_phy_top0/u_ddr_mc_phy_wrapper/u_ddr_mc_phy/ddr_phy_4lanes_0.u_ddr_phy_4lanes/ddr_byte_lane_D.ddr_byte_lane_D/ddr_byte_group_io/input_[1].iserdes_dq_.iserdesdq/Q2
                         net (fo=1, routed)           0.406     7.028    i_ddr/u_xlnx_mig_7_ddr3_mig/u_memc_ui_top_axi/mem_intfc0/ddr_phy_top0/u_ddr_mc_phy_wrapper/u_ddr_mc_phy/ddr_phy_4lanes_0.u_ddr_phy_4lanes/ddr_byte_lane_D.ddr_byte_lane_D/if_d1[2]
    IN_FIFO_X1Y11        IN_FIFO                                      r  i_ddr/u_xlnx_mig_7_ddr3_mig/u_memc_ui_top_axi/mem_intfc0/ddr_phy_top0/u_ddr_mc_phy_wrapper/u_ddr_mc_phy/ddr_phy_4lanes_0.u_ddr_phy_4lanes/ddr_byte_lane_D.ddr_byte_lane_D/in_fifo_gen.in_fifo/D1[2]
  -------------------------------------------------------------------    -------------------

                         (clock iserdes_clkdiv_3 rise edge)
                                                      3.672     3.672 r  
    AD12                                              0.000     3.672 r  sys_clk_p (IN)
                         net (fo=0)                   0.000     3.672    i_ddr/u_xlnx_mig_7_ddr3_mig/u_ddr3_clk_ibuf/sys_clk_p
    AD12                 IBUFDS (Prop_ibufds_I_O)     0.735     4.407 r  i_ddr/u_xlnx_mig_7_ddr3_mig/u_ddr3_clk_ibuf/diff_input_clk.u_ibufg_sys_clk/O
                         net (fo=3, routed)           1.001     5.408    i_ddr/u_xlnx_mig_7_ddr3_mig/u_ddr3_infrastructure/out
    PLLE2_ADV_X1Y1       PLLE2_ADV (Prop_plle2_adv_CLKIN1_CLKOUT0)
                                                      0.073     5.481 r  i_ddr/u_xlnx_mig_7_ddr3_mig/u_ddr3_infrastructure/plle2_i/CLKOUT0
                         net (fo=14, routed)          1.057     6.538    i_ddr/u_xlnx_mig_7_ddr3_mig/u_memc_ui_top_axi/mem_intfc0/ddr_phy_top0/u_ddr_mc_phy_wrapper/u_ddr_mc_phy/ddr_phy_4lanes_0.u_ddr_phy_4lanes/ddr_byte_lane_D.ddr_byte_lane_D/freq_refclk
    PHASER_IN_PHY_X1Y11  PHASER_IN_PHY (Prop_phaser_in_phy_FREQREFCLK_ICLK)
                                                      1.394     7.932 r  i_ddr/u_xlnx_mig_7_ddr3_mig/u_memc_ui_top_axi/mem_intfc0/ddr_phy_top0/u_ddr_mc_phy_wrapper/u_ddr_mc_phy/ddr_phy_4lanes_0.u_ddr_phy_4lanes/ddr_byte_lane_D.ddr_byte_lane_D/phaser_in_gen.phaser_in/ICLK
    PHASER_IN_PHY_X1Y11  PHASER_IN_PHY (Prop_phaser_in_phy_ICLK_ICLKDIV)
                                                      0.145     8.077 r  i_ddr/u_xlnx_mig_7_ddr3_mig/u_memc_ui_top_axi/mem_intfc0/ddr_phy_top0/u_ddr_mc_phy_wrapper/u_ddr_mc_phy/ddr_phy_4lanes_0.u_ddr_phy_4lanes/ddr_byte_lane_D.ddr_byte_lane_D/phaser_in_gen.phaser_in/ICLKDIV
                         net (fo=9, routed)           0.000     8.077    i_ddr/u_xlnx_mig_7_ddr3_mig/u_memc_ui_top_axi/mem_intfc0/ddr_phy_top0/u_ddr_mc_phy_wrapper/u_ddr_mc_phy/ddr_phy_4lanes_0.u_ddr_phy_4lanes/ddr_byte_lane_D.ddr_byte_lane_D/iserdes_clkdiv
    IN_FIFO_X1Y11        IN_FIFO                                      r  i_ddr/u_xlnx_mig_7_ddr3_mig/u_memc_ui_top_axi/mem_intfc0/ddr_phy_top0/u_ddr_mc_phy_wrapper/u_ddr_mc_phy/ddr_phy_4lanes_0.u_ddr_phy_4lanes/ddr_byte_lane_D.ddr_byte_lane_D/in_fifo_gen.in_fifo/WRCLK
                         clock pessimism              0.367     8.445    
                         clock uncertainty           -0.047     8.398    
    IN_FIFO_X1Y11        IN_FIFO (Setup_in_fifo_WRCLK_D1[2])
                                                     -0.469     7.929    i_ddr/u_xlnx_mig_7_ddr3_mig/u_memc_ui_top_axi/mem_intfc0/ddr_phy_top0/u_ddr_mc_phy_wrapper/u_ddr_mc_phy/ddr_phy_4lanes_0.u_ddr_phy_4lanes/ddr_byte_lane_D.ddr_byte_lane_D/in_fifo_gen.in_fifo
  -------------------------------------------------------------------
                         required time                          7.929    
                         arrival time                          -7.028    
  -------------------------------------------------------------------
                         slack                                  0.900    

Slack (MET) :             0.967ns  (required time - arrival time)
  Source:                 i_ddr/u_xlnx_mig_7_ddr3_mig/u_memc_ui_top_axi/mem_intfc0/ddr_phy_top0/u_ddr_mc_phy_wrapper/u_ddr_mc_phy/ddr_phy_4lanes_0.u_ddr_phy_4lanes/ddr_byte_lane_A.ddr_byte_lane_A/ddr_byte_group_io/input_[7].iserdes_dq_.iserdesdq/CLKDIVP
                            (rising edge-triggered cell ISERDESE2 clocked by iserdes_clkdiv  {rise@1.172ns fall@2.422ns period=2.500ns})
  Destination:            i_ddr/u_xlnx_mig_7_ddr3_mig/u_memc_ui_top_axi/mem_intfc0/ddr_phy_top0/u_ddr_mc_phy_wrapper/u_ddr_mc_phy/ddr_phy_4lanes_0.u_ddr_phy_4lanes/ddr_byte_lane_A.ddr_byte_lane_A/in_fifo_gen.in_fifo/D7[2]
                            (rising edge-triggered cell IN_FIFO clocked by iserdes_clkdiv  {rise@1.172ns fall@2.422ns period=2.500ns})
  Path Group:             iserdes_clkdiv
  Path Type:              Setup (Max at Slow Process Corner)
  Requirement:            2.500ns  (iserdes_clkdiv rise@3.672ns - iserdes_clkdiv rise@1.172ns)
  Data Path Delay:        0.732ns  (logic 0.326ns (44.542%)  route 0.406ns (55.458%))
  Logic Levels:           0  
  Clock Path Skew:        -0.361ns (DCD - SCD + CPR)
    Destination Clock Delay (DCD):    4.424ns = ( 8.096 - 3.672 ) 
    Source Clock Delay      (SCD):    5.155ns = ( 6.327 - 1.172 ) 
    Clock Pessimism Removal (CPR):    0.369ns
  Clock Uncertainty:      0.047ns  ((TSJ^2 + DJ^2)^1/2) / 2 + PE
    Total System Jitter     (TSJ):    0.071ns
    Discrete Jitter          (DJ):    0.061ns
    Phase Error              (PE):    0.000ns

    Location             Delay type                Incr(ns)  Path(ns)    Netlist Resource(s)
  -------------------------------------------------------------------    -------------------
                         (clock iserdes_clkdiv rise edge)
                                                      1.172     1.172 r  
    AD12                                              0.000     1.172 r  sys_clk_p (IN)
                         net (fo=0)                   0.000     1.172    i_ddr/u_xlnx_mig_7_ddr3_mig/u_ddr3_clk_ibuf/sys_clk_p
    AD12                 IBUFDS (Prop_ibufds_I_O)     0.832     2.004 r  i_ddr/u_xlnx_mig_7_ddr3_mig/u_ddr3_clk_ibuf/diff_input_clk.u_ibufg_sys_clk/O
                         net (fo=3, routed)           1.098     3.102    i_ddr/u_xlnx_mig_7_ddr3_mig/u_ddr3_infrastructure/out
    PLLE2_ADV_X1Y1       PLLE2_ADV (Prop_plle2_adv_CLKIN1_CLKOUT0)
                                                      0.077     3.179 r  i_ddr/u_xlnx_mig_7_ddr3_mig/u_ddr3_infrastructure/plle2_i/CLKOUT0
                         net (fo=14, routed)          1.205     4.384    i_ddr/u_xlnx_mig_7_ddr3_mig/u_memc_ui_top_axi/mem_intfc0/ddr_phy_top0/u_ddr_mc_phy_wrapper/u_ddr_mc_phy/ddr_phy_4lanes_0.u_ddr_phy_4lanes/ddr_byte_lane_A.ddr_byte_lane_A/freq_refclk
    PHASER_IN_PHY_X1Y8   PHASER_IN_PHY (Prop_phaser_in_phy_FREQREFCLK_ICLK)
                                                      1.428     5.812 r  i_ddr/u_xlnx_mig_7_ddr3_mig/u_memc_ui_top_axi/mem_intfc0/ddr_phy_top0/u_ddr_mc_phy_wrapper/u_ddr_mc_phy/ddr_phy_4lanes_0.u_ddr_phy_4lanes/ddr_byte_lane_A.ddr_byte_lane_A/phaser_in_gen.phaser_in/ICLK
    PHASER_IN_PHY_X1Y8   PHASER_IN_PHY (Prop_phaser_in_phy_ICLK_ICLKDIV)
                                                      0.154     5.966 r  i_ddr/u_xlnx_mig_7_ddr3_mig/u_memc_ui_top_axi/mem_intfc0/ddr_phy_top0/u_ddr_mc_phy_wrapper/u_ddr_mc_phy/ddr_phy_4lanes_0.u_ddr_phy_4lanes/ddr_byte_lane_A.ddr_byte_lane_A/phaser_in_gen.phaser_in/ICLKDIV
                         net (fo=9, routed)           0.361     6.327    i_ddr/u_xlnx_mig_7_ddr3_mig/u_memc_ui_top_axi/mem_intfc0/ddr_phy_top0/u_ddr_mc_phy_wrapper/u_ddr_mc_phy/ddr_phy_4lanes_0.u_ddr_phy_4lanes/ddr_byte_lane_A.ddr_byte_lane_A/ddr_byte_group_io/iserdes_clkdiv
    ILOGIC_X1Y110        ISERDESE2                                    r  i_ddr/u_xlnx_mig_7_ddr3_mig/u_memc_ui_top_axi/mem_intfc0/ddr_phy_top0/u_ddr_mc_phy_wrapper/u_ddr_mc_phy/ddr_phy_4lanes_0.u_ddr_phy_4lanes/ddr_byte_lane_A.ddr_byte_lane_A/ddr_byte_group_io/input_[7].iserdes_dq_.iserdesdq/CLKDIVP
  -------------------------------------------------------------------    -------------------
    ILOGIC_X1Y110        ISERDESE2 (Prop_iserdese2_CLKDIVP_Q2)
                                                      0.326     6.653 r  i_ddr/u_xlnx_mig_7_ddr3_mig/u_memc_ui_top_axi/mem_intfc0/ddr_phy_top0/u_ddr_mc_phy_wrapper/u_ddr_mc_phy/ddr_phy_4lanes_0.u_ddr_phy_4lanes/ddr_byte_lane_A.ddr_byte_lane_A/ddr_byte_group_io/input_[7].iserdes_dq_.iserdesdq/Q2
                         net (fo=1, routed)           0.406     7.058    i_ddr/u_xlnx_mig_7_ddr3_mig/u_memc_ui_top_axi/mem_intfc0/ddr_phy_top0/u_ddr_mc_phy_wrapper/u_ddr_mc_phy/ddr_phy_4lanes_0.u_ddr_phy_4lanes/ddr_byte_lane_A.ddr_byte_lane_A/if_d7[2]
    IN_FIFO_X1Y8         IN_FIFO                                      r  i_ddr/u_xlnx_mig_7_ddr3_mig/u_memc_ui_top_axi/mem_intfc0/ddr_phy_top0/u_ddr_mc_phy_wrapper/u_ddr_mc_phy/ddr_phy_4lanes_0.u_ddr_phy_4lanes/ddr_byte_lane_A.ddr_byte_lane_A/in_fifo_gen.in_fifo/D7[2]
  -------------------------------------------------------------------    -------------------

                         (clock iserdes_clkdiv rise edge)
                                                      3.672     3.672 r  
    AD12                                              0.000     3.672 r  sys_clk_p (IN)
                         net (fo=0)                   0.000     3.672    i_ddr/u_xlnx_mig_7_ddr3_mig/u_ddr3_clk_ibuf/sys_clk_p
    AD12                 IBUFDS (Prop_ibufds_I_O)     0.735     4.407 r  i_ddr/u_xlnx_mig_7_ddr3_mig/u_ddr3_clk_ibuf/diff_input_clk.u_ibufg_sys_clk/O
                         net (fo=3, routed)           1.001     5.408    i_ddr/u_xlnx_mig_7_ddr3_mig/u_ddr3_infrastructure/out
    PLLE2_ADV_X1Y1       PLLE2_ADV (Prop_plle2_adv_CLKIN1_CLKOUT0)
                                                      0.073     5.481 r  i_ddr/u_xlnx_mig_7_ddr3_mig/u_ddr3_infrastructure/plle2_i/CLKOUT0
                         net (fo=14, routed)          1.076     6.557    i_ddr/u_xlnx_mig_7_ddr3_mig/u_memc_ui_top_axi/mem_intfc0/ddr_phy_top0/u_ddr_mc_phy_wrapper/u_ddr_mc_phy/ddr_phy_4lanes_0.u_ddr_phy_4lanes/ddr_byte_lane_A.ddr_byte_lane_A/freq_refclk
    PHASER_IN_PHY_X1Y8   PHASER_IN_PHY (Prop_phaser_in_phy_FREQREFCLK_ICLK)
                                                      1.394     7.951 r  i_ddr/u_xlnx_mig_7_ddr3_mig/u_memc_ui_top_axi/mem_intfc0/ddr_phy_top0/u_ddr_mc_phy_wrapper/u_ddr_mc_phy/ddr_phy_4lanes_0.u_ddr_phy_4lanes/ddr_byte_lane_A.ddr_byte_lane_A/phaser_in_gen.phaser_in/ICLK
    PHASER_IN_PHY_X1Y8   PHASER_IN_PHY (Prop_phaser_in_phy_ICLK_ICLKDIV)
                                                      0.145     8.096 r  i_ddr/u_xlnx_mig_7_ddr3_mig/u_memc_ui_top_axi/mem_intfc0/ddr_phy_top0/u_ddr_mc_phy_wrapper/u_ddr_mc_phy/ddr_phy_4lanes_0.u_ddr_phy_4lanes/ddr_byte_lane_A.ddr_byte_lane_A/phaser_in_gen.phaser_in/ICLKDIV
                         net (fo=9, routed)           0.000     8.096    i_ddr/u_xlnx_mig_7_ddr3_mig/u_memc_ui_top_axi/mem_intfc0/ddr_phy_top0/u_ddr_mc_phy_wrapper/u_ddr_mc_phy/ddr_phy_4lanes_0.u_ddr_phy_4lanes/ddr_byte_lane_A.ddr_byte_lane_A/iserdes_clkdiv
    IN_FIFO_X1Y8         IN_FIFO                                      r  i_ddr/u_xlnx_mig_7_ddr3_mig/u_memc_ui_top_axi/mem_intfc0/ddr_phy_top0/u_ddr_mc_phy_wrapper/u_ddr_mc_phy/ddr_phy_4lanes_0.u_ddr_phy_4lanes/ddr_byte_lane_A.ddr_byte_lane_A/in_fifo_gen.in_fifo/WRCLK
                         clock pessimism              0.369     8.466    
                         clock uncertainty           -0.047     8.419    
    IN_FIFO_X1Y8         IN_FIFO (Setup_in_fifo_WRCLK_D7[2])
                                                     -0.393     8.026    i_ddr/u_xlnx_mig_7_ddr3_mig/u_memc_ui_top_axi/mem_intfc0/ddr_phy_top0/u_ddr_mc_phy_wrapper/u_ddr_mc_phy/ddr_phy_4lanes_0.u_ddr_phy_4lanes/ddr_byte_lane_A.ddr_byte_lane_A/in_fifo_gen.in_fifo
  -------------------------------------------------------------------
                         required time                          8.026    
                         arrival time                          -7.058    
  -------------------------------------------------------------------
                         slack                                  0.967    

Slack (MET) :             0.977ns  (required time - arrival time)
  Source:                 i_ddr/u_xlnx_mig_7_ddr3_mig/u_memc_ui_top_axi/mem_intfc0/ddr_phy_top0/u_ddr_mc_phy_wrapper/u_ddr_mc_phy/ddr_phy_4lanes_0.u_ddr_phy_4lanes/ddr_byte_lane_B.ddr_byte_lane_B/ddr_byte_group_io/input_[5].iserdes_dq_.iserdesdq/CLKDIVP
                            (rising edge-triggered cell ISERDESE2 clocked by iserdes_clkdiv_1  {rise@1.172ns fall@2.422ns period=2.500ns})
  Destination:            i_ddr/u_xlnx_mig_7_ddr3_mig/u_memc_ui_top_axi/mem_intfc0/ddr_phy_top0/u_ddr_mc_phy_wrapper/u_ddr_mc_phy/ddr_phy_4lanes_0.u_ddr_phy_4lanes/ddr_byte_lane_B.ddr_byte_lane_B/in_fifo_gen.in_fifo/D5[0]
                            (rising edge-triggered cell IN_FIFO clocked by iserdes_clkdiv_1  {rise@1.172ns fall@2.422ns period=2.500ns})
  Path Group:             iserdes_clkdiv_1
  Path Type:              Setup (Max at Slow Process Corner)
  Requirement:            2.500ns  (iserdes_clkdiv_1 rise@3.672ns - iserdes_clkdiv_1 rise@1.172ns)
  Data Path Delay:        0.751ns  (logic 0.326ns (43.386%)  route 0.425ns (56.614%))
  Logic Levels:           0  
  Clock Path Skew:        -0.342ns (DCD - SCD + CPR)
    Destination Clock Delay (DCD):    4.423ns = ( 8.095 - 3.672 ) 
    Source Clock Delay      (SCD):    5.135ns = ( 6.307 - 1.172 ) 
    Clock Pessimism Removal (CPR):    0.369ns
  Clock Uncertainty:      0.047ns  ((TSJ^2 + DJ^2)^1/2) / 2 + PE
    Total System Jitter     (TSJ):    0.071ns
    Discrete Jitter          (DJ):    0.061ns
    Phase Error              (PE):    0.000ns

    Location             Delay type                Incr(ns)  Path(ns)    Netlist Resource(s)
  -------------------------------------------------------------------    -------------------
                         (clock iserdes_clkdiv_1 rise edge)
                                                      1.172     1.172 r  
    AD12                                              0.000     1.172 r  sys_clk_p (IN)
                         net (fo=0)                   0.000     1.172    i_ddr/u_xlnx_mig_7_ddr3_mig/u_ddr3_clk_ibuf/sys_clk_p
    AD12                 IBUFDS (Prop_ibufds_I_O)     0.832     2.004 r  i_ddr/u_xlnx_mig_7_ddr3_mig/u_ddr3_clk_ibuf/diff_input_clk.u_ibufg_sys_clk/O
                         net (fo=3, routed)           1.098     3.102    i_ddr/u_xlnx_mig_7_ddr3_mig/u_ddr3_infrastructure/out
    PLLE2_ADV_X1Y1       PLLE2_ADV (Prop_plle2_adv_CLKIN1_CLKOUT0)
                                                      0.077     3.179 r  i_ddr/u_xlnx_mig_7_ddr3_mig/u_ddr3_infrastructure/plle2_i/CLKOUT0
                         net (fo=14, routed)          1.204     4.383    i_ddr/u_xlnx_mig_7_ddr3_mig/u_memc_ui_top_axi/mem_intfc0/ddr_phy_top0/u_ddr_mc_phy_wrapper/u_ddr_mc_phy/ddr_phy_4lanes_0.u_ddr_phy_4lanes/ddr_byte_lane_B.ddr_byte_lane_B/freq_refclk
    PHASER_IN_PHY_X1Y9   PHASER_IN_PHY (Prop_phaser_in_phy_FREQREFCLK_ICLK)
                                                      1.428     5.811 r  i_ddr/u_xlnx_mig_7_ddr3_mig/u_memc_ui_top_axi/mem_intfc0/ddr_phy_top0/u_ddr_mc_phy_wrapper/u_ddr_mc_phy/ddr_phy_4lanes_0.u_ddr_phy_4lanes/ddr_byte_lane_B.ddr_byte_lane_B/phaser_in_gen.phaser_in/ICLK
    PHASER_IN_PHY_X1Y9   PHASER_IN_PHY (Prop_phaser_in_phy_ICLK_ICLKDIV)
                                                      0.154     5.965 r  i_ddr/u_xlnx_mig_7_ddr3_mig/u_memc_ui_top_axi/mem_intfc0/ddr_phy_top0/u_ddr_mc_phy_wrapper/u_ddr_mc_phy/ddr_phy_4lanes_0.u_ddr_phy_4lanes/ddr_byte_lane_B.ddr_byte_lane_B/phaser_in_gen.phaser_in/ICLKDIV
                         net (fo=9, routed)           0.342     6.307    i_ddr/u_xlnx_mig_7_ddr3_mig/u_memc_ui_top_axi/mem_intfc0/ddr_phy_top0/u_ddr_mc_phy_wrapper/u_ddr_mc_phy/ddr_phy_4lanes_0.u_ddr_phy_4lanes/ddr_byte_lane_B.ddr_byte_lane_B/ddr_byte_group_io/iserdes_clkdiv
    ILOGIC_X1Y118        ISERDESE2                                    r  i_ddr/u_xlnx_mig_7_ddr3_mig/u_memc_ui_top_axi/mem_intfc0/ddr_phy_top0/u_ddr_mc_phy_wrapper/u_ddr_mc_phy/ddr_phy_4lanes_0.u_ddr_phy_4lanes/ddr_byte_lane_B.ddr_byte_lane_B/ddr_byte_group_io/input_[5].iserdes_dq_.iserdesdq/CLKDIVP
  -------------------------------------------------------------------    -------------------
    ILOGIC_X1Y118        ISERDESE2 (Prop_iserdese2_CLKDIVP_Q4)
                                                      0.326     6.633 r  i_ddr/u_xlnx_mig_7_ddr3_mig/u_memc_ui_top_axi/mem_intfc0/ddr_phy_top0/u_ddr_mc_phy_wrapper/u_ddr_mc_phy/ddr_phy_4lanes_0.u_ddr_phy_4lanes/ddr_byte_lane_B.ddr_byte_lane_B/ddr_byte_group_io/input_[5].iserdes_dq_.iserdesdq/Q4
                         net (fo=1, routed)           0.425     7.058    i_ddr/u_xlnx_mig_7_ddr3_mig/u_memc_ui_top_axi/mem_intfc0/ddr_phy_top0/u_ddr_mc_phy_wrapper/u_ddr_mc_phy/ddr_phy_4lanes_0.u_ddr_phy_4lanes/ddr_byte_lane_B.ddr_byte_lane_B/if_d5[0]
    IN_FIFO_X1Y9         IN_FIFO                                      r  i_ddr/u_xlnx_mig_7_ddr3_mig/u_memc_ui_top_axi/mem_intfc0/ddr_phy_top0/u_ddr_mc_phy_wrapper/u_ddr_mc_phy/ddr_phy_4lanes_0.u_ddr_phy_4lanes/ddr_byte_lane_B.ddr_byte_lane_B/in_fifo_gen.in_fifo/D5[0]
  -------------------------------------------------------------------    -------------------

                         (clock iserdes_clkdiv_1 rise edge)
                                                      3.672     3.672 r  
    AD12                                              0.000     3.672 r  sys_clk_p (IN)
                         net (fo=0)                   0.000     3.672    i_ddr/u_xlnx_mig_7_ddr3_mig/u_ddr3_clk_ibuf/sys_clk_p
    AD12                 IBUFDS (Prop_ibufds_I_O)     0.735     4.407 r  i_ddr/u_xlnx_mig_7_ddr3_mig/u_ddr3_clk_ibuf/diff_input_clk.u_ibufg_sys_clk/O
                         net (fo=3, routed)           1.001     5.408    i_ddr/u_xlnx_mig_7_ddr3_mig/u_ddr3_infrastructure/out
    PLLE2_ADV_X1Y1       PLLE2_ADV (Prop_plle2_adv_CLKIN1_CLKOUT0)
                                                      0.073     5.481 r  i_ddr/u_xlnx_mig_7_ddr3_mig/u_ddr3_infrastructure/plle2_i/CLKOUT0
                         net (fo=14, routed)          1.075     6.556    i_ddr/u_xlnx_mig_7_ddr3_mig/u_memc_ui_top_axi/mem_intfc0/ddr_phy_top0/u_ddr_mc_phy_wrapper/u_ddr_mc_phy/ddr_phy_4lanes_0.u_ddr_phy_4lanes/ddr_byte_lane_B.ddr_byte_lane_B/freq_refclk
    PHASER_IN_PHY_X1Y9   PHASER_IN_PHY (Prop_phaser_in_phy_FREQREFCLK_ICLK)
                                                      1.394     7.950 r  i_ddr/u_xlnx_mig_7_ddr3_mig/u_memc_ui_top_axi/mem_intfc0/ddr_phy_top0/u_ddr_mc_phy_wrapper/u_ddr_mc_phy/ddr_phy_4lanes_0.u_ddr_phy_4lanes/ddr_byte_lane_B.ddr_byte_lane_B/phaser_in_gen.phaser_in/ICLK
    PHASER_IN_PHY_X1Y9   PHASER_IN_PHY (Prop_phaser_in_phy_ICLK_ICLKDIV)
                                                      0.145     8.095 r  i_ddr/u_xlnx_mig_7_ddr3_mig/u_memc_ui_top_axi/mem_intfc0/ddr_phy_top0/u_ddr_mc_phy_wrapper/u_ddr_mc_phy/ddr_phy_4lanes_0.u_ddr_phy_4lanes/ddr_byte_lane_B.ddr_byte_lane_B/phaser_in_gen.phaser_in/ICLKDIV
                         net (fo=9, routed)           0.000     8.095    i_ddr/u_xlnx_mig_7_ddr3_mig/u_memc_ui_top_axi/mem_intfc0/ddr_phy_top0/u_ddr_mc_phy_wrapper/u_ddr_mc_phy/ddr_phy_4lanes_0.u_ddr_phy_4lanes/ddr_byte_lane_B.ddr_byte_lane_B/iserdes_clkdiv
    IN_FIFO_X1Y9         IN_FIFO                                      r  i_ddr/u_xlnx_mig_7_ddr3_mig/u_memc_ui_top_axi/mem_intfc0/ddr_phy_top0/u_ddr_mc_phy_wrapper/u_ddr_mc_phy/ddr_phy_4lanes_0.u_ddr_phy_4lanes/ddr_byte_lane_B.ddr_byte_lane_B/in_fifo_gen.in_fifo/WRCLK
                         clock pessimism              0.369     8.465    
                         clock uncertainty           -0.047     8.418    
    IN_FIFO_X1Y9         IN_FIFO (Setup_in_fifo_WRCLK_D5[0])
                                                     -0.383     8.035    i_ddr/u_xlnx_mig_7_ddr3_mig/u_memc_ui_top_axi/mem_intfc0/ddr_phy_top0/u_ddr_mc_phy_wrapper/u_ddr_mc_phy/ddr_phy_4lanes_0.u_ddr_phy_4lanes/ddr_byte_lane_B.ddr_byte_lane_B/in_fifo_gen.in_fifo
  -------------------------------------------------------------------
                         required time                          8.035    
                         arrival time                          -7.058    
  -------------------------------------------------------------------
                         slack                                  0.977    

Slack (MET) :             1.133ns  (required time - arrival time)
  Source:                 i_dmi_jtag/i_dmi_jtag_tap/td_o_reg/C
                            (falling edge-triggered cell FDCE clocked by tck  {rise@0.000ns fall@50.000ns period=100.000ns})
  Destination:            tdo
                            (output port clocked by tck  {rise@0.000ns fall@50.000ns period=100.000ns})
  Path Group:             tck
  Path Type:              Max at Slow Process Corner
  Requirement:            20.000ns  (MaxDelay Path 20.000ns)
  Data Path Delay:        7.694ns  (logic 3.508ns (45.602%)  route 4.185ns (54.398%))
  Logic Levels:           1  (OBUF=1)
  Output Delay:           5.000ns
  Clock Path Skew:        -5.672ns (DCD - SCD + CPR)
    Destination Clock Delay (DCD):    0.000ns
    Source Clock Delay      (SCD):    5.672ns
    Clock Pessimism Removal (CPR):    0.000ns
  Clock Uncertainty:      0.501ns  ((TSJ^2 + TIJ^2)^1/2 + DJ) / 2 + PE
    Total System Jitter     (TSJ):    0.071ns
    Total Input Jitter      (TIJ):    1.000ns
    Discrete Jitter          (DJ):    0.000ns
    Phase Error              (PE):    0.000ns
  Timing Exception:       MaxDelay Path 20.000ns

    Location             Delay type                Incr(ns)  Path(ns)    Netlist Resource(s)
  -------------------------------------------------------------------    -------------------
                         (clock tck fall edge)        0.000     0.000 f  
    AD27                                              0.000     0.000 f  tck (IN)
                         net (fo=0)                   0.000     0.000    tck
    AD27                 IBUF (Prop_ibuf_I_O)         1.518     1.518 f  tck_IBUF_inst/O
                         net (fo=1, routed)           2.312     3.830    tck_IBUF
    BUFGCTRL_X0Y6        BUFG (Prop_bufg_I_O)         0.093     3.923 f  tck_IBUF_BUFG_inst/O
                         net (fo=258, routed)         1.749     5.672    i_dmi_jtag/i_dmi_jtag_tap/tck_ni
    SLICE_X105Y31        FDCE                                         r  i_dmi_jtag/i_dmi_jtag_tap/td_o_reg/C  (IS_INVERTED)
  -------------------------------------------------------------------    -------------------
    SLICE_X105Y31        FDCE (Prop_fdce_C_Q)         0.228     5.900 r  i_dmi_jtag/i_dmi_jtag_tap/td_o_reg/Q
                         net (fo=1, routed)           4.185    10.085    tdo_OBUF
    W28                  OBUF (Prop_obuf_I_O)         3.280    13.366 r  tdo_OBUF_inst/O
                         net (fo=0)                   0.000    13.366    tdo
    W28                                                               r  tdo (OUT)
  -------------------------------------------------------------------    -------------------

                         max delay                   20.000    20.000    
                         clock pessimism              0.000    20.000    
                         clock uncertainty           -0.501    19.499    
                         output delay                -5.000    14.499    
  -------------------------------------------------------------------
                         required time                         14.499    
                         arrival time                         -13.366    
  -------------------------------------------------------------------
                         slack                                  1.133    

Slack (MET) :             1.557ns  (required time - arrival time)
  Source:                 i_ariane/i_cva6/ex_stage_i/fpu_gen.fpu_i/fpu_gen.i_fpnew_bulk/gen_operation_groups[3].i_opgroup_block/gen_merged_slice.i_multifmt_slice/gen_num_lanes[0].active_lane.lane_instance.i_fpnew_cast_multi/gen_inside_pipeline[0].mid_pipe_dst_fmt_q_reg[1][2]/C
                            (rising edge-triggered cell FDCE clocked by clk_out1_xlnx_clk_gen  {rise@0.000ns fall@10.000ns period=20.000ns})
  Destination:            i_ariane/gen_example_coprocessor.i_cvxif_coprocessor/i_copro_alu/result_q_reg[63]/D
                            (rising edge-triggered cell FDCE clocked by clk_out1_xlnx_clk_gen  {rise@0.000ns fall@10.000ns period=20.000ns})
  Path Group:             clk_out1_xlnx_clk_gen
  Path Type:              Setup (Max at Slow Process Corner)
  Requirement:            20.000ns  (clk_out1_xlnx_clk_gen rise@20.000ns - clk_out1_xlnx_clk_gen rise@0.000ns)
  Data Path Delay:        18.488ns  (logic 5.147ns (27.840%)  route 13.341ns (72.160%))
  Logic Levels:           63  (CARRY4=35 LUT1=1 LUT2=1 LUT3=5 LUT4=1 LUT5=5 LUT6=13 MUXF7=2)
  Clock Path Skew:        0.063ns (DCD - SCD + CPR)
    Destination Clock Delay (DCD):    1.250ns = ( 21.250 - 20.000 ) 
    Source Clock Delay      (SCD):    1.200ns
    Clock Pessimism Removal (CPR):    0.013ns
  Clock Uncertainty:      0.076ns  ((TSJ^2 + DJ^2)^1/2) / 2 + PE
    Total System Jitter     (TSJ):    0.071ns
    Discrete Jitter          (DJ):    0.135ns
    Phase Error              (PE):    0.000ns

    Location             Delay type                Incr(ns)  Path(ns)    Netlist Resource(s)
  -------------------------------------------------------------------    -------------------
                         (clock clk_out1_xlnx_clk_gen rise edge)
                                                      0.000     0.000 r  
    BUFGCTRL_X0Y1        BUFG                         0.000     0.000 r  i_ddr/u_xlnx_mig_7_ddr3_mig/u_ddr3_infrastructure/u_bufg_clkdiv0/O
                         net (fo=11414, routed)       1.936     1.936    i_xlnx_clk_gen/inst/clk_in1
    MMCME2_ADV_X1Y0      MMCME2_ADV (Prop_mmcme2_adv_CLKIN1_CLKOUT0)
                                                     -4.498    -2.562 r  i_xlnx_clk_gen/inst/mmcm_adv_inst/CLKOUT0
                         net (fo=1, routed)           2.469    -0.093    i_xlnx_clk_gen/inst/clk_out1_xlnx_clk_gen
    BUFGCTRL_X0Y0        BUFG (Prop_bufg_I_O)         0.093    -0.000 r  i_xlnx_clk_gen/inst/clkout1_buf/O
                         net (fo=36504, routed)       1.200     1.200    i_ariane/i_cva6/ex_stage_i/fpu_gen.fpu_i/fpu_gen.i_fpnew_bulk/gen_operation_groups[3].i_opgroup_block/gen_merged_slice.i_multifmt_slice/gen_num_lanes[0].active_lane.lane_instance.i_fpnew_cast_multi/clk_out1
    SLICE_X74Y175        FDCE                                         r  i_ariane/i_cva6/ex_stage_i/fpu_gen.fpu_i/fpu_gen.i_fpnew_bulk/gen_operation_groups[3].i_opgroup_block/gen_merged_slice.i_multifmt_slice/gen_num_lanes[0].active_lane.lane_instance.i_fpnew_cast_multi/gen_inside_pipeline[0].mid_pipe_dst_fmt_q_reg[1][2]/C
  -------------------------------------------------------------------    -------------------
    SLICE_X74Y175        FDCE (Prop_fdce_C_Q)         0.259     1.459 r  i_ariane/i_cva6/ex_stage_i/fpu_gen.fpu_i/fpu_gen.i_fpnew_bulk/gen_operation_groups[3].i_opgroup_block/gen_merged_slice.i_multifmt_slice/gen_num_lanes[0].active_lane.lane_instance.i_fpnew_cast_multi/gen_inside_pipeline[0].mid_pipe_dst_fmt_q_reg[1][2]/Q
                         net (fo=141, routed)         0.610     2.069    i_ariane/i_cva6/ex_stage_i/fpu_gen.fpu_i/fpu_gen.i_fpnew_bulk/gen_operation_groups[3].i_opgroup_block/gen_merged_slice.i_multifmt_slice/gen_num_lanes[0].active_lane.lane_instance.i_fpnew_cast_multi/gen_inside_pipeline[0].mid_pipe_dst_fmt_q_reg_n_0_[1][2]
    SLICE_X74Y171        LUT3 (Prop_lut3_I2_O)        0.051     2.120 r  i_ariane/i_cva6/ex_stage_i/fpu_gen.fpu_i/fpu_gen.i_fpnew_bulk/gen_operation_groups[3].i_opgroup_block/gen_merged_slice.i_multifmt_slice/gen_num_lanes[0].active_lane.lane_instance.i_fpnew_cast_multi/mem_q[7][sbe][ex][cause][0]_i_393/O
                         net (fo=2, routed)           0.628     2.748    i_ariane/i_cva6/ex_stage_i/fpu_gen.fpu_i/fpu_gen.i_fpnew_bulk/gen_operation_groups[3].i_opgroup_block/gen_merged_slice.i_multifmt_slice/gen_num_lanes[0].active_lane.lane_instance.i_fpnew_cast_multi/mem_q[7][sbe][ex][cause][0]_i_393_n_0
    SLICE_X75Y179        LUT6 (Prop_lut6_I0_O)        0.134     2.882 r  i_ariane/i_cva6/ex_stage_i/fpu_gen.fpu_i/fpu_gen.i_fpnew_bulk/gen_operation_groups[3].i_opgroup_block/gen_merged_slice.i_multifmt_slice/gen_num_lanes[0].active_lane.lane_instance.i_fpnew_cast_multi/mem_q[7][sbe][ex][cause][0]_i_322/O
                         net (fo=1, routed)           0.347     3.229    i_ariane/i_cva6/ex_stage_i/fpu_gen.fpu_i/fpu_gen.i_fpnew_bulk/gen_operation_groups[3].i_opgroup_block/gen_merged_slice.i_multifmt_slice/gen_num_lanes[0].active_lane.lane_instance.i_fpnew_cast_multi/mem_q[7][sbe][ex][cause][0]_i_322_n_0
    SLICE_X78Y179        LUT5 (Prop_lut5_I4_O)        0.043     3.272 r  i_ariane/i_cva6/ex_stage_i/fpu_gen.fpu_i/fpu_gen.i_fpnew_bulk/gen_operation_groups[3].i_opgroup_block/gen_merged_slice.i_multifmt_slice/gen_num_lanes[0].active_lane.lane_instance.i_fpnew_cast_multi/mem_q[7][sbe][ex][cause][0]_i_217/O
                         net (fo=164, routed)         0.612     3.883    i_ariane/i_cva6/ex_stage_i/fpu_gen.fpu_i/fpu_gen.i_fpnew_bulk/gen_operation_groups[3].i_opgroup_block/gen_merged_slice.i_multifmt_slice/gen_num_lanes[0].active_lane.lane_instance.i_fpnew_cast_multi/denorm_shamt[5]
    SLICE_X88Y182        LUT6 (Prop_lut6_I1_O)        0.043     3.926 r  i_ariane/i_cva6/ex_stage_i/fpu_gen.fpu_i/fpu_gen.i_fpnew_bulk/gen_operation_groups[3].i_opgroup_block/gen_merged_slice.i_multifmt_slice/gen_num_lanes[0].active_lane.lane_instance.i_fpnew_cast_multi/mem_q[7][sbe][ex][cause][0]_i_329/O
                         net (fo=4, routed)           0.458     4.384    i_ariane/i_cva6/ex_stage_i/fpu_gen.fpu_i/fpu_gen.i_fpnew_bulk/gen_operation_groups[3].i_opgroup_block/gen_merged_slice.i_multifmt_slice/gen_num_lanes[0].active_lane.lane_instance.i_fpnew_cast_multi/mem_q[7][sbe][ex][cause][0]_i_329_n_0
    SLICE_X89Y181        LUT6 (Prop_lut6_I3_O)        0.043     4.427 r  i_ariane/i_cva6/ex_stage_i/fpu_gen.fpu_i/fpu_gen.i_fpnew_bulk/gen_operation_groups[3].i_opgroup_block/gen_merged_slice.i_multifmt_slice/gen_num_lanes[0].active_lane.lane_instance.i_fpnew_cast_multi/mem_q[7][sbe][ex][cause][0]_i_265/O
                         net (fo=4, routed)           0.575     5.003    i_ariane/i_cva6/ex_stage_i/fpu_gen.fpu_i/fpu_gen.i_fpnew_bulk/gen_operation_groups[3].i_opgroup_block/gen_merged_slice.i_multifmt_slice/gen_num_lanes[0].active_lane.lane_instance.i_fpnew_cast_multi/mem_q[7][sbe][ex][cause][0]_i_265_n_0
    SLICE_X93Y184        LUT6 (Prop_lut6_I1_O)        0.043     5.046 r  i_ariane/i_cva6/ex_stage_i/fpu_gen.fpu_i/fpu_gen.i_fpnew_bulk/gen_operation_groups[3].i_opgroup_block/gen_merged_slice.i_multifmt_slice/gen_num_lanes[0].active_lane.lane_instance.i_fpnew_cast_multi/mem_q[7][sbe][ex][cause][0]_i_165/O
                         net (fo=3, routed)           0.474     5.520    i_ariane/i_cva6/ex_stage_i/fpu_gen.fpu_i/fpu_gen.i_fpnew_bulk/gen_operation_groups[3].i_opgroup_block/gen_merged_slice.i_multifmt_slice/gen_num_lanes[0].active_lane.lane_instance.i_fpnew_cast_multi/mem_q[7][sbe][ex][cause][0]_i_165_n_0
    SLICE_X86Y185        LUT3 (Prop_lut3_I0_O)        0.051     5.571 r  i_ariane/i_cva6/ex_stage_i/fpu_gen.fpu_i/fpu_gen.i_fpnew_bulk/gen_operation_groups[3].i_opgroup_block/gen_merged_slice.i_multifmt_slice/gen_num_lanes[0].active_lane.lane_instance.i_fpnew_cast_multi/mem_q[7][sbe][ex][cause][0]_i_128/O
                         net (fo=2, routed)           0.651     6.222    i_ariane/i_cva6/ex_stage_i/fpu_gen.fpu_i/fpu_gen.i_fpnew_bulk/gen_operation_groups[3].i_opgroup_block/gen_merged_slice.i_multifmt_slice/gen_num_lanes[0].active_lane.lane_instance.i_fpnew_cast_multi/mem_q[7][sbe][ex][cause][0]_i_128_n_0
    SLICE_X93Y185        LUT6 (Prop_lut6_I5_O)        0.134     6.356 r  i_ariane/i_cva6/ex_stage_i/fpu_gen.fpu_i/fpu_gen.i_fpnew_bulk/gen_operation_groups[3].i_opgroup_block/gen_merged_slice.i_multifmt_slice/gen_num_lanes[0].active_lane.lane_instance.i_fpnew_cast_multi/mem_q[7][sbe][ex][cause][0]_i_60/O
                         net (fo=1, routed)           0.181     6.537    i_ariane/i_cva6/ex_stage_i/fpu_gen.fpu_i/fpu_gen.i_fpnew_bulk/gen_operation_groups[3].i_opgroup_block/gen_merged_slice.i_multifmt_slice/gen_num_lanes[0].active_lane.lane_instance.i_fpnew_cast_multi/mem_q[7][sbe][ex][cause][0]_i_60_n_0
    SLICE_X95Y185        LUT5 (Prop_lut5_I4_O)        0.043     6.580 r  i_ariane/i_cva6/ex_stage_i/fpu_gen.fpu_i/fpu_gen.i_fpnew_bulk/gen_operation_groups[3].i_opgroup_block/gen_merged_slice.i_multifmt_slice/gen_num_lanes[0].active_lane.lane_instance.i_fpnew_cast_multi/mem_q[7][sbe][ex][cause][0]_i_18/O
                         net (fo=1, routed)           0.447     7.028    i_ariane/i_cva6/ex_stage_i/fpu_gen.fpu_i/fpu_gen.i_fpnew_bulk/gen_operation_groups[3].i_opgroup_block/gen_merged_slice.i_multifmt_slice/gen_num_lanes[0].active_lane.lane_instance.i_fpnew_cast_multi/mem_q[7][sbe][ex][cause][0]_i_18_n_0
    SLICE_X94Y187        LUT6 (Prop_lut6_I3_O)        0.043     7.071 r  i_ariane/i_cva6/ex_stage_i/fpu_gen.fpu_i/fpu_gen.i_fpnew_bulk/gen_operation_groups[3].i_opgroup_block/gen_merged_slice.i_multifmt_slice/gen_num_lanes[0].active_lane.lane_instance.i_fpnew_cast_multi/mem_q[7][sbe][ex][cause][0]_i_7/O
                         net (fo=4, routed)           0.974     8.044    i_ariane/i_cva6/ex_stage_i/fpu_gen.fpu_i/fpu_gen.i_fpnew_bulk/gen_operation_groups[3].i_opgroup_block/gen_merged_slice.i_multifmt_slice/gen_num_lanes[0].active_lane.lane_instance.i_fpnew_cast_multi/int_round_sticky_bits[0]
    SLICE_X76Y168        LUT6 (Prop_lut6_I2_O)        0.043     8.087 r  i_ariane/i_cva6/ex_stage_i/fpu_gen.fpu_i/fpu_gen.i_fpnew_bulk/gen_operation_groups[3].i_opgroup_block/gen_merged_slice.i_multifmt_slice/gen_num_lanes[0].active_lane.lane_instance.i_fpnew_cast_multi/mem_q[4][sbe][result][3]_i_44/O
                         net (fo=1, routed)           0.424     8.511    i_ariane/i_cva6/ex_stage_i/fpu_gen.fpu_i/fpu_gen.i_fpnew_bulk/gen_operation_groups[3].i_opgroup_block/gen_merged_slice.i_multifmt_slice/gen_num_lanes[0].active_lane.lane_instance.i_fpnew_cast_multi/mem_q[4][sbe][result][3]_i_44_n_0
    SLICE_X72Y166        LUT6 (Prop_lut6_I3_O)        0.043     8.554 r  i_ariane/i_cva6/ex_stage_i/fpu_gen.fpu_i/fpu_gen.i_fpnew_bulk/gen_operation_groups[3].i_opgroup_block/gen_merged_slice.i_multifmt_slice/gen_num_lanes[0].active_lane.lane_instance.i_fpnew_cast_multi/mem_q[4][sbe][result][3]_i_27/O
                         net (fo=1, routed)           0.000     8.554    i_ariane/i_cva6/ex_stage_i/fpu_gen.fpu_i/fpu_gen.i_fpnew_bulk/gen_operation_groups[3].i_opgroup_block/gen_merged_slice.i_multifmt_slice/gen_num_lanes[0].active_lane.lane_instance.i_fpnew_cast_multi/mem_q[4][sbe][result][3]_i_27_n_0
    SLICE_X72Y166        CARRY4 (Prop_carry4_S[0]_CO[3])
                                                      0.259     8.813 r  i_ariane/i_cva6/ex_stage_i/fpu_gen.fpu_i/fpu_gen.i_fpnew_bulk/gen_operation_groups[3].i_opgroup_block/gen_merged_slice.i_multifmt_slice/gen_num_lanes[0].active_lane.lane_instance.i_fpnew_cast_multi/mem_q_reg[4][sbe][result][3]_i_16/CO[3]
                         net (fo=1, routed)           0.000     8.813    i_ariane/i_cva6/ex_stage_i/fpu_gen.fpu_i/fpu_gen.i_fpnew_bulk/gen_operation_groups[3].i_opgroup_block/gen_merged_slice.i_multifmt_slice/gen_num_lanes[0].active_lane.lane_instance.i_fpnew_cast_multi/mem_q_reg[4][sbe][result][3]_i_16_n_0
    SLICE_X72Y167        CARRY4 (Prop_carry4_CI_CO[3])
                                                      0.053     8.866 r  i_ariane/i_cva6/ex_stage_i/fpu_gen.fpu_i/fpu_gen.i_fpnew_bulk/gen_operation_groups[3].i_opgroup_block/gen_merged_slice.i_multifmt_slice/gen_num_lanes[0].active_lane.lane_instance.i_fpnew_cast_multi/mem_q_reg[4][sbe][result][11]_i_16/CO[3]
                         net (fo=1, routed)           0.000     8.866    i_ariane/i_cva6/ex_stage_i/fpu_gen.fpu_i/fpu_gen.i_fpnew_bulk/gen_operation_groups[3].i_opgroup_block/gen_merged_slice.i_multifmt_slice/gen_num_lanes[0].active_lane.lane_instance.i_fpnew_cast_multi/mem_q_reg[4][sbe][result][11]_i_16_n_0
    SLICE_X72Y168        CARRY4 (Prop_carry4_CI_CO[3])
                                                      0.053     8.919 r  i_ariane/i_cva6/ex_stage_i/fpu_gen.fpu_i/fpu_gen.i_fpnew_bulk/gen_operation_groups[3].i_opgroup_block/gen_merged_slice.i_multifmt_slice/gen_num_lanes[0].active_lane.lane_instance.i_fpnew_cast_multi/mem_q_reg[4][sbe][result][11]_i_14/CO[3]
                         net (fo=1, routed)           0.000     8.919    i_ariane/i_cva6/ex_stage_i/fpu_gen.fpu_i/fpu_gen.i_fpnew_bulk/gen_operation_groups[3].i_opgroup_block/gen_merged_slice.i_multifmt_slice/gen_num_lanes[0].active_lane.lane_instance.i_fpnew_cast_multi/mem_q_reg[4][sbe][result][11]_i_14_n_0
    SLICE_X72Y169        CARRY4 (Prop_carry4_CI_CO[3])
                                                      0.053     8.972 r  i_ariane/i_cva6/ex_stage_i/fpu_gen.fpu_i/fpu_gen.i_fpnew_bulk/gen_operation_groups[3].i_opgroup_block/gen_merged_slice.i_multifmt_slice/gen_num_lanes[0].active_lane.lane_instance.i_fpnew_cast_multi/mem_q_reg[4][sbe][result][15]_i_15/CO[3]
                         net (fo=1, routed)           0.000     8.972    i_ariane/i_cva6/ex_stage_i/fpu_gen.fpu_i/fpu_gen.i_fpnew_bulk/gen_operation_groups[3].i_opgroup_block/gen_merged_slice.i_multifmt_slice/gen_num_lanes[0].active_lane.lane_instance.i_fpnew_cast_multi/mem_q_reg[4][sbe][result][15]_i_15_n_0
    SLICE_X72Y170        CARRY4 (Prop_carry4_CI_CO[3])
                                                      0.053     9.025 r  i_ariane/i_cva6/ex_stage_i/fpu_gen.fpu_i/fpu_gen.i_fpnew_bulk/gen_operation_groups[3].i_opgroup_block/gen_merged_slice.i_multifmt_slice/gen_num_lanes[0].active_lane.lane_instance.i_fpnew_cast_multi/mem_q_reg[4][sbe][result][19]_i_14/CO[3]
                         net (fo=1, routed)           0.000     9.025    i_ariane/i_cva6/ex_stage_i/fpu_gen.fpu_i/fpu_gen.i_fpnew_bulk/gen_operation_groups[3].i_opgroup_block/gen_merged_slice.i_multifmt_slice/gen_num_lanes[0].active_lane.lane_instance.i_fpnew_cast_multi/mem_q_reg[4][sbe][result][19]_i_14_n_0
    SLICE_X72Y171        CARRY4 (Prop_carry4_CI_CO[3])
                                                      0.053     9.078 r  i_ariane/i_cva6/ex_stage_i/fpu_gen.fpu_i/fpu_gen.i_fpnew_bulk/gen_operation_groups[3].i_opgroup_block/gen_merged_slice.i_multifmt_slice/gen_num_lanes[0].active_lane.lane_instance.i_fpnew_cast_multi/mem_q_reg[4][sbe][result][23]_i_18/CO[3]
                         net (fo=1, routed)           0.000     9.078    i_ariane/i_cva6/ex_stage_i/fpu_gen.fpu_i/fpu_gen.i_fpnew_bulk/gen_operation_groups[3].i_opgroup_block/gen_merged_slice.i_multifmt_slice/gen_num_lanes[0].active_lane.lane_instance.i_fpnew_cast_multi/mem_q_reg[4][sbe][result][23]_i_18_n_0
    SLICE_X72Y172        CARRY4 (Prop_carry4_CI_CO[3])
                                                      0.053     9.131 r  i_ariane/i_cva6/ex_stage_i/fpu_gen.fpu_i/fpu_gen.i_fpnew_bulk/gen_operation_groups[3].i_opgroup_block/gen_merged_slice.i_multifmt_slice/gen_num_lanes[0].active_lane.lane_instance.i_fpnew_cast_multi/mem_q_reg[4][sbe][result][27]_i_15/CO[3]
                         net (fo=1, routed)           0.000     9.131    i_ariane/i_cva6/ex_stage_i/fpu_gen.fpu_i/fpu_gen.i_fpnew_bulk/gen_operation_groups[3].i_opgroup_block/gen_merged_slice.i_multifmt_slice/gen_num_lanes[0].active_lane.lane_instance.i_fpnew_cast_multi/mem_q_reg[4][sbe][result][27]_i_15_n_0
    SLICE_X72Y173        CARRY4 (Prop_carry4_CI_O[0])
                                                      0.111     9.242 f  i_ariane/i_cva6/ex_stage_i/fpu_gen.fpu_i/fpu_gen.i_fpnew_bulk/gen_operation_groups[3].i_opgroup_block/gen_merged_slice.i_multifmt_slice/gen_num_lanes[0].active_lane.lane_instance.i_fpnew_cast_multi/mem_q_reg[4][sbe][result][30]_i_24/O[0]
                         net (fo=6, routed)           0.553     9.795    i_ariane/i_cva6/issue_stage_i/i_scoreboard/abs_rounded_o[28]
    SLICE_X70Y168        LUT1 (Prop_lut1_I0_O)        0.124     9.919 r  i_ariane/i_cva6/issue_stage_i/i_scoreboard/mem_q[4][sbe][result][28]_i_18/O
                         net (fo=1, routed)           0.000     9.919    i_ariane/i_cva6/issue_stage_i/i_scoreboard/mem_q[4][sbe][result][28]_i_18_n_0
    SLICE_X70Y168        CARRY4 (Prop_carry4_S[3]_CO[3])
                                                      0.180    10.099 r  i_ariane/i_cva6/issue_stage_i/i_scoreboard/mem_q_reg[4][sbe][result][28]_i_15/CO[3]
                         net (fo=1, routed)           0.000    10.099    i_ariane/i_cva6/issue_stage_i/i_scoreboard/mem_q_reg[4][sbe][result][28]_i_15_n_0
    SLICE_X70Y169        CARRY4 (Prop_carry4_CI_CO[3])
                                                      0.054    10.153 r  i_ariane/i_cva6/issue_stage_i/i_scoreboard/mem_q_reg[4][sbe][result][30]_i_23/CO[3]
                         net (fo=1, routed)           0.000    10.153    i_ariane/i_cva6/issue_stage_i/i_scoreboard/mem_q_reg[4][sbe][result][30]_i_23_n_0
    SLICE_X70Y170        CARRY4 (Prop_carry4_CI_CO[3])
                                                      0.054    10.207 r  i_ariane/i_cva6/issue_stage_i/i_scoreboard/mem_q_reg[7][sbe][result][36]_i_14/CO[3]
                         net (fo=1, routed)           0.000    10.207    i_ariane/i_cva6/issue_stage_i/i_scoreboard/mem_q_reg[7][sbe][result][36]_i_14_n_0
    SLICE_X70Y171        CARRY4 (Prop_carry4_CI_CO[3])
                                                      0.054    10.261 r  i_ariane/i_cva6/issue_stage_i/i_scoreboard/mem_q_reg[7][sbe][result][40]_i_14/CO[3]
                         net (fo=1, routed)           0.000    10.261    i_ariane/i_cva6/issue_stage_i/i_scoreboard/mem_q_reg[7][sbe][result][40]_i_14_n_0
    SLICE_X70Y172        CARRY4 (Prop_carry4_CI_CO[3])
                                                      0.054    10.315 r  i_ariane/i_cva6/issue_stage_i/i_scoreboard/mem_q_reg[7][sbe][result][44]_i_14/CO[3]
                         net (fo=1, routed)           0.000    10.315    i_ariane/i_cva6/issue_stage_i/i_scoreboard/mem_q_reg[7][sbe][result][44]_i_14_n_0
    SLICE_X70Y173        CARRY4 (Prop_carry4_CI_CO[3])
                                                      0.054    10.369 r  i_ariane/i_cva6/issue_stage_i/i_scoreboard/mem_q_reg[7][sbe][result][51]_i_21/CO[3]
                         net (fo=1, routed)           0.000    10.369    i_ariane/i_cva6/issue_stage_i/i_scoreboard/mem_q_reg[7][sbe][result][51]_i_21_n_0
    SLICE_X70Y174        CARRY4 (Prop_carry4_CI_CO[3])
                                                      0.054    10.423 r  i_ariane/i_cva6/issue_stage_i/i_scoreboard/mem_q_reg[7][sbe][result][51]_i_14/CO[3]
                         net (fo=1, routed)           0.007    10.430    i_ariane/i_cva6/issue_stage_i/i_scoreboard/mem_q_reg[7][sbe][result][51]_i_14_n_0
    SLICE_X70Y175        CARRY4 (Prop_carry4_CI_CO[3])
                                                      0.054    10.484 r  i_ariane/i_cva6/issue_stage_i/i_scoreboard/mem_q_reg[7][sbe][result][56]_i_13/CO[3]
                         net (fo=1, routed)           0.000    10.484    i_ariane/i_cva6/issue_stage_i/i_scoreboard/mem_q_reg[7][sbe][result][56]_i_13_n_0
    SLICE_X70Y176        CARRY4 (Prop_carry4_CI_O[0])
                                                      0.108    10.592 f  i_ariane/i_cva6/issue_stage_i/i_scoreboard/mem_q_reg[7][sbe][result][60]_i_13/O[0]
                         net (fo=2, routed)           0.550    11.142    i_ariane/i_cva6/ex_stage_i/fpu_gen.fpu_i/fpu_gen.i_fpnew_bulk/gen_operation_groups[3].i_opgroup_block/gen_merged_slice.i_multifmt_slice/gen_num_lanes[0].active_lane.lane_instance.i_fpnew_cast_multi/rounded_int_res0[56]
    SLICE_X71Y172        LUT3 (Prop_lut3_I0_O)        0.123    11.265 f  i_ariane/i_cva6/ex_stage_i/fpu_gen.fpu_i/fpu_gen.i_fpnew_bulk/gen_operation_groups[3].i_opgroup_block/gen_merged_slice.i_multifmt_slice/gen_num_lanes[0].active_lane.lane_instance.i_fpnew_cast_multi/mem_q[4][sbe][result][30]_i_87/O
                         net (fo=1, routed)           0.514    11.780    i_ariane/i_cva6/ex_stage_i/fpu_gen.fpu_i/fpu_gen.i_fpnew_bulk/gen_operation_groups[3].i_opgroup_block/gen_merged_slice.i_multifmt_slice/gen_num_lanes[0].active_lane.lane_instance.i_fpnew_cast_multi/mem_q[4][sbe][result][30]_i_87_n_0
    SLICE_X71Y170        LUT6 (Prop_lut6_I5_O)        0.043    11.823 r  i_ariane/i_cva6/ex_stage_i/fpu_gen.fpu_i/fpu_gen.i_fpnew_bulk/gen_operation_groups[3].i_opgroup_block/gen_merged_slice.i_multifmt_slice/gen_num_lanes[0].active_lane.lane_instance.i_fpnew_cast_multi/mem_q[4][sbe][result][30]_i_64/O
                         net (fo=1, routed)           0.000    11.823    i_ariane/i_cva6/ex_stage_i/fpu_gen.fpu_i/fpu_gen.i_fpnew_bulk/gen_operation_groups[3].i_opgroup_block/gen_merged_slice.i_multifmt_slice/gen_num_lanes[0].active_lane.lane_instance.i_fpnew_cast_multi/mem_q[4][sbe][result][30]_i_64_n_0
    SLICE_X71Y170        CARRY4 (Prop_carry4_S[3]_CO[3])
                                                      0.193    12.016 r  i_ariane/i_cva6/ex_stage_i/fpu_gen.fpu_i/fpu_gen.i_fpnew_bulk/gen_operation_groups[3].i_opgroup_block/gen_merged_slice.i_multifmt_slice/gen_num_lanes[0].active_lane.lane_instance.i_fpnew_cast_multi/mem_q_reg[4][sbe][result][30]_i_45/CO[3]
                         net (fo=1, routed)           0.000    12.016    i_ariane/i_cva6/ex_stage_i/fpu_gen.fpu_i/fpu_gen.i_fpnew_bulk/gen_operation_groups[3].i_opgroup_block/gen_merged_slice.i_multifmt_slice/gen_num_lanes[0].active_lane.lane_instance.i_fpnew_cast_multi/mem_q_reg[4][sbe][result][30]_i_45_n_0
    SLICE_X71Y171        CARRY4 (Prop_carry4_CI_CO[1])
                                                      0.077    12.093 r  i_ariane/i_cva6/ex_stage_i/fpu_gen.fpu_i/fpu_gen.i_fpnew_bulk/gen_operation_groups[3].i_opgroup_block/gen_merged_slice.i_multifmt_slice/gen_num_lanes[0].active_lane.lane_instance.i_fpnew_cast_multi/mem_q_reg[4][sbe][result][30]_i_27/CO[1]
                         net (fo=1, routed)           0.454    12.547    i_ariane/i_cva6/ex_stage_i/fpu_gen.fpu_i/fpu_gen.i_fpnew_bulk/gen_operation_groups[3].i_opgroup_block/gen_merged_slice.i_multifmt_slice/gen_num_lanes[0].active_lane.lane_instance.i_fpnew_cast_multi/int_result_is_special1
    SLICE_X76Y169        LUT6 (Prop_lut6_I3_O)        0.122    12.669 r  i_ariane/i_cva6/ex_stage_i/fpu_gen.fpu_i/fpu_gen.i_fpnew_bulk/gen_operation_groups[3].i_opgroup_block/gen_merged_slice.i_multifmt_slice/gen_num_lanes[0].active_lane.lane_instance.i_fpnew_cast_multi/mem_q[4][sbe][result][30]_i_14/O
                         net (fo=66, routed)          0.379    13.048    i_ariane/i_cva6/ex_stage_i/fpu_gen.fpu_i/fpu_gen.i_fpnew_bulk/gen_operation_groups[3].i_opgroup_block/gen_merged_slice.i_multifmt_slice/gen_num_lanes[0].active_lane.lane_instance.i_fpnew_cast_multi/int_status[NV]
    SLICE_X75Y169        LUT6 (Prop_lut6_I4_O)        0.043    13.091 r  i_ariane/i_cva6/ex_stage_i/fpu_gen.fpu_i/fpu_gen.i_fpnew_bulk/gen_operation_groups[3].i_opgroup_block/gen_merged_slice.i_multifmt_slice/gen_num_lanes[0].active_lane.lane_instance.i_fpnew_cast_multi/mem_q[7][sbe][result][63]_i_26/O
                         net (fo=3, routed)           0.446    13.537    i_ariane/i_cva6/ex_stage_i/fpu_gen.fpu_i/fpu_gen.i_fpnew_bulk/gen_operation_groups[3].i_opgroup_block/gen_merged_slice.i_multifmt_slice/gen_num_lanes[0].active_lane.lane_instance.i_fpnew_cast_multi/int_result[63]
    SLICE_X67Y165        LUT4 (Prop_lut4_I1_O)        0.043    13.580 r  i_ariane/i_cva6/ex_stage_i/fpu_gen.fpu_i/fpu_gen.i_fpnew_bulk/gen_operation_groups[3].i_opgroup_block/gen_merged_slice.i_multifmt_slice/gen_num_lanes[0].active_lane.lane_instance.i_fpnew_cast_multi/mem_q[4][sbe][result][30]_i_16/O
                         net (fo=3, routed)           0.288    13.868    i_ariane/i_cva6/ex_stage_i/fpu_gen.fpu_i/fpu_gen.i_fpnew_bulk/gen_operation_groups[3].i_opgroup_block/gen_merged_slice.i_multifmt_slice/gen_num_lanes[0].active_lane.lane_instance.i_fpnew_cast_multi/mem_q[4][sbe][result][30]_i_16_n_0
    SLICE_X65Y163        LUT3 (Prop_lut3_I2_O)        0.043    13.911 r  i_ariane/i_cva6/ex_stage_i/fpu_gen.fpu_i/fpu_gen.i_fpnew_bulk/gen_operation_groups[3].i_opgroup_block/gen_merged_slice.i_multifmt_slice/gen_num_lanes[0].active_lane.lane_instance.i_fpnew_cast_multi/mem_q[4][sbe][result][3]_i_6/O
                         net (fo=8, routed)           0.321    14.232    i_ariane/i_cva6/ex_stage_i/fpu_gen.fpu_i/fpu_gen.i_fpnew_bulk/gen_operation_groups[3].i_opgroup_block/gen_merged_slice.i_multifmt_slice/gen_num_lanes[0].active_lane.lane_instance.i_fpnew_cast_multi/mem_q[4][sbe][result][3]_i_6_n_0
    SLICE_X55Y162        LUT6 (Prop_lut6_I2_O)        0.043    14.275 r  i_ariane/i_cva6/ex_stage_i/fpu_gen.fpu_i/fpu_gen.i_fpnew_bulk/gen_operation_groups[3].i_opgroup_block/gen_merged_slice.i_multifmt_slice/gen_num_lanes[0].active_lane.lane_instance.i_fpnew_cast_multi/mem_q[4][sbe][result][0]_i_6/O
                         net (fo=1, routed)           0.000    14.275    i_ariane/i_cva6/ex_stage_i/fpu_gen.fpu_i/fpu_gen.i_fpnew_bulk/gen_operation_groups[0].i_opgroup_block/gen_parallel_slices[1].active_format.i_fmt_slice/gen_num_lanes[0].active_lane.lane_instance.i_fma/gen_arbiter.data_nodes[2][result][0]
    SLICE_X55Y162        MUXF7 (Prop_muxf7_I1_O)      0.108    14.383 r  i_ariane/i_cva6/ex_stage_i/fpu_gen.fpu_i/fpu_gen.i_fpnew_bulk/gen_operation_groups[0].i_opgroup_block/gen_parallel_slices[1].active_format.i_fmt_slice/gen_num_lanes[0].active_lane.lane_instance.i_fma/mem_q_reg[4][sbe][result][0]_i_3/O
                         net (fo=9, routed)           1.307    15.690    i_ariane/i_cva6/ex_stage_i/lsu_i/i_pipe_reg_load/mem_q_reg[7][sbe][result][0]
    SLICE_X49Y124        LUT3 (Prop_lut3_I2_O)        0.130    15.820 r  i_ariane/i_cva6/ex_stage_i/lsu_i/i_pipe_reg_load/fu_data_q[0][operand_b][0]_i_29/O
                         net (fo=1, routed)           0.323    16.143    i_ariane/i_cva6/issue_stage_i/i_scoreboard/fu_data_q_reg[0][operand_b][0]_i_5_1
    SLICE_X50Y123        LUT5 (Prop_lut5_I0_O)        0.136    16.279 r  i_ariane/i_cva6/issue_stage_i/i_scoreboard/fu_data_q[0][operand_b][0]_i_11/O
                         net (fo=1, routed)           0.000    16.279    i_ariane/i_cva6/issue_stage_i/i_scoreboard/fu_data_q[0][operand_b][0]_i_11_n_0
    SLICE_X50Y123        MUXF7 (Prop_muxf7_I0_O)      0.101    16.380 r  i_ariane/i_cva6/issue_stage_i/i_scoreboard/fu_data_q_reg[0][operand_b][0]_i_5/O
                         net (fo=1, routed)           0.426    16.806    i_ariane/i_cva6/issue_stage_i/i_scoreboard/fu_data_q_reg[0][operand_b][0]_i_5_n_0
    SLICE_X49Y124        LUT6 (Prop_lut6_I5_O)        0.123    16.929 r  i_ariane/i_cva6/issue_stage_i/i_scoreboard/fu_data_q[0][operand_b][0]_i_2/O
                         net (fo=1, routed)           0.236    17.165    i_ariane/i_cva6/issue_stage_i/i_scoreboard/fu_data_q[0][operand_b][0]_i_2_n_0
    SLICE_X49Y124        LUT5 (Prop_lut5_I2_O)        0.043    17.208 r  i_ariane/i_cva6/issue_stage_i/i_scoreboard/fu_data_q[0][operand_b][0]_i_1/O
                         net (fo=4, routed)           0.804    18.012    i_ariane/gen_example_coprocessor.i_cvxif_coprocessor/_carry__14_1[0]
    SLICE_X62Y114        LUT5 (Prop_lut5_I3_O)        0.043    18.055 r  i_ariane/gen_example_coprocessor.i_cvxif_coprocessor/_carry_i_8/O
                         net (fo=1, routed)           0.000    18.055    i_ariane/gen_example_coprocessor.i_cvxif_coprocessor/i_copro_alu/S[0]
    SLICE_X62Y114        CARRY4 (Prop_carry4_S[0]_CO[3])
                                                      0.246    18.301 r  i_ariane/gen_example_coprocessor.i_cvxif_coprocessor/i_copro_alu/_carry/CO[3]
                         net (fo=1, routed)           0.000    18.301    i_ariane/gen_example_coprocessor.i_cvxif_coprocessor/i_copro_alu/_carry_n_0
    SLICE_X62Y115        CARRY4 (Prop_carry4_CI_CO[3])
                                                      0.054    18.355 r  i_ariane/gen_example_coprocessor.i_cvxif_coprocessor/i_copro_alu/_carry__0/CO[3]
                         net (fo=1, routed)           0.000    18.355    i_ariane/gen_example_coprocessor.i_cvxif_coprocessor/i_copro_alu/_carry__0_n_0
    SLICE_X62Y116        CARRY4 (Prop_carry4_CI_CO[3])
                                                      0.054    18.409 r  i_ariane/gen_example_coprocessor.i_cvxif_coprocessor/i_copro_alu/_carry__1/CO[3]
                         net (fo=1, routed)           0.000    18.409    i_ariane/gen_example_coprocessor.i_cvxif_coprocessor/i_copro_alu/_carry__1_n_0
    SLICE_X62Y117        CARRY4 (Prop_carry4_CI_CO[3])
                                                      0.054    18.463 r  i_ariane/gen_example_coprocessor.i_cvxif_coprocessor/i_copro_alu/_carry__2/CO[3]
                         net (fo=1, routed)           0.000    18.463    i_ariane/gen_example_coprocessor.i_cvxif_coprocessor/i_copro_alu/_carry__2_n_0
    SLICE_X62Y118        CARRY4 (Prop_carry4_CI_CO[3])
                                                      0.054    18.517 r  i_ariane/gen_example_coprocessor.i_cvxif_coprocessor/i_copro_alu/_carry__3/CO[3]
                         net (fo=1, routed)           0.000    18.517    i_ariane/gen_example_coprocessor.i_cvxif_coprocessor/i_copro_alu/_carry__3_n_0
    SLICE_X62Y119        CARRY4 (Prop_carry4_CI_CO[3])
                                                      0.054    18.571 r  i_ariane/gen_example_coprocessor.i_cvxif_coprocessor/i_copro_alu/_carry__4/CO[3]
                         net (fo=1, routed)           0.000    18.571    i_ariane/gen_example_coprocessor.i_cvxif_coprocessor/i_copro_alu/_carry__4_n_0
    SLICE_X62Y120        CARRY4 (Prop_carry4_CI_CO[3])
                                                      0.054    18.625 r  i_ariane/gen_example_coprocessor.i_cvxif_coprocessor/i_copro_alu/_carry__5/CO[3]
                         net (fo=1, routed)           0.000    18.625    i_ariane/gen_example_coprocessor.i_cvxif_coprocessor/i_copro_alu/_carry__5_n_0
    SLICE_X62Y121        CARRY4 (Prop_carry4_CI_CO[3])
                                                      0.054    18.679 r  i_ariane/gen_example_coprocessor.i_cvxif_coprocessor/i_copro_alu/_carry__6/CO[3]
                         net (fo=1, routed)           0.000    18.679    i_ariane/gen_example_coprocessor.i_cvxif_coprocessor/i_copro_alu/_carry__6_n_0
    SLICE_X62Y122        CARRY4 (Prop_carry4_CI_CO[3])
                                                      0.054    18.733 r  i_ariane/gen_example_coprocessor.i_cvxif_coprocessor/i_copro_alu/_carry__7/CO[3]
                         net (fo=1, routed)           0.000    18.733    i_ariane/gen_example_coprocessor.i_cvxif_coprocessor/i_copro_alu/_carry__7_n_0
    SLICE_X62Y123        CARRY4 (Prop_carry4_CI_CO[3])
                                                      0.054    18.787 r  i_ariane/gen_example_coprocessor.i_cvxif_coprocessor/i_copro_alu/_carry__8/CO[3]
                         net (fo=1, routed)           0.000    18.787    i_ariane/gen_example_coprocessor.i_cvxif_coprocessor/i_copro_alu/_carry__8_n_0
    SLICE_X62Y124        CARRY4 (Prop_carry4_CI_CO[3])
                                                      0.054    18.841 r  i_ariane/gen_example_coprocessor.i_cvxif_coprocessor/i_copro_alu/_carry__9/CO[3]
                         net (fo=1, routed)           0.007    18.848    i_ariane/gen_example_coprocessor.i_cvxif_coprocessor/i_copro_alu/_carry__9_n_0
    SLICE_X62Y125        CARRY4 (Prop_carry4_CI_CO[3])
                                                      0.054    18.902 r  i_ariane/gen_example_coprocessor.i_cvxif_coprocessor/i_copro_alu/_carry__10/CO[3]
                         net (fo=1, routed)           0.000    18.902    i_ariane/gen_example_coprocessor.i_cvxif_coprocessor/i_copro_alu/_carry__10_n_0
    SLICE_X62Y126        CARRY4 (Prop_carry4_CI_CO[3])
                                                      0.054    18.956 r  i_ariane/gen_example_coprocessor.i_cvxif_coprocessor/i_copro_alu/_carry__11/CO[3]
                         net (fo=1, routed)           0.000    18.956    i_ariane/gen_example_coprocessor.i_cvxif_coprocessor/i_copro_alu/_carry__11_n_0
    SLICE_X62Y127        CARRY4 (Prop_carry4_CI_CO[3])
                                                      0.054    19.010 r  i_ariane/gen_example_coprocessor.i_cvxif_coprocessor/i_copro_alu/_carry__12/CO[3]
                         net (fo=1, routed)           0.000    19.010    i_ariane/gen_example_coprocessor.i_cvxif_coprocessor/i_copro_alu/_carry__12_n_0
    SLICE_X62Y128        CARRY4 (Prop_carry4_CI_CO[3])
                                                      0.054    19.064 r  i_ariane/gen_example_coprocessor.i_cvxif_coprocessor/i_copro_alu/_carry__13/CO[3]
                         net (fo=1, routed)           0.000    19.064    i_ariane/gen_example_coprocessor.i_cvxif_coprocessor/i_copro_alu/_carry__13_n_0
    SLICE_X62Y129        CARRY4 (Prop_carry4_CI_O[3])
                                                      0.151    19.215 r  i_ariane/gen_example_coprocessor.i_cvxif_coprocessor/i_copro_alu/_carry__14/O[3]
                         net (fo=1, routed)           0.344    19.559    i_ariane/gen_example_coprocessor.i_cvxif_coprocessor/i_copro_alu/_carry__14_n_4
    SLICE_X63Y129        LUT2 (Prop_lut2_I0_O)        0.129    19.688 r  i_ariane/gen_example_coprocessor.i_cvxif_coprocessor/i_copro_alu/result_q[63]_i_1/O
                         net (fo=1, routed)           0.000    19.688    i_ariane/gen_example_coprocessor.i_cvxif_coprocessor/i_copro_alu/p_0_in[63]
    SLICE_X63Y129        FDCE                                         r  i_ariane/gen_example_coprocessor.i_cvxif_coprocessor/i_copro_alu/result_q_reg[63]/D
  -------------------------------------------------------------------    -------------------

                         (clock clk_out1_xlnx_clk_gen rise edge)
                                                     20.000    20.000 r  
    BUFGCTRL_X0Y1        BUFG                         0.000    20.000 r  i_ddr/u_xlnx_mig_7_ddr3_mig/u_ddr3_infrastructure/u_bufg_clkdiv0/O
                         net (fo=11414, routed)       1.776    21.776    i_xlnx_clk_gen/inst/clk_in1
    MMCME2_ADV_X1Y0      MMCME2_ADV (Prop_mmcme2_adv_CLKIN1_CLKOUT0)
                                                     -4.195    17.581 r  i_xlnx_clk_gen/inst/mmcm_adv_inst/CLKOUT0
                         net (fo=1, routed)           2.336    19.917    i_xlnx_clk_gen/inst/clk_out1_xlnx_clk_gen
    BUFGCTRL_X0Y0        BUFG (Prop_bufg_I_O)         0.083    20.000 r  i_xlnx_clk_gen/inst/clkout1_buf/O
                         net (fo=36504, routed)       1.250    21.250    i_ariane/gen_example_coprocessor.i_cvxif_coprocessor/i_copro_alu/clk_out1
    SLICE_X63Y129        FDCE                                         r  i_ariane/gen_example_coprocessor.i_cvxif_coprocessor/i_copro_alu/result_q_reg[63]/C
                         clock pessimism              0.013    21.263    
                         clock uncertainty           -0.076    21.187    
    SLICE_X63Y129        FDCE (Setup_fdce_C_D)        0.058    21.245    i_ariane/gen_example_coprocessor.i_cvxif_coprocessor/i_copro_alu/result_q_reg[63]
  -------------------------------------------------------------------
                         required time                         21.245    
                         arrival time                         -19.688    
  -------------------------------------------------------------------
                         slack                                  1.557    

Slack (MET) :             1.706ns  (required time - arrival time)
  Source:                 i_ddr/u_xlnx_mig_7_ddr3_mig/u_iodelay_ctrl/rst_ref_gen_1.rst_ref_sync_r_reg[1][11]/C
                            (rising edge-triggered cell FDPE clocked by clk_ref_mmcm_400  {rise@0.000ns fall@1.250ns period=2.500ns})
  Destination:            i_ddr/u_xlnx_mig_7_ddr3_mig/u_iodelay_ctrl/rst_ref_gen_1.rst_ref_sync_r_reg[1][12]/D
                            (rising edge-triggered cell FDPE clocked by clk_ref_mmcm_400  {rise@0.000ns fall@1.250ns period=2.500ns})
  Path Group:             clk_ref_mmcm_400
  Path Type:              Setup (Max at Slow Process Corner)
  Requirement:            2.500ns  (clk_ref_mmcm_400 rise@2.500ns - clk_ref_mmcm_400 rise@0.000ns)
  Data Path Delay:        0.671ns  (logic 0.259ns (38.588%)  route 0.412ns (61.412%))
  Logic Levels:           0  
  Clock Path Skew:        -0.047ns (DCD - SCD + CPR)
    Destination Clock Delay (DCD):    6.373ns = ( 8.873 - 2.500 ) 
    Source Clock Delay      (SCD):    7.333ns
    Clock Pessimism Removal (CPR):    0.913ns
  Clock Uncertainty:      0.054ns  ((TSJ^2 + DJ^2)^1/2) / 2 + PE
    Total System Jitter     (TSJ):    0.071ns
    Discrete Jitter          (DJ):    0.081ns
    Phase Error              (PE):    0.000ns

    Location             Delay type                Incr(ns)  Path(ns)    Netlist Resource(s)
  -------------------------------------------------------------------    -------------------
                         (clock clk_ref_mmcm_400 rise edge)
                                                      0.000     0.000 r  
    AD12                                              0.000     0.000 r  sys_clk_p (IN)
                         net (fo=0)                   0.000     0.000    i_ddr/u_xlnx_mig_7_ddr3_mig/u_ddr3_clk_ibuf/sys_clk_p
    AD12                 IBUFDS (Prop_ibufds_I_O)     0.832     0.832 r  i_ddr/u_xlnx_mig_7_ddr3_mig/u_ddr3_clk_ibuf/diff_input_clk.u_ibufg_sys_clk/O
                         net (fo=3, routed)           3.626     4.458    i_ddr/u_xlnx_mig_7_ddr3_mig/u_iodelay_ctrl/out
    MMCME2_ADV_X0Y3      MMCME2_ADV (Prop_mmcme2_adv_CLKIN1_CLKOUT1)
                                                      0.077     4.535 r  i_ddr/u_xlnx_mig_7_ddr3_mig/u_iodelay_ctrl/clk_ref_mmcm_gen.mmcm_i/CLKOUT1
                         net (fo=1, routed)           1.465     6.000    i_ddr/u_xlnx_mig_7_ddr3_mig/u_iodelay_ctrl/clk_ref_mmcm_400
    BUFGCTRL_X0Y4        BUFG (Prop_bufg_I_O)         0.093     6.093 r  i_ddr/u_xlnx_mig_7_ddr3_mig/u_iodelay_ctrl/clk_ref_300_400_en.clk_ref_400.u_bufg_clk_ref_400/O
                         net (fo=16, routed)          1.240     7.333    i_ddr/u_xlnx_mig_7_ddr3_mig/u_iodelay_ctrl/clk_ref_300_400_en.clk_ref_400.u_bufg_clk_ref_400_n_0
    SLICE_X106Y186       FDPE                                         r  i_ddr/u_xlnx_mig_7_ddr3_mig/u_iodelay_ctrl/rst_ref_gen_1.rst_ref_sync_r_reg[1][11]/C
  -------------------------------------------------------------------    -------------------
    SLICE_X106Y186       FDPE (Prop_fdpe_C_Q)         0.259     7.592 r  i_ddr/u_xlnx_mig_7_ddr3_mig/u_iodelay_ctrl/rst_ref_gen_1.rst_ref_sync_r_reg[1][11]/Q
                         net (fo=1, routed)           0.412     8.004    i_ddr/u_xlnx_mig_7_ddr3_mig/u_iodelay_ctrl/rst_ref_gen_1.rst_ref_sync_r_reg_n_0_[1][11]
    SLICE_X111Y183       FDPE                                         r  i_ddr/u_xlnx_mig_7_ddr3_mig/u_iodelay_ctrl/rst_ref_gen_1.rst_ref_sync_r_reg[1][12]/D
  -------------------------------------------------------------------    -------------------

                         (clock clk_ref_mmcm_400 rise edge)
                                                      2.500     2.500 r  
    AD12                                              0.000     2.500 r  sys_clk_p (IN)
                         net (fo=0)                   0.000     2.500    i_ddr/u_xlnx_mig_7_ddr3_mig/u_ddr3_clk_ibuf/sys_clk_p
    AD12                 IBUFDS (Prop_ibufds_I_O)     0.735     3.235 r  i_ddr/u_xlnx_mig_7_ddr3_mig/u_ddr3_clk_ibuf/diff_input_clk.u_ibufg_sys_clk/O
                         net (fo=3, routed)           3.019     6.255    i_ddr/u_xlnx_mig_7_ddr3_mig/u_iodelay_ctrl/out
    MMCME2_ADV_X0Y3      MMCME2_ADV (Prop_mmcme2_adv_CLKIN1_CLKOUT1)
                                                      0.073     6.328 r  i_ddr/u_xlnx_mig_7_ddr3_mig/u_iodelay_ctrl/clk_ref_mmcm_gen.mmcm_i/CLKOUT1
                         net (fo=1, routed)           1.355     7.683    i_ddr/u_xlnx_mig_7_ddr3_mig/u_iodelay_ctrl/clk_ref_mmcm_400
    BUFGCTRL_X0Y4        BUFG (Prop_bufg_I_O)         0.083     7.766 r  i_ddr/u_xlnx_mig_7_ddr3_mig/u_iodelay_ctrl/clk_ref_300_400_en.clk_ref_400.u_bufg_clk_ref_400/O
                         net (fo=16, routed)          1.107     8.873    i_ddr/u_xlnx_mig_7_ddr3_mig/u_iodelay_ctrl/clk_ref_300_400_en.clk_ref_400.u_bufg_clk_ref_400_n_0
    SLICE_X111Y183       FDPE                                         r  i_ddr/u_xlnx_mig_7_ddr3_mig/u_iodelay_ctrl/rst_ref_gen_1.rst_ref_sync_r_reg[1][12]/C
                         clock pessimism              0.913     9.786    
                         clock uncertainty           -0.054     9.732    
    SLICE_X111Y183       FDPE (Setup_fdpe_C_D)       -0.022     9.710    i_ddr/u_xlnx_mig_7_ddr3_mig/u_iodelay_ctrl/rst_ref_gen_1.rst_ref_sync_r_reg[1][12]
  -------------------------------------------------------------------
                         required time                          9.710    
                         arrival time                          -8.004    
  -------------------------------------------------------------------
                         slack                                  1.706    

Slack (MET) :             2.092ns  (required time - arrival time)
  Source:                 i_ddr/u_xlnx_mig_7_ddr3_mig/u_ddr3_infrastructure/rstdiv0_sync_r1_reg_rep__21/C
                            (rising edge-triggered cell FDPE clocked by clk_pll_i  {rise@0.000ns fall@2.500ns period=5.000ns})
  Destination:            i_ddr/u_xlnx_mig_7_ddr3_mig/u_ddr3_infrastructure/first_rising_ps_clk_r_reg/D
                            (rising edge-triggered cell FDRE clocked by mmcm_ps_clk_bufg_in  {rise@0.000ns fall@5.000ns period=10.000ns})
  Path Group:             mmcm_ps_clk_bufg_in
  Path Type:              Setup (Max at Slow Process Corner)
  Requirement:            5.000ns  (mmcm_ps_clk_bufg_in rise@10.000ns - clk_pll_i rise@5.000ns)
  Data Path Delay:        2.298ns  (logic 0.272ns (11.836%)  route 2.026ns (88.164%))
  Logic Levels:           1  (LUT1=1)
  Clock Path Skew:        -0.328ns (DCD - SCD + CPR)
    Destination Clock Delay (DCD):    3.306ns = ( 13.306 - 10.000 ) 
    Source Clock Delay      (SCD):    3.756ns = ( 8.756 - 5.000 ) 
    Clock Pessimism Removal (CPR):    0.121ns
  Clock Uncertainty:      0.187ns  ((TSJ^2 + DJ^2)^1/2) / 2 + PE
    Total System Jitter     (TSJ):    0.071ns
    Discrete Jitter          (DJ):    0.114ns
    Phase Error              (PE):    0.120ns

    Location             Delay type                Incr(ns)  Path(ns)    Netlist Resource(s)
  -------------------------------------------------------------------    -------------------
                         (clock clk_pll_i rise edge)
                                                      5.000     5.000 r  
    AD12                                              0.000     5.000 r  sys_clk_p (IN)
                         net (fo=0)                   0.000     5.000    i_ddr/u_xlnx_mig_7_ddr3_mig/u_ddr3_clk_ibuf/sys_clk_p
    AD12                 IBUFDS (Prop_ibufds_I_O)     0.832     5.832 r  i_ddr/u_xlnx_mig_7_ddr3_mig/u_ddr3_clk_ibuf/diff_input_clk.u_ibufg_sys_clk/O
                         net (fo=3, routed)           1.098     6.930    i_ddr/u_xlnx_mig_7_ddr3_mig/u_ddr3_infrastructure/out
    PLLE2_ADV_X1Y1       PLLE2_ADV (Prop_plle2_adv_CLKIN1_CLKOUT3)
                                                      0.077     7.007 r  i_ddr/u_xlnx_mig_7_ddr3_mig/u_ddr3_infrastructure/plle2_i/CLKOUT3
                         net (fo=1, routed)           1.155     8.162    i_ddr/u_xlnx_mig_7_ddr3_mig/u_ddr3_infrastructure/pll_clk3_out
    BUFHCE_X1Y12         BUFH (Prop_bufh_I_O)         0.103     8.265 r  i_ddr/u_xlnx_mig_7_ddr3_mig/u_ddr3_infrastructure/u_bufh_pll_clk3/O
                         net (fo=1, routed)           0.790     9.055    i_ddr/u_xlnx_mig_7_ddr3_mig/u_ddr3_infrastructure/pll_clk3
    MMCME2_ADV_X1Y1      MMCME2_ADV (Prop_mmcme2_adv_CLKIN1_CLKFBOUT)
                                                     -3.987     5.068 r  i_ddr/u_xlnx_mig_7_ddr3_mig/u_ddr3_infrastructure/gen_mmcm.mmcm_i/CLKFBOUT
                         net (fo=1, routed)           2.130     7.198    i_ddr/u_xlnx_mig_7_ddr3_mig/u_ddr3_infrastructure/clk_pll_i
    BUFGCTRL_X0Y1        BUFG (Prop_bufg_I_O)         0.093     7.291 r  i_ddr/u_xlnx_mig_7_ddr3_mig/u_ddr3_infrastructure/u_bufg_clkdiv0/O
                         net (fo=11414, routed)       1.465     8.756    i_ddr/u_xlnx_mig_7_ddr3_mig/u_ddr3_infrastructure/CLK
    SLICE_X124Y112       FDPE                                         r  i_ddr/u_xlnx_mig_7_ddr3_mig/u_ddr3_infrastructure/rstdiv0_sync_r1_reg_rep__21/C
  -------------------------------------------------------------------    -------------------
    SLICE_X124Y112       FDPE (Prop_fdpe_C_Q)         0.223     8.979 f  i_ddr/u_xlnx_mig_7_ddr3_mig/u_ddr3_infrastructure/rstdiv0_sync_r1_reg_rep__21/Q
                         net (fo=45, routed)          1.501    10.480    i_ddr/u_xlnx_mig_7_ddr3_mig/u_ddr3_infrastructure/rstdiv0_sync_r1_reg_rep__21_n_0
    SLICE_X109Y128       LUT1 (Prop_lut1_I0_O)        0.049    10.529 r  i_ddr/u_xlnx_mig_7_ddr3_mig/u_ddr3_infrastructure/first_rising_ps_clk_r_i_1/O
                         net (fo=1, routed)           0.525    11.054    i_ddr/u_xlnx_mig_7_ddr3_mig/u_ddr3_infrastructure/first_rising_ps_clk_ns
    SLICE_X114Y122       FDRE                                         r  i_ddr/u_xlnx_mig_7_ddr3_mig/u_ddr3_infrastructure/first_rising_ps_clk_r_reg/D
  -------------------------------------------------------------------    -------------------

                         (clock mmcm_ps_clk_bufg_in rise edge)
                                                     10.000    10.000 r  
    AD12                                              0.000    10.000 r  sys_clk_p (IN)
                         net (fo=0)                   0.000    10.000    i_ddr/u_xlnx_mig_7_ddr3_mig/u_ddr3_clk_ibuf/sys_clk_p
    AD12                 IBUFDS (Prop_ibufds_I_O)     0.735    10.735 r  i_ddr/u_xlnx_mig_7_ddr3_mig/u_ddr3_clk_ibuf/diff_input_clk.u_ibufg_sys_clk/O
                         net (fo=3, routed)           1.001    11.736    i_ddr/u_xlnx_mig_7_ddr3_mig/u_ddr3_infrastructure/out
    PLLE2_ADV_X1Y1       PLLE2_ADV (Prop_plle2_adv_CLKIN1_CLKOUT3)
                                                      0.073    11.809 r  i_ddr/u_xlnx_mig_7_ddr3_mig/u_ddr3_infrastructure/plle2_i/CLKOUT3
                         net (fo=1, routed)           1.043    12.852    i_ddr/u_xlnx_mig_7_ddr3_mig/u_ddr3_infrastructure/pll_clk3_out
    BUFHCE_X1Y12         BUFH (Prop_bufh_I_O)         0.066    12.918 r  i_ddr/u_xlnx_mig_7_ddr3_mig/u_ddr3_infrastructure/u_bufh_pll_clk3/O
                         net (fo=1, routed)           0.722    13.640    i_ddr/u_xlnx_mig_7_ddr3_mig/u_ddr3_infrastructure/pll_clk3
    MMCME2_ADV_X1Y1      MMCME2_ADV (Prop_mmcme2_adv_CLKIN1_CLKOUT0)
                                                     -3.694     9.946 r  i_ddr/u_xlnx_mig_7_ddr3_mig/u_ddr3_infrastructure/gen_mmcm.mmcm_i/CLKOUT0
                         net (fo=1, routed)           2.005    11.951    i_ddr/u_xlnx_mig_7_ddr3_mig/u_ddr3_infrastructure/mmcm_ps_clk_bufg_in
    BUFGCTRL_X0Y3        BUFG (Prop_bufg_I_O)         0.083    12.034 r  i_ddr/u_xlnx_mig_7_ddr3_mig/u_ddr3_infrastructure/gen_mmcm.u_bufg_mmcm_ps_clk/O
                         net (fo=18, routed)          1.272    13.306    i_ddr/u_xlnx_mig_7_ddr3_mig/u_ddr3_infrastructure/mmcm_ps_clk
    SLICE_X114Y122       FDRE                                         r  i_ddr/u_xlnx_mig_7_ddr3_mig/u_ddr3_infrastructure/first_rising_ps_clk_r_reg/C
                         clock pessimism              0.121    13.428    
                         clock uncertainty           -0.187    13.241    
    SLICE_X114Y122       FDRE (Setup_fdre_C_D)       -0.095    13.146    i_ddr/u_xlnx_mig_7_ddr3_mig/u_ddr3_infrastructure/first_rising_ps_clk_r_reg
  -------------------------------------------------------------------
                         required time                         13.146    
                         arrival time                         -11.054    
  -------------------------------------------------------------------
                         slack                                  2.092    

Slack (MET) :             2.728ns  (required time - arrival time)
  Source:                 i_ddr/u_xlnx_mig_7_ddr3_mig/temp_mon_enabled.u_tempmon/xadc_supplied_temperature.rst_r2_reg/C
                            (rising edge-triggered cell FDRE clocked by sys_clk_p  {rise@0.000ns fall@2.500ns period=5.000ns})
  Destination:            i_ddr/u_xlnx_mig_7_ddr3_mig/temp_mon_enabled.u_tempmon/xadc_supplied_temperature.sample_timer_reg[0]/R
                            (rising edge-triggered cell FDRE clocked by sys_clk_p  {rise@0.000ns fall@2.500ns period=5.000ns})
  Path Group:             sys_clk_p
  Path Type:              Setup (Max at Slow Process Corner)
  Requirement:            5.000ns  (sys_clk_p rise@5.000ns - sys_clk_p rise@0.000ns)
  Data Path Delay:        1.987ns  (logic 0.359ns (18.064%)  route 1.628ns (81.936%))
  Logic Levels:           1  (LUT2=1)
  Clock Path Skew:        0.032ns (DCD - SCD + CPR)
    Destination Clock Delay (DCD):    4.140ns = ( 9.140 - 5.000 ) 
    Source Clock Delay      (SCD):    4.427ns
    Clock Pessimism Removal (CPR):    0.318ns
  Clock Uncertainty:      0.035ns  ((TSJ^2 + TIJ^2)^1/2 + DJ) / 2 + PE
    Total System Jitter     (TSJ):    0.071ns
    Total Input Jitter      (TIJ):    0.000ns
    Discrete Jitter          (DJ):    0.000ns
    Phase Error              (PE):    0.000ns

    Location             Delay type                Incr(ns)  Path(ns)    Netlist Resource(s)
  -------------------------------------------------------------------    -------------------
                         (clock sys_clk_p rise edge)
                                                      0.000     0.000 r  
    AD12                                              0.000     0.000 r  sys_clk_p (IN)
                         net (fo=0)                   0.000     0.000    i_ddr/u_xlnx_mig_7_ddr3_mig/u_ddr3_clk_ibuf/sys_clk_p
    AD12                 IBUFDS (Prop_ibufds_I_O)     0.832     0.832 r  i_ddr/u_xlnx_mig_7_ddr3_mig/u_ddr3_clk_ibuf/diff_input_clk.u_ibufg_sys_clk/O
                         net (fo=3, routed)           2.299     3.131    i_ddr/u_xlnx_mig_7_ddr3_mig/u_iodelay_ctrl/out
    BUFGCTRL_X0Y7        BUFG (Prop_bufg_I_O)         0.093     3.224 r  i_ddr/u_xlnx_mig_7_ddr3_mig/u_iodelay_ctrl/clk_ref_200.u_bufg_clk_ref/O
                         net (fo=59, routed)          1.203     4.427    i_ddr/u_xlnx_mig_7_ddr3_mig/temp_mon_enabled.u_tempmon/CLK
    SLICE_X56Y174        FDRE                                         r  i_ddr/u_xlnx_mig_7_ddr3_mig/temp_mon_enabled.u_tempmon/xadc_supplied_temperature.rst_r2_reg/C
  -------------------------------------------------------------------    -------------------
    SLICE_X56Y174        FDRE (Prop_fdre_C_Q)         0.236     4.663 r  i_ddr/u_xlnx_mig_7_ddr3_mig/temp_mon_enabled.u_tempmon/xadc_supplied_temperature.rst_r2_reg/Q
                         net (fo=32, routed)          1.232     5.894    i_ddr/u_xlnx_mig_7_ddr3_mig/temp_mon_enabled.u_tempmon/xadc_supplied_temperature.rst_r2
    SLICE_X38Y185        LUT2 (Prop_lut2_I0_O)        0.123     6.017 r  i_ddr/u_xlnx_mig_7_ddr3_mig/temp_mon_enabled.u_tempmon/xadc_supplied_temperature.sample_timer[10]_i_1/O
                         net (fo=11, routed)          0.397     6.414    i_ddr/u_xlnx_mig_7_ddr3_mig/temp_mon_enabled.u_tempmon/xadc_supplied_temperature.sample_timer0
    SLICE_X38Y185        FDRE                                         r  i_ddr/u_xlnx_mig_7_ddr3_mig/temp_mon_enabled.u_tempmon/xadc_supplied_temperature.sample_timer_reg[0]/R
  -------------------------------------------------------------------    -------------------

                         (clock sys_clk_p rise edge)
                                                      5.000     5.000 r  
    AD12                                              0.000     5.000 r  sys_clk_p (IN)
                         net (fo=0)                   0.000     5.000    i_ddr/u_xlnx_mig_7_ddr3_mig/u_ddr3_clk_ibuf/sys_clk_p
    AD12                 IBUFDS (Prop_ibufds_I_O)     0.735     5.735 r  i_ddr/u_xlnx_mig_7_ddr3_mig/u_ddr3_clk_ibuf/diff_input_clk.u_ibufg_sys_clk/O
                         net (fo=3, routed)           2.173     7.908    i_ddr/u_xlnx_mig_7_ddr3_mig/u_iodelay_ctrl/out
    BUFGCTRL_X0Y7        BUFG (Prop_bufg_I_O)         0.083     7.991 r  i_ddr/u_xlnx_mig_7_ddr3_mig/u_iodelay_ctrl/clk_ref_200.u_bufg_clk_ref/O
                         net (fo=59, routed)          1.149     9.140    i_ddr/u_xlnx_mig_7_ddr3_mig/temp_mon_enabled.u_tempmon/CLK
    SLICE_X38Y185        FDRE                                         r  i_ddr/u_xlnx_mig_7_ddr3_mig/temp_mon_enabled.u_tempmon/xadc_supplied_temperature.sample_timer_reg[0]/C
                         clock pessimism              0.318     9.459    
                         clock uncertainty           -0.035     9.423    
    SLICE_X38Y185        FDRE (Setup_fdre_C_R)       -0.281     9.142    i_ddr/u_xlnx_mig_7_ddr3_mig/temp_mon_enabled.u_tempmon/xadc_supplied_temperature.sample_timer_reg[0]
  -------------------------------------------------------------------
                         required time                          9.142    
                         arrival time                          -6.414    
  -------------------------------------------------------------------
                         slack                                  2.728    

Slack (MET) :             2.772ns  (required time - arrival time)
  Source:                 i_xlnx_axi_clock_converter_ddr/inst/gen_clock_conv.gen_async_conv.asyncfifo_axi/inst_fifo_gen/gaxi_full_lite.gread_ch.grach2.axi_rach/grf.rf/rstblk/ngwrdrst.grst.g7serrst.gnsckt_wrst.gic_rst.sckt_rd_rst_ic_reg/C
                            (rising edge-triggered cell FDPE clocked by clk_pll_i  {rise@0.000ns fall@2.500ns period=5.000ns})
  Destination:            i_xlnx_axi_clock_converter_ddr/inst/gen_clock_conv.gen_async_conv.asyncfifo_axi/inst_fifo_gen/gaxi_full_lite.gread_ch.grach2.axi_rach/grf.rf/gntv_or_sync_fifo.gl0.rd/gr1.gr1_int.rfwft/gpregsm1.curr_fwft_state_reg[0]/CLR
                            (recovery check against rising-edge clock clk_pll_i  {rise@0.000ns fall@2.500ns period=5.000ns})
  Path Group:             **async_default**
  Path Type:              Recovery (Max at Slow Process Corner)
  Requirement:            5.000ns  (clk_pll_i rise@5.000ns - clk_pll_i rise@0.000ns)
  Data Path Delay:        1.875ns  (logic 0.223ns (11.894%)  route 1.652ns (88.106%))
  Logic Levels:           0  
  Clock Path Skew:        -0.089ns (DCD - SCD + CPR)
    Destination Clock Delay (DCD):    3.537ns = ( 8.537 - 5.000 ) 
    Source Clock Delay      (SCD):    3.973ns
    Clock Pessimism Removal (CPR):    0.346ns
  Clock Uncertainty:      0.052ns  ((TSJ^2 + DJ^2)^1/2) / 2 + PE
    Total System Jitter     (TSJ):    0.071ns
    Discrete Jitter          (DJ):    0.077ns
    Phase Error              (PE):    0.000ns

    Location             Delay type                Incr(ns)  Path(ns)    Netlist Resource(s)
  -------------------------------------------------------------------    -------------------
                         (clock clk_pll_i rise edge)
                                                      0.000     0.000 r  
    AD12                                              0.000     0.000 r  sys_clk_p (IN)
                         net (fo=0)                   0.000     0.000    i_ddr/u_xlnx_mig_7_ddr3_mig/u_ddr3_clk_ibuf/sys_clk_p
    AD12                 IBUFDS (Prop_ibufds_I_O)     0.832     0.832 r  i_ddr/u_xlnx_mig_7_ddr3_mig/u_ddr3_clk_ibuf/diff_input_clk.u_ibufg_sys_clk/O
                         net (fo=3, routed)           1.098     1.930    i_ddr/u_xlnx_mig_7_ddr3_mig/u_ddr3_infrastructure/out
    PLLE2_ADV_X1Y1       PLLE2_ADV (Prop_plle2_adv_CLKIN1_CLKOUT3)
                                                      0.077     2.007 r  i_ddr/u_xlnx_mig_7_ddr3_mig/u_ddr3_infrastructure/plle2_i/CLKOUT3
                         net (fo=1, routed)           1.155     3.162    i_ddr/u_xlnx_mig_7_ddr3_mig/u_ddr3_infrastructure/pll_clk3_out
    BUFHCE_X1Y12         BUFH (Prop_bufh_I_O)         0.103     3.265 r  i_ddr/u_xlnx_mig_7_ddr3_mig/u_ddr3_infrastructure/u_bufh_pll_clk3/O
                         net (fo=1, routed)           0.790     4.055    i_ddr/u_xlnx_mig_7_ddr3_mig/u_ddr3_infrastructure/pll_clk3
    MMCME2_ADV_X1Y1      MMCME2_ADV (Prop_mmcme2_adv_CLKIN1_CLKFBOUT)
                                                     -3.987     0.068 r  i_ddr/u_xlnx_mig_7_ddr3_mig/u_ddr3_infrastructure/gen_mmcm.mmcm_i/CLKFBOUT
                         net (fo=1, routed)           2.130     2.198    i_ddr/u_xlnx_mig_7_ddr3_mig/u_ddr3_infrastructure/clk_pll_i
    BUFGCTRL_X0Y1        BUFG (Prop_bufg_I_O)         0.093     2.291 r  i_ddr/u_xlnx_mig_7_ddr3_mig/u_ddr3_infrastructure/u_bufg_clkdiv0/O
                         net (fo=11414, routed)       1.682     3.973    i_xlnx_axi_clock_converter_ddr/inst/gen_clock_conv.gen_async_conv.asyncfifo_axi/inst_fifo_gen/gaxi_full_lite.gread_ch.grach2.axi_rach/grf.rf/rstblk/m_aclk
    SLICE_X146Y76        FDPE                                         r  i_xlnx_axi_clock_converter_ddr/inst/gen_clock_conv.gen_async_conv.asyncfifo_axi/inst_fifo_gen/gaxi_full_lite.gread_ch.grach2.axi_rach/grf.rf/rstblk/ngwrdrst.grst.g7serrst.gnsckt_wrst.gic_rst.sckt_rd_rst_ic_reg/C
  -------------------------------------------------------------------    -------------------
    SLICE_X146Y76        FDPE (Prop_fdpe_C_Q)         0.223     4.196 f  i_xlnx_axi_clock_converter_ddr/inst/gen_clock_conv.gen_async_conv.asyncfifo_axi/inst_fifo_gen/gaxi_full_lite.gread_ch.grach2.axi_rach/grf.rf/rstblk/ngwrdrst.grst.g7serrst.gnsckt_wrst.gic_rst.sckt_rd_rst_ic_reg/Q
                         net (fo=21, routed)          1.652     5.847    i_xlnx_axi_clock_converter_ddr/inst/gen_clock_conv.gen_async_conv.asyncfifo_axi/inst_fifo_gen/gaxi_full_lite.gread_ch.grach2.axi_rach/grf.rf/gntv_or_sync_fifo.gl0.rd/gr1.gr1_int.rfwft/gpregsm1.user_valid_reg_0
    SLICE_X128Y90        FDCE                                         f  i_xlnx_axi_clock_converter_ddr/inst/gen_clock_conv.gen_async_conv.asyncfifo_axi/inst_fifo_gen/gaxi_full_lite.gread_ch.grach2.axi_rach/grf.rf/gntv_or_sync_fifo.gl0.rd/gr1.gr1_int.rfwft/gpregsm1.curr_fwft_state_reg[0]/CLR
  -------------------------------------------------------------------    -------------------

                         (clock clk_pll_i rise edge)
                                                      5.000     5.000 r  
    AD12                                              0.000     5.000 r  sys_clk_p (IN)
                         net (fo=0)                   0.000     5.000    i_ddr/u_xlnx_mig_7_ddr3_mig/u_ddr3_clk_ibuf/sys_clk_p
    AD12                 IBUFDS (Prop_ibufds_I_O)     0.735     5.735 r  i_ddr/u_xlnx_mig_7_ddr3_mig/u_ddr3_clk_ibuf/diff_input_clk.u_ibufg_sys_clk/O
                         net (fo=3, routed)           1.001     6.736    i_ddr/u_xlnx_mig_7_ddr3_mig/u_ddr3_infrastructure/out
    PLLE2_ADV_X1Y1       PLLE2_ADV (Prop_plle2_adv_CLKIN1_CLKOUT3)
                                                      0.073     6.809 r  i_ddr/u_xlnx_mig_7_ddr3_mig/u_ddr3_infrastructure/plle2_i/CLKOUT3
                         net (fo=1, routed)           1.043     7.852    i_ddr/u_xlnx_mig_7_ddr3_mig/u_ddr3_infrastructure/pll_clk3_out
    BUFHCE_X1Y12         BUFH (Prop_bufh_I_O)         0.066     7.918 r  i_ddr/u_xlnx_mig_7_ddr3_mig/u_ddr3_infrastructure/u_bufh_pll_clk3/O
                         net (fo=1, routed)           0.722     8.640    i_ddr/u_xlnx_mig_7_ddr3_mig/u_ddr3_infrastructure/pll_clk3
    MMCME2_ADV_X1Y1      MMCME2_ADV (Prop_mmcme2_adv_CLKIN1_CLKFBOUT)
                                                     -3.694     4.946 r  i_ddr/u_xlnx_mig_7_ddr3_mig/u_ddr3_infrastructure/gen_mmcm.mmcm_i/CLKFBOUT
                         net (fo=1, routed)           2.005     6.951    i_ddr/u_xlnx_mig_7_ddr3_mig/u_ddr3_infrastructure/clk_pll_i
    BUFGCTRL_X0Y1        BUFG (Prop_bufg_I_O)         0.083     7.034 r  i_ddr/u_xlnx_mig_7_ddr3_mig/u_ddr3_infrastructure/u_bufg_clkdiv0/O
                         net (fo=11414, routed)       1.503     8.537    i_xlnx_axi_clock_converter_ddr/inst/gen_clock_conv.gen_async_conv.asyncfifo_axi/inst_fifo_gen/gaxi_full_lite.gread_ch.grach2.axi_rach/grf.rf/gntv_or_sync_fifo.gl0.rd/gr1.gr1_int.rfwft/m_aclk
    SLICE_X128Y90        FDCE                                         r  i_xlnx_axi_clock_converter_ddr/inst/gen_clock_conv.gen_async_conv.asyncfifo_axi/inst_fifo_gen/gaxi_full_lite.gread_ch.grach2.axi_rach/grf.rf/gntv_or_sync_fifo.gl0.rd/gr1.gr1_int.rfwft/gpregsm1.curr_fwft_state_reg[0]/C
                         clock pessimism              0.346     8.884    
                         clock uncertainty           -0.052     8.831    
    SLICE_X128Y90        FDCE (Recov_fdce_C_CLR)     -0.212     8.619    i_xlnx_axi_clock_converter_ddr/inst/gen_clock_conv.gen_async_conv.asyncfifo_axi/inst_fifo_gen/gaxi_full_lite.gread_ch.grach2.axi_rach/grf.rf/gntv_or_sync_fifo.gl0.rd/gr1.gr1_int.rfwft/gpregsm1.curr_fwft_state_reg[0]
  -------------------------------------------------------------------
                         required time                          8.619    
                         arrival time                          -5.847    
  -------------------------------------------------------------------
                         slack                                  2.772    

Slack (MET) :             2.840ns  (required time - arrival time)
  Source:                 i_ddr/u_xlnx_mig_7_ddr3_mig/u_memc_ui_top_axi/mem_intfc0/mc0/mc_read_idle_r_reg/C
                            (rising edge-triggered cell FDRE clocked by clk_pll_i  {rise@0.000ns fall@2.500ns period=5.000ns})
  Destination:            i_ddr/u_xlnx_mig_7_ddr3_mig/u_memc_ui_top_axi/mem_intfc0/ddr_phy_top0/u_ddr_mc_phy_wrapper/u_ddr_mc_phy/ddr_phy_4lanes_0.u_ddr_phy_4lanes/ddr_byte_lane_D.ddr_byte_lane_D/ddr_byte_group_io/input_[8].iserdes_dq_.iserdesdq/DDLY
                            (falling edge-triggered cell ISERDESE2 clocked by u_memc_ui_top_axi/mem_intfc0/ddr_phy_top0/u_ddr_mc_phy_wrapper/u_ddr_mc_phy/ddr_phy_4lanes_0.u_ddr_phy_4lanes/ddr_byte_lane_D.ddr_byte_lane_D/iserdes_clk  {rise@1.172ns fall@1.797ns period=1.250ns})
  Path Group:             u_memc_ui_top_axi/mem_intfc0/ddr_phy_top0/u_ddr_mc_phy_wrapper/u_ddr_mc_phy/ddr_phy_4lanes_0.u_ddr_phy_4lanes/ddr_byte_lane_D.ddr_byte_lane_D/iserdes_clk
  Path Type:              Setup (Max at Slow Process Corner)
  Requirement:            6.797ns  (u_memc_ui_top_axi/mem_intfc0/ddr_phy_top0/u_ddr_mc_phy_wrapper/u_ddr_mc_phy/ddr_phy_4lanes_0.u_ddr_phy_4lanes/ddr_byte_lane_D.ddr_byte_lane_D/iserdes_clk fall@6.797ns - clk_pll_i rise@0.000ns)
  Data Path Delay:        4.694ns  (logic 2.342ns (49.893%)  route 2.352ns (50.107%))
  Logic Levels:           2  (IBUF_IBUFDISABLE=1 IDELAYE2_FINEDELAY=1)
  Clock Path Skew:        1.025ns (DCD - SCD + CPR)
    Destination Clock Delay (DCD):    4.575ns = ( 5.122 - 0.547 ) 
    Source Clock Delay      (SCD):    3.748ns
    Clock Pessimism Removal (CPR):    0.197ns
  Clock Uncertainty:      0.173ns  ((TSJ^2 + DJ^2)^1/2) / 2 + PE
    Total System Jitter     (TSJ):    0.071ns
    Discrete Jitter          (DJ):    0.076ns
    Phase Error              (PE):    0.121ns
  Timing Exception:       MultiCycle Path   Setup -end   6    

    Location             Delay type                Incr(ns)  Path(ns)    Netlist Resource(s)
  -------------------------------------------------------------------    -------------------
                         (clock clk_pll_i rise edge)
                                                      0.000     0.000 r  
    AD12                                              0.000     0.000 r  sys_clk_p (IN)
                         net (fo=0)                   0.000     0.000    i_ddr/u_xlnx_mig_7_ddr3_mig/u_ddr3_clk_ibuf/sys_clk_p
    AD12                 IBUFDS (Prop_ibufds_I_O)     0.832     0.832 r  i_ddr/u_xlnx_mig_7_ddr3_mig/u_ddr3_clk_ibuf/diff_input_clk.u_ibufg_sys_clk/O
                         net (fo=3, routed)           1.098     1.930    i_ddr/u_xlnx_mig_7_ddr3_mig/u_ddr3_infrastructure/out
    PLLE2_ADV_X1Y1       PLLE2_ADV (Prop_plle2_adv_CLKIN1_CLKOUT3)
                                                      0.077     2.007 r  i_ddr/u_xlnx_mig_7_ddr3_mig/u_ddr3_infrastructure/plle2_i/CLKOUT3
                         net (fo=1, routed)           1.155     3.162    i_ddr/u_xlnx_mig_7_ddr3_mig/u_ddr3_infrastructure/pll_clk3_out
    BUFHCE_X1Y12         BUFH (Prop_bufh_I_O)         0.103     3.265 r  i_ddr/u_xlnx_mig_7_ddr3_mig/u_ddr3_infrastructure/u_bufh_pll_clk3/O
                         net (fo=1, routed)           0.790     4.055    i_ddr/u_xlnx_mig_7_ddr3_mig/u_ddr3_infrastructure/pll_clk3
    MMCME2_ADV_X1Y1      MMCME2_ADV (Prop_mmcme2_adv_CLKIN1_CLKFBOUT)
                                                     -3.987     0.068 r  i_ddr/u_xlnx_mig_7_ddr3_mig/u_ddr3_infrastructure/gen_mmcm.mmcm_i/CLKFBOUT
                         net (fo=1, routed)           2.130     2.198    i_ddr/u_xlnx_mig_7_ddr3_mig/u_ddr3_infrastructure/clk_pll_i
    BUFGCTRL_X0Y1        BUFG (Prop_bufg_I_O)         0.093     2.291 r  i_ddr/u_xlnx_mig_7_ddr3_mig/u_ddr3_infrastructure/u_bufg_clkdiv0/O
                         net (fo=11414, routed)       1.457     3.748    i_ddr/u_xlnx_mig_7_ddr3_mig/u_memc_ui_top_axi/mem_intfc0/mc0/CLK
    SLICE_X141Y123       FDRE                                         r  i_ddr/u_xlnx_mig_7_ddr3_mig/u_memc_ui_top_axi/mem_intfc0/mc0/mc_read_idle_r_reg/C
  -------------------------------------------------------------------    -------------------
    SLICE_X141Y123       FDRE (Prop_fdre_C_Q)         0.223     3.971 r  i_ddr/u_xlnx_mig_7_ddr3_mig/u_memc_ui_top_axi/mem_intfc0/mc0/mc_read_idle_r_reg/Q
                         net (fo=72, routed)          2.352     6.323    i_ddr/u_xlnx_mig_7_ddr3_mig/u_memc_ui_top_axi/mem_intfc0/ddr_phy_top0/u_ddr_mc_phy_wrapper/gen_dq_iobuf_HP.gen_dq_iobuf[0].u_iobuf_dq/IBUFDISABLE
    AD3                  IBUF_IBUFDISABLE (Prop_ibuf_ibufdisable_IBUFDISABLE_O)
                                                      1.453     7.776 r  i_ddr/u_xlnx_mig_7_ddr3_mig/u_memc_ui_top_axi/mem_intfc0/ddr_phy_top0/u_ddr_mc_phy_wrapper/gen_dq_iobuf_HP.gen_dq_iobuf[0].u_iobuf_dq/IBUF/O
                         net (fo=2, routed)           0.000     7.776    i_ddr/u_xlnx_mig_7_ddr3_mig/u_memc_ui_top_axi/mem_intfc0/ddr_phy_top0/u_ddr_mc_phy_wrapper/u_ddr_mc_phy/ddr_phy_4lanes_0.u_ddr_phy_4lanes/ddr_byte_lane_D.ddr_byte_lane_D/ddr_byte_group_io/mem_dq_in[7]
    IDELAY_X1Y147        IDELAYE2_FINEDELAY (Prop_idelaye2_finedelay_IDATAIN_DATAOUT)
                                                      0.666     8.442 r  i_ddr/u_xlnx_mig_7_ddr3_mig/u_memc_ui_top_axi/mem_intfc0/ddr_phy_top0/u_ddr_mc_phy_wrapper/u_ddr_mc_phy/ddr_phy_4lanes_0.u_ddr_phy_4lanes/ddr_byte_lane_D.ddr_byte_lane_D/ddr_byte_group_io/input_[8].iserdes_dq_.idelay_finedelay_dq.idelaye2/DATAOUT
                         net (fo=1, routed)           0.000     8.442    i_ddr/u_xlnx_mig_7_ddr3_mig/u_memc_ui_top_axi/mem_intfc0/ddr_phy_top0/u_ddr_mc_phy_wrapper/u_ddr_mc_phy/ddr_phy_4lanes_0.u_ddr_phy_4lanes/ddr_byte_lane_D.ddr_byte_lane_D/ddr_byte_group_io/data_in_dly_8
    ILOGIC_X1Y147        ISERDESE2                                    r  i_ddr/u_xlnx_mig_7_ddr3_mig/u_memc_ui_top_axi/mem_intfc0/ddr_phy_top0/u_ddr_mc_phy_wrapper/u_ddr_mc_phy/ddr_phy_4lanes_0.u_ddr_phy_4lanes/ddr_byte_lane_D.ddr_byte_lane_D/ddr_byte_group_io/input_[8].iserdes_dq_.iserdesdq/DDLY
  -------------------------------------------------------------------    -------------------

                         (clock u_memc_ui_top_axi/mem_intfc0/ddr_phy_top0/u_ddr_mc_phy_wrapper/u_ddr_mc_phy/ddr_phy_4lanes_0.u_ddr_phy_4lanes/ddr_byte_lane_D.ddr_byte_lane_D/iserdes_clk fall edge)
                                                      6.797     6.797 f  
    AD12                                              0.000     6.797 f  sys_clk_p (IN)
                         net (fo=0)                   0.000     6.797    i_ddr/u_xlnx_mig_7_ddr3_mig/u_ddr3_clk_ibuf/sys_clk_p
    AD12                 IBUFDS (Prop_ibufds_I_O)     0.735     7.532 f  i_ddr/u_xlnx_mig_7_ddr3_mig/u_ddr3_clk_ibuf/diff_input_clk.u_ibufg_sys_clk/O
                         net (fo=3, routed)           1.001     8.533    i_ddr/u_xlnx_mig_7_ddr3_mig/u_ddr3_infrastructure/out
    PLLE2_ADV_X1Y1       PLLE2_ADV (Prop_plle2_adv_CLKIN1_CLKOUT0)
                                                      0.073     8.606 f  i_ddr/u_xlnx_mig_7_ddr3_mig/u_ddr3_infrastructure/plle2_i/CLKOUT0
                         net (fo=14, routed)          1.057     9.663    i_ddr/u_xlnx_mig_7_ddr3_mig/u_memc_ui_top_axi/mem_intfc0/ddr_phy_top0/u_ddr_mc_phy_wrapper/u_ddr_mc_phy/ddr_phy_4lanes_0.u_ddr_phy_4lanes/ddr_byte_lane_D.ddr_byte_lane_D/freq_refclk
    PHASER_IN_PHY_X1Y11  PHASER_IN_PHY (Prop_phaser_in_phy_FREQREFCLK_ICLK)
                                                      1.394    11.057 f  i_ddr/u_xlnx_mig_7_ddr3_mig/u_memc_ui_top_axi/mem_intfc0/ddr_phy_top0/u_ddr_mc_phy_wrapper/u_ddr_mc_phy/ddr_phy_4lanes_0.u_ddr_phy_4lanes/ddr_byte_lane_D.ddr_byte_lane_D/phaser_in_gen.phaser_in/ICLK
                         net (fo=16, routed)          0.315    11.372    i_ddr/u_xlnx_mig_7_ddr3_mig/u_memc_ui_top_axi/mem_intfc0/ddr_phy_top0/u_ddr_mc_phy_wrapper/u_ddr_mc_phy/ddr_phy_4lanes_0.u_ddr_phy_4lanes/ddr_byte_lane_D.ddr_byte_lane_D/ddr_byte_group_io/CLKB0_9
    ILOGIC_X1Y147        ISERDESE2                                    r  i_ddr/u_xlnx_mig_7_ddr3_mig/u_memc_ui_top_axi/mem_intfc0/ddr_phy_top0/u_ddr_mc_phy_wrapper/u_ddr_mc_phy/ddr_phy_4lanes_0.u_ddr_phy_4lanes/ddr_byte_lane_D.ddr_byte_lane_D/ddr_byte_group_io/input_[8].iserdes_dq_.iserdesdq/CLKB  (IS_INVERTED)
                         clock pessimism              0.197    11.570    
                         clock uncertainty           -0.173    11.397    
    ILOGIC_X1Y147        ISERDESE2 (Setup_iserdese2_CLKB_DDLY)
                                                     -0.115    11.282    i_ddr/u_xlnx_mig_7_ddr3_mig/u_memc_ui_top_axi/mem_intfc0/ddr_phy_top0/u_ddr_mc_phy_wrapper/u_ddr_mc_phy/ddr_phy_4lanes_0.u_ddr_phy_4lanes/ddr_byte_lane_D.ddr_byte_lane_D/ddr_byte_group_io/input_[8].iserdes_dq_.iserdesdq
  -------------------------------------------------------------------
                         required time                         11.282    
                         arrival time                          -8.442    
  -------------------------------------------------------------------
                         slack                                  2.840    

Slack (MET) :             3.262ns  (required time - arrival time)
  Source:                 i_ddr/u_xlnx_mig_7_ddr3_mig/u_memc_ui_top_axi/mem_intfc0/mc0/mc_read_idle_r_reg/C
                            (rising edge-triggered cell FDRE clocked by clk_pll_i  {rise@0.000ns fall@2.500ns period=5.000ns})
  Destination:            i_ddr/u_xlnx_mig_7_ddr3_mig/u_memc_ui_top_axi/mem_intfc0/ddr_phy_top0/u_ddr_mc_phy_wrapper/u_ddr_mc_phy/ddr_phy_4lanes_0.u_ddr_phy_4lanes/ddr_byte_lane_A.ddr_byte_lane_A/ddr_byte_group_io/input_[0].iserdes_dq_.iserdesdq/DDLY
                            (falling edge-triggered cell ISERDESE2 clocked by u_memc_ui_top_axi/mem_intfc0/ddr_phy_top0/u_ddr_mc_phy_wrapper/u_ddr_mc_phy/ddr_phy_4lanes_0.u_ddr_phy_4lanes/ddr_byte_lane_A.ddr_byte_lane_A/iserdes_clk  {rise@1.172ns fall@1.797ns period=1.250ns})
  Path Group:             u_memc_ui_top_axi/mem_intfc0/ddr_phy_top0/u_ddr_mc_phy_wrapper/u_ddr_mc_phy/ddr_phy_4lanes_0.u_ddr_phy_4lanes/ddr_byte_lane_A.ddr_byte_lane_A/iserdes_clk
  Path Type:              Setup (Max at Slow Process Corner)
  Requirement:            6.797ns  (u_memc_ui_top_axi/mem_intfc0/ddr_phy_top0/u_ddr_mc_phy_wrapper/u_ddr_mc_phy/ddr_phy_4lanes_0.u_ddr_phy_4lanes/ddr_byte_lane_A.ddr_byte_lane_A/iserdes_clk fall@6.797ns - clk_pll_i rise@0.000ns)
  Data Path Delay:        4.288ns  (logic 2.342ns (54.614%)  route 1.946ns (45.386%))
  Logic Levels:           2  (IBUF_IBUFDISABLE=1 IDELAYE2_FINEDELAY=1)
  Clock Path Skew:        1.041ns (DCD - SCD + CPR)
    Destination Clock Delay (DCD):    4.591ns = ( 5.138 - 0.547 ) 
    Source Clock Delay      (SCD):    3.748ns
    Clock Pessimism Removal (CPR):    0.197ns
  Clock Uncertainty:      0.173ns  ((TSJ^2 + DJ^2)^1/2) / 2 + PE
    Total System Jitter     (TSJ):    0.071ns
    Discrete Jitter          (DJ):    0.076ns
    Phase Error              (PE):    0.121ns
  Timing Exception:       MultiCycle Path   Setup -end   6    

    Location             Delay type                Incr(ns)  Path(ns)    Netlist Resource(s)
  -------------------------------------------------------------------    -------------------
                         (clock clk_pll_i rise edge)
                                                      0.000     0.000 r  
    AD12                                              0.000     0.000 r  sys_clk_p (IN)
                         net (fo=0)                   0.000     0.000    i_ddr/u_xlnx_mig_7_ddr3_mig/u_ddr3_clk_ibuf/sys_clk_p
    AD12                 IBUFDS (Prop_ibufds_I_O)     0.832     0.832 r  i_ddr/u_xlnx_mig_7_ddr3_mig/u_ddr3_clk_ibuf/diff_input_clk.u_ibufg_sys_clk/O
                         net (fo=3, routed)           1.098     1.930    i_ddr/u_xlnx_mig_7_ddr3_mig/u_ddr3_infrastructure/out
    PLLE2_ADV_X1Y1       PLLE2_ADV (Prop_plle2_adv_CLKIN1_CLKOUT3)
                                                      0.077     2.007 r  i_ddr/u_xlnx_mig_7_ddr3_mig/u_ddr3_infrastructure/plle2_i/CLKOUT3
                         net (fo=1, routed)           1.155     3.162    i_ddr/u_xlnx_mig_7_ddr3_mig/u_ddr3_infrastructure/pll_clk3_out
    BUFHCE_X1Y12         BUFH (Prop_bufh_I_O)         0.103     3.265 r  i_ddr/u_xlnx_mig_7_ddr3_mig/u_ddr3_infrastructure/u_bufh_pll_clk3/O
                         net (fo=1, routed)           0.790     4.055    i_ddr/u_xlnx_mig_7_ddr3_mig/u_ddr3_infrastructure/pll_clk3
    MMCME2_ADV_X1Y1      MMCME2_ADV (Prop_mmcme2_adv_CLKIN1_CLKFBOUT)
                                                     -3.987     0.068 r  i_ddr/u_xlnx_mig_7_ddr3_mig/u_ddr3_infrastructure/gen_mmcm.mmcm_i/CLKFBOUT
                         net (fo=1, routed)           2.130     2.198    i_ddr/u_xlnx_mig_7_ddr3_mig/u_ddr3_infrastructure/clk_pll_i
    BUFGCTRL_X0Y1        BUFG (Prop_bufg_I_O)         0.093     2.291 r  i_ddr/u_xlnx_mig_7_ddr3_mig/u_ddr3_infrastructure/u_bufg_clkdiv0/O
                         net (fo=11414, routed)       1.457     3.748    i_ddr/u_xlnx_mig_7_ddr3_mig/u_memc_ui_top_axi/mem_intfc0/mc0/CLK
    SLICE_X141Y123       FDRE                                         r  i_ddr/u_xlnx_mig_7_ddr3_mig/u_memc_ui_top_axi/mem_intfc0/mc0/mc_read_idle_r_reg/C
  -------------------------------------------------------------------    -------------------
    SLICE_X141Y123       FDRE (Prop_fdre_C_Q)         0.223     3.971 r  i_ddr/u_xlnx_mig_7_ddr3_mig/u_memc_ui_top_axi/mem_intfc0/mc0/mc_read_idle_r_reg/Q
                         net (fo=72, routed)          1.946     5.917    i_ddr/u_xlnx_mig_7_ddr3_mig/u_memc_ui_top_axi/mem_intfc0/ddr_phy_top0/u_ddr_mc_phy_wrapper/gen_dq_iobuf_HP.gen_dq_iobuf[31].u_iobuf_dq/IBUFDISABLE
    AK4                  IBUF_IBUFDISABLE (Prop_ibuf_ibufdisable_IBUFDISABLE_O)
                                                      1.453     7.370 r  i_ddr/u_xlnx_mig_7_ddr3_mig/u_memc_ui_top_axi/mem_intfc0/ddr_phy_top0/u_ddr_mc_phy_wrapper/gen_dq_iobuf_HP.gen_dq_iobuf[31].u_iobuf_dq/IBUF/O
                         net (fo=2, routed)           0.000     7.370    i_ddr/u_xlnx_mig_7_ddr3_mig/u_memc_ui_top_axi/mem_intfc0/ddr_phy_top0/u_ddr_mc_phy_wrapper/u_ddr_mc_phy/ddr_phy_4lanes_0.u_ddr_phy_4lanes/ddr_byte_lane_A.ddr_byte_lane_A/ddr_byte_group_io/mem_dq_in[0]
    IDELAY_X1Y101        IDELAYE2_FINEDELAY (Prop_idelaye2_finedelay_IDATAIN_DATAOUT)
                                                      0.666     8.036 r  i_ddr/u_xlnx_mig_7_ddr3_mig/u_memc_ui_top_axi/mem_intfc0/ddr_phy_top0/u_ddr_mc_phy_wrapper/u_ddr_mc_phy/ddr_phy_4lanes_0.u_ddr_phy_4lanes/ddr_byte_lane_A.ddr_byte_lane_A/ddr_byte_group_io/input_[0].iserdes_dq_.idelay_finedelay_dq.idelaye2/DATAOUT
                         net (fo=1, routed)           0.000     8.036    i_ddr/u_xlnx_mig_7_ddr3_mig/u_memc_ui_top_axi/mem_intfc0/ddr_phy_top0/u_ddr_mc_phy_wrapper/u_ddr_mc_phy/ddr_phy_4lanes_0.u_ddr_phy_4lanes/ddr_byte_lane_A.ddr_byte_lane_A/ddr_byte_group_io/data_in_dly_0
    ILOGIC_X1Y101        ISERDESE2                                    r  i_ddr/u_xlnx_mig_7_ddr3_mig/u_memc_ui_top_axi/mem_intfc0/ddr_phy_top0/u_ddr_mc_phy_wrapper/u_ddr_mc_phy/ddr_phy_4lanes_0.u_ddr_phy_4lanes/ddr_byte_lane_A.ddr_byte_lane_A/ddr_byte_group_io/input_[0].iserdes_dq_.iserdesdq/DDLY
  -------------------------------------------------------------------    -------------------

                         (clock u_memc_ui_top_axi/mem_intfc0/ddr_phy_top0/u_ddr_mc_phy_wrapper/u_ddr_mc_phy/ddr_phy_4lanes_0.u_ddr_phy_4lanes/ddr_byte_lane_A.ddr_byte_lane_A/iserdes_clk fall edge)
                                                      6.797     6.797 f  
    AD12                                              0.000     6.797 f  sys_clk_p (IN)
                         net (fo=0)                   0.000     6.797    i_ddr/u_xlnx_mig_7_ddr3_mig/u_ddr3_clk_ibuf/sys_clk_p
    AD12                 IBUFDS (Prop_ibufds_I_O)     0.735     7.532 f  i_ddr/u_xlnx_mig_7_ddr3_mig/u_ddr3_clk_ibuf/diff_input_clk.u_ibufg_sys_clk/O
                         net (fo=3, routed)           1.001     8.533    i_ddr/u_xlnx_mig_7_ddr3_mig/u_ddr3_infrastructure/out
    PLLE2_ADV_X1Y1       PLLE2_ADV (Prop_plle2_adv_CLKIN1_CLKOUT0)
                                                      0.073     8.606 f  i_ddr/u_xlnx_mig_7_ddr3_mig/u_ddr3_infrastructure/plle2_i/CLKOUT0
                         net (fo=14, routed)          1.076     9.682    i_ddr/u_xlnx_mig_7_ddr3_mig/u_memc_ui_top_axi/mem_intfc0/ddr_phy_top0/u_ddr_mc_phy_wrapper/u_ddr_mc_phy/ddr_phy_4lanes_0.u_ddr_phy_4lanes/ddr_byte_lane_A.ddr_byte_lane_A/freq_refclk
    PHASER_IN_PHY_X1Y8   PHASER_IN_PHY (Prop_phaser_in_phy_FREQREFCLK_ICLK)
                                                      1.394    11.076 f  i_ddr/u_xlnx_mig_7_ddr3_mig/u_memc_ui_top_axi/mem_intfc0/ddr_phy_top0/u_ddr_mc_phy_wrapper/u_ddr_mc_phy/ddr_phy_4lanes_0.u_ddr_phy_4lanes/ddr_byte_lane_A.ddr_byte_lane_A/phaser_in_gen.phaser_in/ICLK
                         net (fo=16, routed)          0.312    11.388    i_ddr/u_xlnx_mig_7_ddr3_mig/u_memc_ui_top_axi/mem_intfc0/ddr_phy_top0/u_ddr_mc_phy_wrapper/u_ddr_mc_phy/ddr_phy_4lanes_0.u_ddr_phy_4lanes/ddr_byte_lane_A.ddr_byte_lane_A/ddr_byte_group_io/CLKB0
    ILOGIC_X1Y101        ISERDESE2                                    r  i_ddr/u_xlnx_mig_7_ddr3_mig/u_memc_ui_top_axi/mem_intfc0/ddr_phy_top0/u_ddr_mc_phy_wrapper/u_ddr_mc_phy/ddr_phy_4lanes_0.u_ddr_phy_4lanes/ddr_byte_lane_A.ddr_byte_lane_A/ddr_byte_group_io/input_[0].iserdes_dq_.iserdesdq/CLKB  (IS_INVERTED)
                         clock pessimism              0.197    11.586    
                         clock uncertainty           -0.173    11.413    
    ILOGIC_X1Y101        ISERDESE2 (Setup_iserdese2_CLKB_DDLY)
                                                     -0.115    11.298    i_ddr/u_xlnx_mig_7_ddr3_mig/u_memc_ui_top_axi/mem_intfc0/ddr_phy_top0/u_ddr_mc_phy_wrapper/u_ddr_mc_phy/ddr_phy_4lanes_0.u_ddr_phy_4lanes/ddr_byte_lane_A.ddr_byte_lane_A/ddr_byte_group_io/input_[0].iserdes_dq_.iserdesdq
  -------------------------------------------------------------------
                         required time                         11.298    
                         arrival time                          -8.036    
  -------------------------------------------------------------------
                         slack                                  3.262    

Slack (MET) :             3.693ns  (required time - arrival time)
  Source:                 i_ddr/u_xlnx_mig_7_ddr3_mig/u_memc_ui_top_axi/mem_intfc0/mc0/mc_read_idle_r_reg/C
                            (rising edge-triggered cell FDRE clocked by clk_pll_i  {rise@0.000ns fall@2.500ns period=5.000ns})
  Destination:            i_ddr/u_xlnx_mig_7_ddr3_mig/u_memc_ui_top_axi/mem_intfc0/ddr_phy_top0/u_ddr_mc_phy_wrapper/u_ddr_mc_phy/ddr_phy_4lanes_0.u_ddr_phy_4lanes/ddr_byte_lane_C.ddr_byte_lane_C/ddr_byte_group_io/input_[8].iserdes_dq_.iserdesdq/DDLY
                            (falling edge-triggered cell ISERDESE2 clocked by u_memc_ui_top_axi/mem_intfc0/ddr_phy_top0/u_ddr_mc_phy_wrapper/u_ddr_mc_phy/ddr_phy_4lanes_0.u_ddr_phy_4lanes/ddr_byte_lane_C.ddr_byte_lane_C/iserdes_clk  {rise@1.172ns fall@1.797ns period=1.250ns})
  Path Group:             u_memc_ui_top_axi/mem_intfc0/ddr_phy_top0/u_ddr_mc_phy_wrapper/u_ddr_mc_phy/ddr_phy_4lanes_0.u_ddr_phy_4lanes/ddr_byte_lane_C.ddr_byte_lane_C/iserdes_clk
  Path Type:              Setup (Max at Slow Process Corner)
  Requirement:            6.797ns  (u_memc_ui_top_axi/mem_intfc0/ddr_phy_top0/u_ddr_mc_phy_wrapper/u_ddr_mc_phy/ddr_phy_4lanes_0.u_ddr_phy_4lanes/ddr_byte_lane_C.ddr_byte_lane_C/iserdes_clk fall@6.797ns - clk_pll_i rise@0.000ns)
  Data Path Delay:        3.837ns  (logic 2.342ns (61.044%)  route 1.495ns (38.956%))
  Logic Levels:           2  (IBUF_IBUFDISABLE=1 IDELAYE2_FINEDELAY=1)
  Clock Path Skew:        1.020ns (DCD - SCD + CPR)
    Destination Clock Delay (DCD):    4.570ns = ( 5.117 - 0.547 ) 
    Source Clock Delay      (SCD):    3.748ns
    Clock Pessimism Removal (CPR):    0.197ns
  Clock Uncertainty:      0.173ns  ((TSJ^2 + DJ^2)^1/2) / 2 + PE
    Total System Jitter     (TSJ):    0.071ns
    Discrete Jitter          (DJ):    0.076ns
    Phase Error              (PE):    0.121ns
  Timing Exception:       MultiCycle Path   Setup -end   6    

    Location             Delay type                Incr(ns)  Path(ns)    Netlist Resource(s)
  -------------------------------------------------------------------    -------------------
                         (clock clk_pll_i rise edge)
                                                      0.000     0.000 r  
    AD12                                              0.000     0.000 r  sys_clk_p (IN)
                         net (fo=0)                   0.000     0.000    i_ddr/u_xlnx_mig_7_ddr3_mig/u_ddr3_clk_ibuf/sys_clk_p
    AD12                 IBUFDS (Prop_ibufds_I_O)     0.832     0.832 r  i_ddr/u_xlnx_mig_7_ddr3_mig/u_ddr3_clk_ibuf/diff_input_clk.u_ibufg_sys_clk/O
                         net (fo=3, routed)           1.098     1.930    i_ddr/u_xlnx_mig_7_ddr3_mig/u_ddr3_infrastructure/out
    PLLE2_ADV_X1Y1       PLLE2_ADV (Prop_plle2_adv_CLKIN1_CLKOUT3)
                                                      0.077     2.007 r  i_ddr/u_xlnx_mig_7_ddr3_mig/u_ddr3_infrastructure/plle2_i/CLKOUT3
                         net (fo=1, routed)           1.155     3.162    i_ddr/u_xlnx_mig_7_ddr3_mig/u_ddr3_infrastructure/pll_clk3_out
    BUFHCE_X1Y12         BUFH (Prop_bufh_I_O)         0.103     3.265 r  i_ddr/u_xlnx_mig_7_ddr3_mig/u_ddr3_infrastructure/u_bufh_pll_clk3/O
                         net (fo=1, routed)           0.790     4.055    i_ddr/u_xlnx_mig_7_ddr3_mig/u_ddr3_infrastructure/pll_clk3
    MMCME2_ADV_X1Y1      MMCME2_ADV (Prop_mmcme2_adv_CLKIN1_CLKFBOUT)
                                                     -3.987     0.068 r  i_ddr/u_xlnx_mig_7_ddr3_mig/u_ddr3_infrastructure/gen_mmcm.mmcm_i/CLKFBOUT
                         net (fo=1, routed)           2.130     2.198    i_ddr/u_xlnx_mig_7_ddr3_mig/u_ddr3_infrastructure/clk_pll_i
    BUFGCTRL_X0Y1        BUFG (Prop_bufg_I_O)         0.093     2.291 r  i_ddr/u_xlnx_mig_7_ddr3_mig/u_ddr3_infrastructure/u_bufg_clkdiv0/O
                         net (fo=11414, routed)       1.457     3.748    i_ddr/u_xlnx_mig_7_ddr3_mig/u_memc_ui_top_axi/mem_intfc0/mc0/CLK
    SLICE_X141Y123       FDRE                                         r  i_ddr/u_xlnx_mig_7_ddr3_mig/u_memc_ui_top_axi/mem_intfc0/mc0/mc_read_idle_r_reg/C
  -------------------------------------------------------------------    -------------------
    SLICE_X141Y123       FDRE (Prop_fdre_C_Q)         0.223     3.971 r  i_ddr/u_xlnx_mig_7_ddr3_mig/u_memc_ui_top_axi/mem_intfc0/mc0/mc_read_idle_r_reg/Q
                         net (fo=72, routed)          1.495     5.465    i_ddr/u_xlnx_mig_7_ddr3_mig/u_memc_ui_top_axi/mem_intfc0/ddr_phy_top0/u_ddr_mc_phy_wrapper/gen_dq_iobuf_HP.gen_dq_iobuf[8].u_iobuf_dq/IBUFDISABLE
    AF2                  IBUF_IBUFDISABLE (Prop_ibuf_ibufdisable_IBUFDISABLE_O)
                                                      1.453     6.918 r  i_ddr/u_xlnx_mig_7_ddr3_mig/u_memc_ui_top_axi/mem_intfc0/ddr_phy_top0/u_ddr_mc_phy_wrapper/gen_dq_iobuf_HP.gen_dq_iobuf[8].u_iobuf_dq/IBUF/O
                         net (fo=2, routed)           0.000     6.918    i_ddr/u_xlnx_mig_7_ddr3_mig/u_memc_ui_top_axi/mem_intfc0/ddr_phy_top0/u_ddr_mc_phy_wrapper/u_ddr_mc_phy/ddr_phy_4lanes_0.u_ddr_phy_4lanes/ddr_byte_lane_C.ddr_byte_lane_C/ddr_byte_group_io/mem_dq_in[7]
    IDELAY_X1Y135        IDELAYE2_FINEDELAY (Prop_idelaye2_finedelay_IDATAIN_DATAOUT)
                                                      0.666     7.584 r  i_ddr/u_xlnx_mig_7_ddr3_mig/u_memc_ui_top_axi/mem_intfc0/ddr_phy_top0/u_ddr_mc_phy_wrapper/u_ddr_mc_phy/ddr_phy_4lanes_0.u_ddr_phy_4lanes/ddr_byte_lane_C.ddr_byte_lane_C/ddr_byte_group_io/input_[8].iserdes_dq_.idelay_finedelay_dq.idelaye2/DATAOUT
                         net (fo=1, routed)           0.000     7.584    i_ddr/u_xlnx_mig_7_ddr3_mig/u_memc_ui_top_axi/mem_intfc0/ddr_phy_top0/u_ddr_mc_phy_wrapper/u_ddr_mc_phy/ddr_phy_4lanes_0.u_ddr_phy_4lanes/ddr_byte_lane_C.ddr_byte_lane_C/ddr_byte_group_io/data_in_dly_8
    ILOGIC_X1Y135        ISERDESE2                                    r  i_ddr/u_xlnx_mig_7_ddr3_mig/u_memc_ui_top_axi/mem_intfc0/ddr_phy_top0/u_ddr_mc_phy_wrapper/u_ddr_mc_phy/ddr_phy_4lanes_0.u_ddr_phy_4lanes/ddr_byte_lane_C.ddr_byte_lane_C/ddr_byte_group_io/input_[8].iserdes_dq_.iserdesdq/DDLY
  -------------------------------------------------------------------    -------------------

                         (clock u_memc_ui_top_axi/mem_intfc0/ddr_phy_top0/u_ddr_mc_phy_wrapper/u_ddr_mc_phy/ddr_phy_4lanes_0.u_ddr_phy_4lanes/ddr_byte_lane_C.ddr_byte_lane_C/iserdes_clk fall edge)
                                                      6.797     6.797 f  
    AD12                                              0.000     6.797 f  sys_clk_p (IN)
                         net (fo=0)                   0.000     6.797    i_ddr/u_xlnx_mig_7_ddr3_mig/u_ddr3_clk_ibuf/sys_clk_p
    AD12                 IBUFDS (Prop_ibufds_I_O)     0.735     7.532 f  i_ddr/u_xlnx_mig_7_ddr3_mig/u_ddr3_clk_ibuf/diff_input_clk.u_ibufg_sys_clk/O
                         net (fo=3, routed)           1.001     8.533    i_ddr/u_xlnx_mig_7_ddr3_mig/u_ddr3_infrastructure/out
    PLLE2_ADV_X1Y1       PLLE2_ADV (Prop_plle2_adv_CLKIN1_CLKOUT0)
                                                      0.073     8.606 f  i_ddr/u_xlnx_mig_7_ddr3_mig/u_ddr3_infrastructure/plle2_i/CLKOUT0
                         net (fo=14, routed)          1.065     9.671    i_ddr/u_xlnx_mig_7_ddr3_mig/u_memc_ui_top_axi/mem_intfc0/ddr_phy_top0/u_ddr_mc_phy_wrapper/u_ddr_mc_phy/ddr_phy_4lanes_0.u_ddr_phy_4lanes/ddr_byte_lane_C.ddr_byte_lane_C/freq_refclk
    PHASER_IN_PHY_X1Y10  PHASER_IN_PHY (Prop_phaser_in_phy_FREQREFCLK_ICLK)
                                                      1.394    11.065 f  i_ddr/u_xlnx_mig_7_ddr3_mig/u_memc_ui_top_axi/mem_intfc0/ddr_phy_top0/u_ddr_mc_phy_wrapper/u_ddr_mc_phy/ddr_phy_4lanes_0.u_ddr_phy_4lanes/ddr_byte_lane_C.ddr_byte_lane_C/phaser_in_gen.phaser_in/ICLK
                         net (fo=16, routed)          0.302    11.367    i_ddr/u_xlnx_mig_7_ddr3_mig/u_memc_ui_top_axi/mem_intfc0/ddr_phy_top0/u_ddr_mc_phy_wrapper/u_ddr_mc_phy/ddr_phy_4lanes_0.u_ddr_phy_4lanes/ddr_byte_lane_C.ddr_byte_lane_C/ddr_byte_group_io/CLKB0_8
    ILOGIC_X1Y135        ISERDESE2                                    r  i_ddr/u_xlnx_mig_7_ddr3_mig/u_memc_ui_top_axi/mem_intfc0/ddr_phy_top0/u_ddr_mc_phy_wrapper/u_ddr_mc_phy/ddr_phy_4lanes_0.u_ddr_phy_4lanes/ddr_byte_lane_C.ddr_byte_lane_C/ddr_byte_group_io/input_[8].iserdes_dq_.iserdesdq/CLKB  (IS_INVERTED)
                         clock pessimism              0.197    11.565    
                         clock uncertainty           -0.173    11.392    
    ILOGIC_X1Y135        ISERDESE2 (Setup_iserdese2_CLKB_DDLY)
                                                     -0.115    11.277    i_ddr/u_xlnx_mig_7_ddr3_mig/u_memc_ui_top_axi/mem_intfc0/ddr_phy_top0/u_ddr_mc_phy_wrapper/u_ddr_mc_phy/ddr_phy_4lanes_0.u_ddr_phy_4lanes/ddr_byte_lane_C.ddr_byte_lane_C/ddr_byte_group_io/input_[8].iserdes_dq_.iserdesdq
  -------------------------------------------------------------------
                         required time                         11.277    
                         arrival time                          -7.584    
  -------------------------------------------------------------------
                         slack                                  3.693    

Slack (MET) :             4.181ns  (required time - arrival time)
  Source:                 i_ddr/u_xlnx_mig_7_ddr3_mig/u_memc_ui_top_axi/mem_intfc0/mc0/mc_read_idle_r_reg/C
                            (rising edge-triggered cell FDRE clocked by clk_pll_i  {rise@0.000ns fall@2.500ns period=5.000ns})
  Destination:            i_ddr/u_xlnx_mig_7_ddr3_mig/u_memc_ui_top_axi/mem_intfc0/ddr_phy_top0/u_ddr_mc_phy_wrapper/u_ddr_mc_phy/ddr_phy_4lanes_0.u_ddr_phy_4lanes/ddr_byte_lane_B.ddr_byte_lane_B/ddr_byte_group_io/input_[1].iserdes_dq_.iserdesdq/DDLY
                            (falling edge-triggered cell ISERDESE2 clocked by u_memc_ui_top_axi/mem_intfc0/ddr_phy_top0/u_ddr_mc_phy_wrapper/u_ddr_mc_phy/ddr_phy_4lanes_0.u_ddr_phy_4lanes/ddr_byte_lane_B.ddr_byte_lane_B/iserdes_clk  {rise@1.172ns fall@1.797ns period=1.250ns})
  Path Group:             u_memc_ui_top_axi/mem_intfc0/ddr_phy_top0/u_ddr_mc_phy_wrapper/u_ddr_mc_phy/ddr_phy_4lanes_0.u_ddr_phy_4lanes/ddr_byte_lane_B.ddr_byte_lane_B/iserdes_clk
  Path Type:              Setup (Max at Slow Process Corner)
  Requirement:            6.797ns  (u_memc_ui_top_axi/mem_intfc0/ddr_phy_top0/u_ddr_mc_phy_wrapper/u_ddr_mc_phy/ddr_phy_4lanes_0.u_ddr_phy_4lanes/ddr_byte_lane_B.ddr_byte_lane_B/iserdes_clk fall@6.797ns - clk_pll_i rise@0.000ns)
  Data Path Delay:        3.356ns  (logic 2.342ns (69.780%)  route 1.014ns (30.220%))
  Logic Levels:           2  (IBUF_IBUFDISABLE=1 IDELAYE2_FINEDELAY=1)
  Clock Path Skew:        1.028ns (DCD - SCD + CPR)
    Destination Clock Delay (DCD):    4.578ns = ( 5.125 - 0.547 ) 
    Source Clock Delay      (SCD):    3.748ns
    Clock Pessimism Removal (CPR):    0.197ns
  Clock Uncertainty:      0.173ns  ((TSJ^2 + DJ^2)^1/2) / 2 + PE
    Total System Jitter     (TSJ):    0.071ns
    Discrete Jitter          (DJ):    0.076ns
    Phase Error              (PE):    0.121ns
  Timing Exception:       MultiCycle Path   Setup -end   6    

    Location             Delay type                Incr(ns)  Path(ns)    Netlist Resource(s)
  -------------------------------------------------------------------    -------------------
                         (clock clk_pll_i rise edge)
                                                      0.000     0.000 r  
    AD12                                              0.000     0.000 r  sys_clk_p (IN)
                         net (fo=0)                   0.000     0.000    i_ddr/u_xlnx_mig_7_ddr3_mig/u_ddr3_clk_ibuf/sys_clk_p
    AD12                 IBUFDS (Prop_ibufds_I_O)     0.832     0.832 r  i_ddr/u_xlnx_mig_7_ddr3_mig/u_ddr3_clk_ibuf/diff_input_clk.u_ibufg_sys_clk/O
                         net (fo=3, routed)           1.098     1.930    i_ddr/u_xlnx_mig_7_ddr3_mig/u_ddr3_infrastructure/out
    PLLE2_ADV_X1Y1       PLLE2_ADV (Prop_plle2_adv_CLKIN1_CLKOUT3)
                                                      0.077     2.007 r  i_ddr/u_xlnx_mig_7_ddr3_mig/u_ddr3_infrastructure/plle2_i/CLKOUT3
                         net (fo=1, routed)           1.155     3.162    i_ddr/u_xlnx_mig_7_ddr3_mig/u_ddr3_infrastructure/pll_clk3_out
    BUFHCE_X1Y12         BUFH (Prop_bufh_I_O)         0.103     3.265 r  i_ddr/u_xlnx_mig_7_ddr3_mig/u_ddr3_infrastructure/u_bufh_pll_clk3/O
                         net (fo=1, routed)           0.790     4.055    i_ddr/u_xlnx_mig_7_ddr3_mig/u_ddr3_infrastructure/pll_clk3
    MMCME2_ADV_X1Y1      MMCME2_ADV (Prop_mmcme2_adv_CLKIN1_CLKFBOUT)
                                                     -3.987     0.068 r  i_ddr/u_xlnx_mig_7_ddr3_mig/u_ddr3_infrastructure/gen_mmcm.mmcm_i/CLKFBOUT
                         net (fo=1, routed)           2.130     2.198    i_ddr/u_xlnx_mig_7_ddr3_mig/u_ddr3_infrastructure/clk_pll_i
    BUFGCTRL_X0Y1        BUFG (Prop_bufg_I_O)         0.093     2.291 r  i_ddr/u_xlnx_mig_7_ddr3_mig/u_ddr3_infrastructure/u_bufg_clkdiv0/O
                         net (fo=11414, routed)       1.457     3.748    i_ddr/u_xlnx_mig_7_ddr3_mig/u_memc_ui_top_axi/mem_intfc0/mc0/CLK
    SLICE_X141Y123       FDRE                                         r  i_ddr/u_xlnx_mig_7_ddr3_mig/u_memc_ui_top_axi/mem_intfc0/mc0/mc_read_idle_r_reg/C
  -------------------------------------------------------------------    -------------------
    SLICE_X141Y123       FDRE (Prop_fdre_C_Q)         0.223     3.971 r  i_ddr/u_xlnx_mig_7_ddr3_mig/u_memc_ui_top_axi/mem_intfc0/mc0/mc_read_idle_r_reg/Q
                         net (fo=72, routed)          1.014     4.985    i_ddr/u_xlnx_mig_7_ddr3_mig/u_memc_ui_top_axi/mem_intfc0/ddr_phy_top0/u_ddr_mc_phy_wrapper/gen_dq_iobuf_HP.gen_dq_iobuf[23].u_iobuf_dq/IBUFDISABLE
    AJ3                  IBUF_IBUFDISABLE (Prop_ibuf_ibufdisable_IBUFDISABLE_O)
                                                      1.453     6.438 r  i_ddr/u_xlnx_mig_7_ddr3_mig/u_memc_ui_top_axi/mem_intfc0/ddr_phy_top0/u_ddr_mc_phy_wrapper/gen_dq_iobuf_HP.gen_dq_iobuf[23].u_iobuf_dq/IBUF/O
                         net (fo=2, routed)           0.000     6.438    i_ddr/u_xlnx_mig_7_ddr3_mig/u_memc_ui_top_axi/mem_intfc0/ddr_phy_top0/u_ddr_mc_phy_wrapper/u_ddr_mc_phy/ddr_phy_4lanes_0.u_ddr_phy_4lanes/ddr_byte_lane_B.ddr_byte_lane_B/ddr_byte_group_io/mem_dq_in[0]
    IDELAY_X1Y114        IDELAYE2_FINEDELAY (Prop_idelaye2_finedelay_IDATAIN_DATAOUT)
                                                      0.666     7.104 r  i_ddr/u_xlnx_mig_7_ddr3_mig/u_memc_ui_top_axi/mem_intfc0/ddr_phy_top0/u_ddr_mc_phy_wrapper/u_ddr_mc_phy/ddr_phy_4lanes_0.u_ddr_phy_4lanes/ddr_byte_lane_B.ddr_byte_lane_B/ddr_byte_group_io/input_[1].iserdes_dq_.idelay_finedelay_dq.idelaye2/DATAOUT
                         net (fo=1, routed)           0.000     7.104    i_ddr/u_xlnx_mig_7_ddr3_mig/u_memc_ui_top_axi/mem_intfc0/ddr_phy_top0/u_ddr_mc_phy_wrapper/u_ddr_mc_phy/ddr_phy_4lanes_0.u_ddr_phy_4lanes/ddr_byte_lane_B.ddr_byte_lane_B/ddr_byte_group_io/data_in_dly_1
    ILOGIC_X1Y114        ISERDESE2                                    r  i_ddr/u_xlnx_mig_7_ddr3_mig/u_memc_ui_top_axi/mem_intfc0/ddr_phy_top0/u_ddr_mc_phy_wrapper/u_ddr_mc_phy/ddr_phy_4lanes_0.u_ddr_phy_4lanes/ddr_byte_lane_B.ddr_byte_lane_B/ddr_byte_group_io/input_[1].iserdes_dq_.iserdesdq/DDLY
  -------------------------------------------------------------------    -------------------

                         (clock u_memc_ui_top_axi/mem_intfc0/ddr_phy_top0/u_ddr_mc_phy_wrapper/u_ddr_mc_phy/ddr_phy_4lanes_0.u_ddr_phy_4lanes/ddr_byte_lane_B.ddr_byte_lane_B/iserdes_clk fall edge)
                                                      6.797     6.797 f  
    AD12                                              0.000     6.797 f  sys_clk_p (IN)
                         net (fo=0)                   0.000     6.797    i_ddr/u_xlnx_mig_7_ddr3_mig/u_ddr3_clk_ibuf/sys_clk_p
    AD12                 IBUFDS (Prop_ibufds_I_O)     0.735     7.532 f  i_ddr/u_xlnx_mig_7_ddr3_mig/u_ddr3_clk_ibuf/diff_input_clk.u_ibufg_sys_clk/O
                         net (fo=3, routed)           1.001     8.533    i_ddr/u_xlnx_mig_7_ddr3_mig/u_ddr3_infrastructure/out
    PLLE2_ADV_X1Y1       PLLE2_ADV (Prop_plle2_adv_CLKIN1_CLKOUT0)
                                                      0.073     8.606 f  i_ddr/u_xlnx_mig_7_ddr3_mig/u_ddr3_infrastructure/plle2_i/CLKOUT0
                         net (fo=14, routed)          1.075     9.681    i_ddr/u_xlnx_mig_7_ddr3_mig/u_memc_ui_top_axi/mem_intfc0/ddr_phy_top0/u_ddr_mc_phy_wrapper/u_ddr_mc_phy/ddr_phy_4lanes_0.u_ddr_phy_4lanes/ddr_byte_lane_B.ddr_byte_lane_B/freq_refclk
    PHASER_IN_PHY_X1Y9   PHASER_IN_PHY (Prop_phaser_in_phy_FREQREFCLK_ICLK)
                                                      1.394    11.075 f  i_ddr/u_xlnx_mig_7_ddr3_mig/u_memc_ui_top_axi/mem_intfc0/ddr_phy_top0/u_ddr_mc_phy_wrapper/u_ddr_mc_phy/ddr_phy_4lanes_0.u_ddr_phy_4lanes/ddr_byte_lane_B.ddr_byte_lane_B/phaser_in_gen.phaser_in/ICLK
                         net (fo=16, routed)          0.300    11.375    i_ddr/u_xlnx_mig_7_ddr3_mig/u_memc_ui_top_axi/mem_intfc0/ddr_phy_top0/u_ddr_mc_phy_wrapper/u_ddr_mc_phy/ddr_phy_4lanes_0.u_ddr_phy_4lanes/ddr_byte_lane_B.ddr_byte_lane_B/ddr_byte_group_io/CLKB0_7
    ILOGIC_X1Y114        ISERDESE2                                    r  i_ddr/u_xlnx_mig_7_ddr3_mig/u_memc_ui_top_axi/mem_intfc0/ddr_phy_top0/u_ddr_mc_phy_wrapper/u_ddr_mc_phy/ddr_phy_4lanes_0.u_ddr_phy_4lanes/ddr_byte_lane_B.ddr_byte_lane_B/ddr_byte_group_io/input_[1].iserdes_dq_.iserdesdq/CLKB  (IS_INVERTED)
                         clock pessimism              0.197    11.573    
                         clock uncertainty           -0.173    11.400    
    ILOGIC_X1Y114        ISERDESE2 (Setup_iserdese2_CLKB_DDLY)
                                                     -0.115    11.285    i_ddr/u_xlnx_mig_7_ddr3_mig/u_memc_ui_top_axi/mem_intfc0/ddr_phy_top0/u_ddr_mc_phy_wrapper/u_ddr_mc_phy/ddr_phy_4lanes_0.u_ddr_phy_4lanes/ddr_byte_lane_B.ddr_byte_lane_B/ddr_byte_group_io/input_[1].iserdes_dq_.iserdesdq
  -------------------------------------------------------------------
                         required time                         11.285    
                         arrival time                          -7.104    
  -------------------------------------------------------------------
                         slack                                  4.181    

Slack (MET) :             5.093ns  (required time - arrival time)
  Source:                 i_ariane_peripherals/gen_ethernet.eth_rgmii/rgmii_soc1/core_inst/eth_mac_inst/eth_mac_1g_rgmii_inst/eth_mac_1g_inst/axis_gmii_rx_inst/gmii_rxd_d4_reg[0]__0/C
                            (rising edge-triggered cell FDRE clocked by eth_rxck  {rise@0.000ns fall@4.000ns period=8.000ns})
  Destination:            i_ariane_peripherals/gen_ethernet.eth_rgmii/rgmii_soc1/core_inst/eth_mac_inst/eth_mac_1g_rgmii_inst/eth_mac_1g_inst/axis_gmii_rx_inst/fcs_reg_reg[17]/D
                            (rising edge-triggered cell FDSE clocked by eth_rxck  {rise@0.000ns fall@4.000ns period=8.000ns})
  Path Group:             eth_rxck
  Path Type:              Setup (Max at Slow Process Corner)
  Requirement:            8.000ns  (eth_rxck rise@8.000ns - eth_rxck rise@0.000ns)
  Data Path Delay:        2.881ns  (logic 0.431ns (14.961%)  route 2.450ns (85.039%))
  Logic Levels:           4  (LUT2=1 LUT4=1 LUT5=1 LUT6=1)
  Clock Path Skew:        -0.025ns (DCD - SCD + CPR)
    Destination Clock Delay (DCD):    1.793ns = ( 9.793 - 8.000 ) 
    Source Clock Delay      (SCD):    2.058ns
    Clock Pessimism Removal (CPR):    0.240ns
  Clock Uncertainty:      0.035ns  ((TSJ^2 + TIJ^2)^1/2 + DJ) / 2 + PE
    Total System Jitter     (TSJ):    0.071ns
    Total Input Jitter      (TIJ):    0.000ns
    Discrete Jitter          (DJ):    0.000ns
    Phase Error              (PE):    0.000ns

    Location             Delay type                Incr(ns)  Path(ns)    Netlist Resource(s)
  -------------------------------------------------------------------    -------------------
                         (clock eth_rxck rise edge)
                                                      0.000     0.000 r  
    AG10                                              0.000     0.000 r  eth_rxck (IN)
                         net (fo=0)                   0.000     0.000    eth_rxck
    AG10                 IBUF (Prop_ibuf_I_O)         0.736     0.736 r  eth_rxck_IBUF_inst/O
                         net (fo=2, routed)           0.428     1.164    i_ariane_peripherals/gen_ethernet.eth_rgmii/rgmii_soc1/core_inst/eth_mac_inst/eth_mac_1g_rgmii_inst/rgmii_phy_if_inst/rx_ssio_ddr_inst/input_clk
    BUFR_X1Y5            BUFR (Prop_bufr_I_O)         0.314     1.478 r  i_ariane_peripherals/gen_ethernet.eth_rgmii/rgmii_soc1/core_inst/eth_mac_inst/eth_mac_1g_rgmii_inst/rgmii_phy_if_inst/rx_ssio_ddr_inst/clk_bufr/O
                         net (fo=210, routed)         0.580     2.058    i_ariane_peripherals/gen_ethernet.eth_rgmii/rgmii_soc1/core_inst/eth_mac_inst/eth_mac_1g_rgmii_inst/eth_mac_1g_inst/axis_gmii_rx_inst/output_clk
    SLICE_X148Y57        FDRE                                         r  i_ariane_peripherals/gen_ethernet.eth_rgmii/rgmii_soc1/core_inst/eth_mac_inst/eth_mac_1g_rgmii_inst/eth_mac_1g_inst/axis_gmii_rx_inst/gmii_rxd_d4_reg[0]__0/C
  -------------------------------------------------------------------    -------------------
    SLICE_X148Y57        FDRE (Prop_fdre_C_Q)         0.259     2.317 r  i_ariane_peripherals/gen_ethernet.eth_rgmii/rgmii_soc1/core_inst/eth_mac_inst/eth_mac_1g_rgmii_inst/eth_mac_1g_inst/axis_gmii_rx_inst/gmii_rxd_d4_reg[0]__0/Q
                         net (fo=16, routed)          0.900     3.217    i_ariane_peripherals/gen_ethernet.eth_rgmii/rgmii_soc1/core_inst/eth_mac_inst/eth_mac_1g_rgmii_inst/eth_mac_1g_inst/axis_gmii_rx_inst/gmii_rxd_d4_reg[0]__0_n_0
    SLICE_X141Y53        LUT2 (Prop_lut2_I0_O)        0.043     3.260 r  i_ariane_peripherals/gen_ethernet.eth_rgmii/rgmii_soc1/core_inst/eth_mac_inst/eth_mac_1g_rgmii_inst/eth_mac_1g_inst/axis_gmii_rx_inst/crc_state[13]_i_2/O
                         net (fo=2, routed)           0.447     3.707    i_ariane_peripherals/gen_ethernet.eth_rgmii/rgmii_soc1/core_inst/eth_mac_inst/eth_mac_1g_rgmii_inst/eth_mac_1g_inst/axis_gmii_rx_inst/crc_state[13]_i_2_n_0
    SLICE_X140Y54        LUT6 (Prop_lut6_I5_O)        0.043     3.750 r  i_ariane_peripherals/gen_ethernet.eth_rgmii/rgmii_soc1/core_inst/eth_mac_inst/eth_mac_1g_rgmii_inst/eth_mac_1g_inst/axis_gmii_rx_inst/crc_state[17]_i_2__0/O
                         net (fo=1, routed)           0.522     4.273    i_ariane_peripherals/gen_ethernet.eth_rgmii/rgmii_soc1/core_inst/eth_mac_inst/eth_mac_1g_rgmii_inst/eth_mac_1g_inst/axis_gmii_rx_inst/crc_state[17]_i_2__0_n_0
    SLICE_X140Y55        LUT5 (Prop_lut5_I4_O)        0.043     4.316 r  i_ariane_peripherals/gen_ethernet.eth_rgmii/rgmii_soc1/core_inst/eth_mac_inst/eth_mac_1g_rgmii_inst/eth_mac_1g_inst/axis_gmii_rx_inst/crc_state[17]_i_1__0/O
                         net (fo=2, routed)           0.580     4.896    i_ariane_peripherals/gen_ethernet.eth_rgmii/rgmii_soc1/core_inst/eth_mac_inst/eth_mac_1g_rgmii_inst/eth_mac_1g_inst/axis_gmii_rx_inst/eth_crc_8/state_out63
    SLICE_X147Y56        LUT4 (Prop_lut4_I3_O)        0.043     4.939 r  i_ariane_peripherals/gen_ethernet.eth_rgmii/rgmii_soc1/core_inst/eth_mac_inst/eth_mac_1g_rgmii_inst/eth_mac_1g_inst/axis_gmii_rx_inst/fcs_reg[17]_i_1/O
                         net (fo=1, routed)           0.000     4.939    i_ariane_peripherals/gen_ethernet.eth_rgmii/rgmii_soc1/core_inst/eth_mac_inst/eth_mac_1g_rgmii_inst/eth_mac_1g_inst/axis_gmii_rx_inst/fcs_next0_in[17]
    SLICE_X147Y56        FDSE                                         r  i_ariane_peripherals/gen_ethernet.eth_rgmii/rgmii_soc1/core_inst/eth_mac_inst/eth_mac_1g_rgmii_inst/eth_mac_1g_inst/axis_gmii_rx_inst/fcs_reg_reg[17]/D
  -------------------------------------------------------------------    -------------------

                         (clock eth_rxck rise edge)
                                                      8.000     8.000 r  
    AG10                                              0.000     8.000 r  eth_rxck (IN)
                         net (fo=0)                   0.000     8.000    eth_rxck
    AG10                 IBUF (Prop_ibuf_I_O)         0.630     8.630 r  eth_rxck_IBUF_inst/O
                         net (fo=2, routed)           0.351     8.981    i_ariane_peripherals/gen_ethernet.eth_rgmii/rgmii_soc1/core_inst/eth_mac_inst/eth_mac_1g_rgmii_inst/rgmii_phy_if_inst/rx_ssio_ddr_inst/input_clk
    BUFR_X1Y5            BUFR (Prop_bufr_I_O)         0.289     9.270 r  i_ariane_peripherals/gen_ethernet.eth_rgmii/rgmii_soc1/core_inst/eth_mac_inst/eth_mac_1g_rgmii_inst/rgmii_phy_if_inst/rx_ssio_ddr_inst/clk_bufr/O
                         net (fo=210, routed)         0.523     9.793    i_ariane_peripherals/gen_ethernet.eth_rgmii/rgmii_soc1/core_inst/eth_mac_inst/eth_mac_1g_rgmii_inst/eth_mac_1g_inst/axis_gmii_rx_inst/output_clk
    SLICE_X147Y56        FDSE                                         r  i_ariane_peripherals/gen_ethernet.eth_rgmii/rgmii_soc1/core_inst/eth_mac_inst/eth_mac_1g_rgmii_inst/eth_mac_1g_inst/axis_gmii_rx_inst/fcs_reg_reg[17]/C
                         clock pessimism              0.240    10.033    
                         clock uncertainty           -0.035     9.997    
    SLICE_X147Y56        FDSE (Setup_fdse_C_D)        0.034    10.031    i_ariane_peripherals/gen_ethernet.eth_rgmii/rgmii_soc1/core_inst/eth_mac_inst/eth_mac_1g_rgmii_inst/eth_mac_1g_inst/axis_gmii_rx_inst/fcs_reg_reg[17]
  -------------------------------------------------------------------
                         required time                         10.031    
                         arrival time                          -4.939    
  -------------------------------------------------------------------
                         slack                                  5.093    




